Nº;Data de competência;Data de vencimento;Data de pagamento;Situação;Descrição;Cliente/fornecedor;Categoria;Canal;Grupo do DRE;Linha do DRE;Linha do fluxo de caixa;Forma de pagamento;Valor (R$);Mês de competência;Mês de caixa
1;01/08/2025;01/09/2025;01/09/2025;Recebido;Vendas do salão em 01/08/25: cartão de crédito;Operadora da maquininha;Vendas salão (cartão de crédito);Salão;Receita bruta;Salão;Recebimentos do salão;Cartão de crédito;4992,53;2025-08;2025-09
2;01/08/2025;01/09/2025;01/09/2025;Pago;Compra de laticínios: NF 45016;Laticínios Vale Serrano;Laticínios;Geral;Custos variáveis;CMV (insumos);Fornecedores (insumos e embalagens);Boleto;-1373,07;2025-08;2025-09
3;01/08/2025;01/09/2025;01/09/2025;Pago;Taxa da maquininha sobre as vendas de 01/08/25;Operadora da maquininha;Taxas da maquininha (3%);Salão;Custos variáveis;Taxas de cartão;Recebimentos do salão;Descontada no repasse do cartão;-229,37;2025-08;2025-09
4;02/08/2025;02/09/2025;02/09/2025;Recebido;Vendas do salão em 02/08/25: cartão de crédito;Operadora da maquininha;Vendas salão (cartão de crédito);Salão;Receita bruta;Salão;Recebimentos do salão;Cartão de crédito;4664,89;2025-08;2025-09
5;02/08/2025;02/09/2025;02/09/2025;Pago;Compra de hortifrúti: NF 21044;Hortifrúti Bom Plantio;Hortifrúti;Geral;Custos variáveis;CMV (insumos);Fornecedores (insumos e embalagens);Boleto;-487,89;2025-08;2025-09
6;02/08/2025;02/09/2025;02/09/2025;Pago;Taxa da maquininha sobre as vendas de 02/08/25;Operadora da maquininha;Taxas da maquininha (3%);Salão;Custos variáveis;Taxas de cartão;Recebimentos do salão;Descontada no repasse do cartão;-233,51;2025-08;2025-09
7;03/08/2025;03/09/2025;03/09/2025;Recebido;Vendas do salão em 03/08/25: cartão de crédito;Operadora da maquininha;Vendas salão (cartão de crédito);Salão;Receita bruta;Salão;Recebimentos do salão;Cartão de crédito;4854,82;2025-08;2025-09
8;03/08/2025;03/09/2025;03/09/2025;Pago;Taxa da maquininha sobre as vendas de 03/08/25;Operadora da maquininha;Taxas da maquininha (3%);Salão;Custos variáveis;Taxas de cartão;Recebimentos do salão;Descontada no repasse do cartão;-238,88;2025-08;2025-09
9;05/08/2025;05/09/2025;05/09/2025;Recebido;Vendas do salão em 05/08/25: cartão de crédito;Operadora da maquininha;Vendas salão (cartão de crédito);Salão;Receita bruta;Salão;Recebimentos do salão;Cartão de crédito;2592,65;2025-08;2025-09
10;05/08/2025;05/09/2025;05/09/2025;Pago;Compra de laticínios: NF 45059;Laticínios Vale Serrano;Laticínios;Geral;Custos variáveis;CMV (insumos);Fornecedores (insumos e embalagens);Boleto;-1519,17;2025-08;2025-09
11;05/08/2025;05/09/2025;05/09/2025;Pago;Compra de hortifrúti: NF 21106;Hortifrúti Bom Plantio;Hortifrúti;Geral;Custos variáveis;CMV (insumos);Fornecedores (insumos e embalagens);Boleto;-505,00;2025-08;2025-09
12;05/08/2025;05/09/2025;05/09/2025;Pago;Taxa da maquininha sobre as vendas de 05/08/25;Operadora da maquininha;Taxas da maquininha (3%);Salão;Custos variáveis;Taxas de cartão;Recebimentos do salão;Descontada no repasse do cartão;-122,17;2025-08;2025-09
13;06/08/2025;06/09/2025;08/09/2025;Recebido;Vendas do salão em 06/08/25: cartão de crédito;Operadora da maquininha;Vendas salão (cartão de crédito);Salão;Receita bruta;Salão;Recebimentos do salão;Cartão de crédito;2814,48;2025-08;2025-09
14;06/08/2025;06/09/2025;08/09/2025;Pago;Compra de carnes e aves: NF 23939;Frigorífico Serra Nobre;Carnes e aves;Geral;Custos variáveis;CMV (insumos);Fornecedores (insumos e embalagens);Boleto;-2467,02;2025-08;2025-09
15;06/08/2025;06/09/2025;08/09/2025;Pago;Compra de bebidas: NF 34508;Adega & Cia Bebidas;Bebidas;Geral;Custos variáveis;CMV (insumos);Fornecedores (insumos e embalagens);Boleto;-5276,56;2025-08;2025-09
16;06/08/2025;06/09/2025;08/09/2025;Pago;Taxa da maquininha sobre as vendas de 06/08/25;Operadora da maquininha;Taxas da maquininha (3%);Salão;Custos variáveis;Taxas de cartão;Recebimentos do salão;Descontada no repasse do cartão;-139,68;2025-08;2025-09
17;07/08/2025;07/09/2025;08/09/2025;Recebido;Vendas do salão em 07/08/25: cartão de crédito;Operadora da maquininha;Vendas salão (cartão de crédito);Salão;Receita bruta;Salão;Recebimentos do salão;Cartão de crédito;2682,93;2025-08;2025-09
18;07/08/2025;07/09/2025;08/09/2025;Pago;Compra de hortifrúti: NF 21187;Hortifrúti Bom Plantio;Hortifrúti;Geral;Custos variáveis;CMV (insumos);Fornecedores (insumos e embalagens);Boleto;-514,85;2025-08;2025-09
19;07/08/2025;07/09/2025;08/09/2025;Pago;Compra de mercearia: NF 23672;Empório Grão Fino;Mercearia (massas, grãos e secos);Geral;Custos variáveis;CMV (insumos);Fornecedores (insumos e embalagens);Boleto;-4659,97;2025-08;2025-09
20;07/08/2025;07/09/2025;08/09/2025;Pago;Taxa da maquininha sobre as vendas de 07/08/25;Operadora da maquininha;Taxas da maquininha (3%);Salão;Custos variáveis;Taxas de cartão;Recebimentos do salão;Descontada no repasse do cartão;-133,18;2025-08;2025-09
21;08/08/2025;08/09/2025;08/09/2025;Recebido;Vendas do salão em 08/08/25: cartão de crédito;Operadora da maquininha;Vendas salão (cartão de crédito);Salão;Receita bruta;Salão;Recebimentos do salão;Cartão de crédito;3803,40;2025-08;2025-09
22;08/08/2025;08/09/2025;08/09/2025;Pago;Compra de laticínios: NF 45069;Laticínios Vale Serrano;Laticínios;Geral;Custos variáveis;CMV (insumos);Fornecedores (insumos e embalagens);Boleto;-1932,68;2025-08;2025-09
23;08/08/2025;08/09/2025;08/09/2025;Pago;Taxa da maquininha sobre as vendas de 08/08/25;Operadora da maquininha;Taxas da maquininha (3%);Salão;Custos variáveis;Taxas de cartão;Recebimentos do salão;Descontada no repasse do cartão;-194,45;2025-08;2025-09
24;09/08/2025;09/09/2025;09/09/2025;Recebido;Vendas do salão em 09/08/25: cartão de crédito;Operadora da maquininha;Vendas salão (cartão de crédito);Salão;Receita bruta;Salão;Recebimentos do salão;Cartão de crédito;5636,01;2025-08;2025-09
25;09/08/2025;09/09/2025;09/09/2025;Pago;Compra de hortifrúti: NF 21266;Hortifrúti Bom Plantio;Hortifrúti;Geral;Custos variáveis;CMV (insumos);Fornecedores (insumos e embalagens);Boleto;-463,92;2025-08;2025-09
26;09/08/2025;09/09/2025;09/09/2025;Pago;Taxa da maquininha sobre as vendas de 09/08/25;Operadora da maquininha;Taxas da maquininha (3%);Salão;Custos variáveis;Taxas de cartão;Recebimentos do salão;Descontada no repasse do cartão;-284,34;2025-08;2025-09
27;10/08/2025;10/09/2025;10/09/2025;Recebido;Vendas do salão em 10/08/25: cartão de crédito;Operadora da maquininha;Vendas salão (cartão de crédito);Salão;Receita bruta;Salão;Recebimentos do salão;Cartão de crédito;7393,71;2025-08;2025-09
28;10/08/2025;10/09/2025;10/09/2025;Pago;Taxa da maquininha sobre as vendas de 10/08/25;Operadora da maquininha;Taxas da maquininha (3%);Salão;Custos variáveis;Taxas de cartão;Recebimentos do salão;Descontada no repasse do cartão;-366,15;2025-08;2025-09
29;12/08/2025;12/09/2025;12/09/2025;Recebido;Vendas do salão em 12/08/25: cartão de crédito;Operadora da maquininha;Vendas salão (cartão de crédito);Salão;Receita bruta;Salão;Recebimentos do salão;Cartão de crédito;2239,49;2025-08;2025-09
30;12/08/2025;12/09/2025;12/09/2025;Pago;Compra de laticínios: NF 45104;Laticínios Vale Serrano;Laticínios;Geral;Custos variáveis;CMV (insumos);Fornecedores (insumos e embalagens);Boleto;-1915,05;2025-08;2025-09
31;12/08/2025;12/09/2025;12/09/2025;Pago;Compra de hortifrúti: NF 21349;Hortifrúti Bom Plantio;Hortifrúti;Geral;Custos variáveis;CMV (insumos);Fornecedores (insumos e embalagens);Boleto;-400,85;2025-08;2025-09
32;12/08/2025;12/09/2025;12/09/2025;Pago;Taxa da maquininha sobre as vendas de 12/08/25;Operadora da maquininha;Taxas da maquininha (3%);Salão;Custos variáveis;Taxas de cartão;Recebimentos do salão;Descontada no repasse do cartão;-110,71;2025-08;2025-09
33;13/08/2025;13/09/2025;15/09/2025;Recebido;Vendas do salão em 13/08/25: cartão de crédito;Operadora da maquininha;Vendas salão (cartão de crédito);Salão;Receita bruta;Salão;Recebimentos do salão;Cartão de crédito;2937,33;2025-08;2025-09
34;13/08/2025;13/09/2025;15/09/2025;Pago;Compra de carnes e aves: NF 23986;Frigorífico Serra Nobre;Carnes e aves;Geral;Custos variáveis;CMV (insumos);Fornecedores (insumos e embalagens);Boleto;-2105,63;2025-08;2025-09
35;13/08/2025;13/09/2025;15/09/2025;Pago;Taxa da maquininha sobre as vendas de 13/08/25;Operadora da maquininha;Taxas da maquininha (3%);Salão;Custos variáveis;Taxas de cartão;Recebimentos do salão;Descontada no repasse do cartão;-144,43;2025-08;2025-09
36;14/08/2025;14/09/2025;15/09/2025;Recebido;Vendas do salão em 14/08/25: cartão de crédito;Operadora da maquininha;Vendas salão (cartão de crédito);Salão;Receita bruta;Salão;Recebimentos do salão;Cartão de crédito;2813,22;2025-08;2025-09
37;14/08/2025;14/09/2025;15/09/2025;Pago;Compra de hortifrúti: NF 21369;Hortifrúti Bom Plantio;Hortifrúti;Geral;Custos variáveis;CMV (insumos);Fornecedores (insumos e embalagens);Boleto;-473,70;2025-08;2025-09
38;14/08/2025;14/09/2025;15/09/2025;Pago;Taxa da maquininha sobre as vendas de 14/08/25;Operadora da maquininha;Taxas da maquininha (3%);Salão;Custos variáveis;Taxas de cartão;Recebimentos do salão;Descontada no repasse do cartão;-145,33;2025-08;2025-09
39;15/08/2025;15/09/2025;15/09/2025;Recebido;Vendas do salão em 15/08/25: cartão de crédito;Operadora da maquininha;Vendas salão (cartão de crédito);Salão;Receita bruta;Salão;Recebimentos do salão;Cartão de crédito;4092,16;2025-08;2025-09
40;15/08/2025;15/09/2025;15/09/2025;Pago;Compra de laticínios: NF 45149;Laticínios Vale Serrano;Laticínios;Geral;Custos variáveis;CMV (insumos);Fornecedores (insumos e embalagens);Boleto;-1548,31;2025-08;2025-09
41;15/08/2025;15/09/2025;15/09/2025;Pago;Taxa da maquininha sobre as vendas de 15/08/25;Operadora da maquininha;Taxas da maquininha (3%);Salão;Custos variáveis;Taxas de cartão;Recebimentos do salão;Descontada no repasse do cartão;-227,16;2025-08;2025-09
42;16/08/2025;16/09/2025;16/09/2025;Recebido;Vendas do salão em 16/08/25: cartão de crédito;Operadora da maquininha;Vendas salão (cartão de crédito);Salão;Receita bruta;Salão;Recebimentos do salão;Cartão de crédito;5295,66;2025-08;2025-09
43;16/08/2025;16/09/2025;16/09/2025;Pago;Compra de hortifrúti: NF 21393;Hortifrúti Bom Plantio;Hortifrúti;Geral;Custos variáveis;CMV (insumos);Fornecedores (insumos e embalagens);Boleto;-425,85;2025-08;2025-09
44;16/08/2025;16/09/2025;16/09/2025;Pago;Taxa da maquininha sobre as vendas de 16/08/25;Operadora da maquininha;Taxas da maquininha (3%);Salão;Custos variáveis;Taxas de cartão;Recebimentos do salão;Descontada no repasse do cartão;-275,24;2025-08;2025-09
45;17/08/2025;17/09/2025;17/09/2025;Recebido;Vendas do salão em 17/08/25: cartão de crédito;Operadora da maquininha;Vendas salão (cartão de crédito);Salão;Receita bruta;Salão;Recebimentos do salão;Cartão de crédito;4850,71;2025-08;2025-09
46;17/08/2025;17/09/2025;17/09/2025;Pago;Taxa da maquininha sobre as vendas de 17/08/25;Operadora da maquininha;Taxas da maquininha (3%);Salão;Custos variáveis;Taxas de cartão;Recebimentos do salão;Descontada no repasse do cartão;-254,73;2025-08;2025-09
47;19/08/2025;19/09/2025;19/09/2025;Recebido;Vendas do salão em 19/08/25: cartão de crédito;Operadora da maquininha;Vendas salão (cartão de crédito);Salão;Receita bruta;Salão;Recebimentos do salão;Cartão de crédito;2374,08;2025-08;2025-09
48;19/08/2025;19/09/2025;19/09/2025;Pago;Compra de laticínios: NF 45178;Laticínios Vale Serrano;Laticínios;Geral;Custos variáveis;CMV (insumos);Fornecedores (insumos e embalagens);Boleto;-1658,47;2025-08;2025-09
49;19/08/2025;19/09/2025;19/09/2025;Pago;Compra de hortifrúti: NF 21444;Hortifrúti Bom Plantio;Hortifrúti;Geral;Custos variáveis;CMV (insumos);Fornecedores (insumos e embalagens);Boleto;-502,23;2025-08;2025-09
50;19/08/2025;19/09/2025;19/09/2025;Pago;Taxa da maquininha sobre as vendas de 19/08/25;Operadora da maquininha;Taxas da maquininha (3%);Salão;Custos variáveis;Taxas de cartão;Recebimentos do salão;Descontada no repasse do cartão;-110,05;2025-08;2025-09
51;20/08/2025;20/09/2025;22/09/2025;Recebido;Vendas do salão em 20/08/25: cartão de crédito;Operadora da maquininha;Vendas salão (cartão de crédito);Salão;Receita bruta;Salão;Recebimentos do salão;Cartão de crédito;2980,83;2025-08;2025-09
52;20/08/2025;20/09/2025;22/09/2025;Pago;Compra de carnes e aves: NF 24013;Frigorífico Serra Nobre;Carnes e aves;Geral;Custos variáveis;CMV (insumos);Fornecedores (insumos e embalagens);Boleto;-2905,69;2025-08;2025-09
53;20/08/2025;20/09/2025;22/09/2025;Pago;Compra de bebidas: NF 34539;Adega & Cia Bebidas;Bebidas;Geral;Custos variáveis;CMV (insumos);Fornecedores (insumos e embalagens);Boleto;-6454,55;2025-08;2025-09
54;20/08/2025;20/09/2025;22/09/2025;Pago;Taxa da maquininha sobre as vendas de 20/08/25;Operadora da maquininha;Taxas da maquininha (3%);Salão;Custos variáveis;Taxas de cartão;Recebimentos do salão;Descontada no repasse do cartão;-137,32;2025-08;2025-09
55;21/08/2025;21/09/2025;22/09/2025;Recebido;Vendas do salão em 21/08/25: cartão de crédito;Operadora da maquininha;Vendas salão (cartão de crédito);Salão;Receita bruta;Salão;Recebimentos do salão;Cartão de crédito;2940,04;2025-08;2025-09
56;21/08/2025;21/09/2025;22/09/2025;Pago;Compra de hortifrúti: NF 21473;Hortifrúti Bom Plantio;Hortifrúti;Geral;Custos variáveis;CMV (insumos);Fornecedores (insumos e embalagens);Boleto;-404,43;2025-08;2025-09
57;21/08/2025;21/09/2025;22/09/2025;Pago;Compra de mercearia: NF 23705;Empório Grão Fino;Mercearia (massas, grãos e secos);Geral;Custos variáveis;CMV (insumos);Fornecedores (insumos e embalagens);Boleto;-4227,23;2025-08;2025-09
58;21/08/2025;21/09/2025;22/09/2025;Pago;Taxa da maquininha sobre as vendas de 21/08/25;Operadora da maquininha;Taxas da maquininha (3%);Salão;Custos variáveis;Taxas de cartão;Recebimentos do salão;Descontada no repasse do cartão;-145,18;2025-08;2025-09
59;22/08/2025;22/09/2025;22/09/2025;Recebido;Vendas do salão em 22/08/25: cartão de crédito;Operadora da maquininha;Vendas salão (cartão de crédito);Salão;Receita bruta;Salão;Recebimentos do salão;Cartão de crédito;4096,93;2025-08;2025-09
60;22/08/2025;22/09/2025;22/09/2025;Pago;Compra de laticínios: NF 45220;Laticínios Vale Serrano;Laticínios;Geral;Custos variáveis;CMV (insumos);Fornecedores (insumos e embalagens);Boleto;-2022,64;2025-08;2025-09
61;22/08/2025;22/09/2025;22/09/2025;Pago;Taxa da maquininha sobre as vendas de 22/08/25;Operadora da maquininha;Taxas da maquininha (3%);Salão;Custos variáveis;Taxas de cartão;Recebimentos do salão;Descontada no repasse do cartão;-217,89;2025-08;2025-09
62;23/08/2025;23/09/2025;23/09/2025;Recebido;Vendas do salão em 23/08/25: cartão de crédito;Operadora da maquininha;Vendas salão (cartão de crédito);Salão;Receita bruta;Salão;Recebimentos do salão;Cartão de crédito;4761,72;2025-08;2025-09
63;23/08/2025;23/09/2025;23/09/2025;Pago;Compra de hortifrúti: NF 21534;Hortifrúti Bom Plantio;Hortifrúti;Geral;Custos variáveis;CMV (insumos);Fornecedores (insumos e embalagens);Boleto;-370,29;2025-08;2025-09
64;23/08/2025;23/09/2025;23/09/2025;Pago;Taxa da maquininha sobre as vendas de 23/08/25;Operadora da maquininha;Taxas da maquininha (3%);Salão;Custos variáveis;Taxas de cartão;Recebimentos do salão;Descontada no repasse do cartão;-236,78;2025-08;2025-09
65;24/08/2025;24/09/2025;24/09/2025;Recebido;Vendas do salão em 24/08/25: cartão de crédito;Operadora da maquininha;Vendas salão (cartão de crédito);Salão;Receita bruta;Salão;Recebimentos do salão;Cartão de crédito;5388,68;2025-08;2025-09
66;24/08/2025;24/09/2025;24/09/2025;Pago;Taxa da maquininha sobre as vendas de 24/08/25;Operadora da maquininha;Taxas da maquininha (3%);Salão;Custos variáveis;Taxas de cartão;Recebimentos do salão;Descontada no repasse do cartão;-253,90;2025-08;2025-09
67;26/08/2025;26/09/2025;26/09/2025;Recebido;Vendas do salão em 26/08/25: cartão de crédito;Operadora da maquininha;Vendas salão (cartão de crédito);Salão;Receita bruta;Salão;Recebimentos do salão;Cartão de crédito;2401,69;2025-08;2025-09
68;26/08/2025;26/09/2025;26/09/2025;Pago;Compra de laticínios: NF 45230;Laticínios Vale Serrano;Laticínios;Geral;Custos variáveis;CMV (insumos);Fornecedores (insumos e embalagens);Boleto;-1680,33;2025-08;2025-09
69;26/08/2025;26/09/2025;26/09/2025;Pago;Compra de hortifrúti: NF 21624;Hortifrúti Bom Plantio;Hortifrúti;Geral;Custos variáveis;CMV (insumos);Fornecedores (insumos e embalagens);Boleto;-537,06;2025-08;2025-09
70;26/08/2025;26/09/2025;26/09/2025;Pago;Taxa da maquininha sobre as vendas de 26/08/25;Operadora da maquininha;Taxas da maquininha (3%);Salão;Custos variáveis;Taxas de cartão;Recebimentos do salão;Descontada no repasse do cartão;-126,07;2025-08;2025-09
71;27/08/2025;27/09/2025;29/09/2025;Recebido;Vendas do salão em 27/08/25: cartão de crédito;Operadora da maquininha;Vendas salão (cartão de crédito);Salão;Receita bruta;Salão;Recebimentos do salão;Cartão de crédito;3036,50;2025-08;2025-09
72;27/08/2025;27/09/2025;29/09/2025;Pago;Compra de carnes e aves: NF 24098;Frigorífico Serra Nobre;Carnes e aves;Geral;Custos variáveis;CMV (insumos);Fornecedores (insumos e embalagens);Boleto;-3008,56;2025-08;2025-09
73;27/08/2025;27/09/2025;29/09/2025;Pago;Taxa da maquininha sobre as vendas de 27/08/25;Operadora da maquininha;Taxas da maquininha (3%);Salão;Custos variáveis;Taxas de cartão;Recebimentos do salão;Descontada no repasse do cartão;-140,05;2025-08;2025-09
74;28/08/2025;28/09/2025;29/09/2025;Recebido;Vendas do salão em 28/08/25: cartão de crédito;Operadora da maquininha;Vendas salão (cartão de crédito);Salão;Receita bruta;Salão;Recebimentos do salão;Cartão de crédito;3216,85;2025-08;2025-09
75;28/08/2025;28/09/2025;29/09/2025;Pago;Compra de hortifrúti: NF 21704;Hortifrúti Bom Plantio;Hortifrúti;Geral;Custos variáveis;CMV (insumos);Fornecedores (insumos e embalagens);Boleto;-398,27;2025-08;2025-09
76;28/08/2025;28/09/2025;29/09/2025;Pago;Taxa da maquininha sobre as vendas de 28/08/25;Operadora da maquininha;Taxas da maquininha (3%);Salão;Custos variáveis;Taxas de cartão;Recebimentos do salão;Descontada no repasse do cartão;-161,69;2025-08;2025-09
77;29/08/2025;29/09/2025;29/09/2025;Recebido;Vendas do salão em 29/08/25: cartão de crédito;Operadora da maquininha;Vendas salão (cartão de crédito);Salão;Receita bruta;Salão;Recebimentos do salão;Cartão de crédito;4167,05;2025-08;2025-09
78;29/08/2025;29/09/2025;29/09/2025;Pago;Compra de laticínios: NF 45252;Laticínios Vale Serrano;Laticínios;Geral;Custos variáveis;CMV (insumos);Fornecedores (insumos e embalagens);Boleto;-2169,51;2025-08;2025-09
79;29/08/2025;29/09/2025;29/09/2025;Pago;Taxa da maquininha sobre as vendas de 29/08/25;Operadora da maquininha;Taxas da maquininha (3%);Salão;Custos variáveis;Taxas de cartão;Recebimentos do salão;Descontada no repasse do cartão;-225,53;2025-08;2025-09
80;30/08/2025;30/09/2025;30/09/2025;Recebido;Vendas do salão em 30/08/25: cartão de crédito;Operadora da maquininha;Vendas salão (cartão de crédito);Salão;Receita bruta;Salão;Recebimentos do salão;Cartão de crédito;5081,19;2025-08;2025-09
81;30/08/2025;30/09/2025;30/09/2025;Pago;Compra de hortifrúti: NF 21758;Hortifrúti Bom Plantio;Hortifrúti;Geral;Custos variáveis;CMV (insumos);Fornecedores (insumos e embalagens);Boleto;-381,22;2025-08;2025-09
82;30/08/2025;30/09/2025;30/09/2025;Pago;Taxa da maquininha sobre as vendas de 30/08/25;Operadora da maquininha;Taxas da maquininha (3%);Salão;Custos variáveis;Taxas de cartão;Recebimentos do salão;Descontada no repasse do cartão;-258,68;2025-08;2025-09
83;31/08/2025;30/09/2025;30/09/2025;Recebido;Vendas do salão em 31/08/25: cartão de crédito;Operadora da maquininha;Vendas salão (cartão de crédito);Salão;Receita bruta;Salão;Recebimentos do salão;Cartão de crédito;4690,45;2025-08;2025-09
84;31/08/2025;20/09/2025;22/09/2025;Pago;DAS do Simples Nacional, competência ago/25;Receita Federal;Simples Nacional;Geral;Custos variáveis;Simples Nacional;Simples Nacional;Guia DAS;-14240,00;2025-08;2025-09
85;31/08/2025;30/09/2025;30/09/2025;Pago;Taxa da maquininha sobre as vendas de 31/08/25;Operadora da maquininha;Taxas da maquininha (3%);Salão;Custos variáveis;Taxas de cartão;Recebimentos do salão;Descontada no repasse do cartão;-227,53;2025-08;2025-09
86;31/08/2025;05/09/2025;05/09/2025;Pago;Salários da cozinha, folha de ago/25;Funcionários da cozinha;Salários da cozinha;Geral;Despesas fixas;Folha e encargos;Folha e encargos;Transferência bancária;-12480,00;2025-08;2025-09
87;31/08/2025;05/09/2025;05/09/2025;Pago;Salários do salão e da administração, folha de ago/25;Funcionários do salão e da administração;Salários do salão e administração;Geral;Despesas fixas;Folha e encargos;Folha e encargos;Transferência bancária;-21420,00;2025-08;2025-09
88;31/08/2025;20/09/2025;19/09/2025;Pago;INSS e IRRF retidos dos funcionários, folha de ago/25;Receita Federal;INSS e IRRF retidos;Geral;Despesas fixas;Folha e encargos;Folha e encargos;Guia DCTFWeb;-3330,00;2025-08;2025-09
89;31/08/2025;20/09/2025;19/09/2025;Pago;FGTS, folha de ago/25;FGTS (Caixa);FGTS;Geral;Despesas fixas;Folha e encargos;Folha e encargos;Guia FGTS Digital;-2978,40;2025-08;2025-09
90;31/08/2025;05/09/2025;05/09/2025;Pago;Vale-transporte, folha de ago/25;Operadora de vale-transporte;Vale-transporte;Geral;Despesas fixas;Folha e encargos;Folha e encargos;Boleto;-1791,60;2025-08;2025-09
91;01/09/2025;01/09/2025;01/09/2025;Pago;Tarifas bancárias, set/25;Banco Horizonte;Tarifas bancárias;Geral;Despesas fixas;Contabilidade, sistemas e outros;Contabilidade, manutenção e outros;Débito em conta;-60,20;2025-09;2025-09
92;02/09/2025;02/09/2025;02/09/2025;Recebido;Vendas do salão em 02/09/25: dinheiro, PIX e débito;Clientes do salão;Vendas salão (dinheiro, PIX e débito);Salão;Receita bruta;Salão;Recebimentos do salão;Dinheiro, PIX e débito;2016,49;2025-09;2025-09
93;02/09/2025;02/10/2025;02/10/2025;Recebido;Vendas do salão em 02/09/25: cartão de crédito;Operadora da maquininha;Vendas salão (cartão de crédito);Salão;Receita bruta;Salão;Recebimentos do salão;Cartão de crédito;2604,76;2025-09;2025-10
94;02/09/2025;02/10/2025;02/10/2025;Pago;Compra de laticínios: NF 45332;Laticínios Vale Serrano;Laticínios;Geral;Custos variáveis;CMV (insumos);Fornecedores (insumos e embalagens);Boleto;-1781,24;2025-09;2025-10
95;02/09/2025;02/10/2025;02/10/2025;Pago;Compra de hortifrúti: NF 21813;Hortifrúti Bom Plantio;Hortifrúti;Geral;Custos variáveis;CMV (insumos);Fornecedores (insumos e embalagens);Boleto;-445,94;2025-09;2025-10
96;02/09/2025;02/10/2025;02/10/2025;Pago;Taxa da maquininha sobre as vendas de 02/09/25;Operadora da maquininha;Taxas da maquininha (3%);Salão;Custos variáveis;Taxas de cartão;Recebimentos do salão;Descontada no repasse do cartão;-138,64;2025-09;2025-10
97;02/09/2025;02/09/2025;02/09/2025;Pago;Recarga de gás do ar-condicionado do salão;Polar Refrigeração;Manutenção e reparos;Geral;Despesas fixas;Manutenção;Contabilidade, manutenção e outros;PIX;-890,86;2025-09;2025-09
98;03/09/2025;03/09/2025;03/09/2025;Recebido;Vendas do salão em 03/09/25: dinheiro, PIX e débito;Clientes do salão;Vendas salão (dinheiro, PIX e débito);Salão;Receita bruta;Salão;Recebimentos do salão;Dinheiro, PIX e débito;1771,44;2025-09;2025-09
99;03/09/2025;03/10/2025;03/10/2025;Recebido;Vendas do salão em 03/09/25: cartão de crédito;Operadora da maquininha;Vendas salão (cartão de crédito);Salão;Receita bruta;Salão;Recebimentos do salão;Cartão de crédito;3062,83;2025-09;2025-10
100;03/09/2025;03/10/2025;03/10/2025;Pago;Compra de carnes e aves: NF 24164;Frigorífico Serra Nobre;Carnes e aves;Geral;Custos variáveis;CMV (insumos);Fornecedores (insumos e embalagens);Boleto;-2635,45;2025-09;2025-10
101;03/09/2025;03/10/2025;03/10/2025;Pago;Compra de bebidas: NF 34623;Adega & Cia Bebidas;Bebidas;Geral;Custos variáveis;CMV (insumos);Fornecedores (insumos e embalagens);Boleto;-6811,62;2025-09;2025-10
102;03/09/2025;03/10/2025;03/10/2025;Pago;Taxa da maquininha sobre as vendas de 03/09/25;Operadora da maquininha;Taxas da maquininha (3%);Salão;Custos variáveis;Taxas de cartão;Recebimentos do salão;Descontada no repasse do cartão;-145,03;2025-09;2025-10
103;04/09/2025;04/09/2025;04/09/2025;Recebido;Vendas do salão em 04/09/25: dinheiro, PIX e débito;Clientes do salão;Vendas salão (dinheiro, PIX e débito);Salão;Receita bruta;Salão;Recebimentos do salão;Dinheiro, PIX e débito;2334,00;2025-09;2025-09
104;04/09/2025;04/10/2025;06/10/2025;Recebido;Vendas do salão em 04/09/25: cartão de crédito;Operadora da maquininha;Vendas salão (cartão de crédito);Salão;Receita bruta;Salão;Recebimentos do salão;Cartão de crédito;3314,89;2025-09;2025-10
105;04/09/2025;04/10/2025;06/10/2025;Pago;Compra de hortifrúti: NF 21877;Hortifrúti Bom Plantio;Hortifrúti;Geral;Custos variáveis;CMV (insumos);Fornecedores (insumos e embalagens);Boleto;-500,41;2025-09;2025-10
106;04/09/2025;04/10/2025;06/10/2025;Pago;Compra de mercearia: NF 23790;Empório Grão Fino;Mercearia (massas, grãos e secos);Geral;Custos variáveis;CMV (insumos);Fornecedores (insumos e embalagens);Boleto;-5001,50;2025-09;2025-10
107;04/09/2025;04/10/2025;06/10/2025;Pago;Taxa da maquininha sobre as vendas de 04/09/25;Operadora da maquininha;Taxas da maquininha (3%);Salão;Custos variáveis;Taxas de cartão;Recebimentos do salão;Descontada no repasse do cartão;-169,47;2025-09;2025-10
108;04/09/2025;04/09/2025;04/09/2025;Pago;Afiação de facas e reparo de utensílios;Afiação Fio Certo;Manutenção e reparos;Geral;Despesas fixas;Manutenção;Contabilidade, manutenção e outros;PIX;-825,14;2025-09;2025-09
109;05/09/2025;05/09/2025;05/09/2025;Recebido;Vendas do salão em 05/09/25: dinheiro, PIX e débito;Clientes do salão;Vendas salão (dinheiro, PIX e débito);Salão;Receita bruta;Salão;Recebimentos do salão;Dinheiro, PIX e débito;2931,88;2025-09;2025-09
110;05/09/2025;05/10/2025;06/10/2025;Recebido;Vendas do salão em 05/09/25: cartão de crédito;Operadora da maquininha;Vendas salão (cartão de crédito);Salão;Receita bruta;Salão;Recebimentos do salão;Cartão de crédito;5544,78;2025-09;2025-10
111;05/09/2025;05/10/2025;06/10/2025;Pago;Compra de laticínios: NF 45395;Laticínios Vale Serrano;Laticínios;Geral;Custos variáveis;CMV (insumos);Fornecedores (insumos e embalagens);Boleto;-1370,75;2025-09;2025-10
112;05/09/2025;05/10/2025;06/10/2025;Pago;Taxa da maquininha sobre as vendas de 05/09/25;Operadora da maquininha;Taxas da maquininha (3%);Salão;Custos variáveis;Taxas de cartão;Recebimentos do salão;Descontada no repasse do cartão;-254,30;2025-09;2025-10
113;05/09/2025;05/09/2025;05/09/2025;Pago;Gestão das redes sociais, set/25;Agência Manjericão Digital;Agência de redes sociais;Geral;Despesas fixas;Marketing;Marketing;Boleto;-2000,00;2025-09;2025-09
114;05/09/2025;05/09/2025;05/09/2025;Pago;Mensalidade do sistema de PDV e gestão, set/25;GestPDV Sistemas;Sistema de PDV e gestão;Geral;Despesas fixas;Contabilidade, sistemas e outros;Contabilidade, manutenção e outros;Débito automático;-389,90;2025-09;2025-09
115;05/09/2025;05/09/2025;05/09/2025;Pago;Limpeza e higienização (contrato), set/25;Limpa Bem Higienização;Limpeza e higienização;Geral;Despesas fixas;Contabilidade, sistemas e outros;Contabilidade, manutenção e outros;Boleto;-780,00;2025-09;2025-09
116;05/09/2025;05/09/2025;05/09/2025;Pago;Retirada de Júlia, set/25;Júlia;Retirada dos sócios;Geral;Fora do DRE;Fora do DRE;Retirada dos sócios;PIX;-6000,00;2025-09;2025-09
117;05/09/2025;05/09/2025;05/09/2025;Pago;Retirada de Marco, set/25;Marco;Retirada dos sócios;Geral;Fora do DRE;Fora do DRE;Retirada dos sócios;PIX;-6000,00;2025-09;2025-09
118;06/09/2025;06/09/2025;06/09/2025;Recebido;Vendas do salão em 06/09/25: dinheiro, PIX e débito;Clientes do salão;Vendas salão (dinheiro, PIX e débito);Salão;Receita bruta;Salão;Recebimentos do salão;Dinheiro, PIX e débito;3507,21;2025-09;2025-09
119;06/09/2025;06/10/2025;06/10/2025;Recebido;Vendas do salão em 06/09/25: cartão de crédito;Operadora da maquininha;Vendas salão (cartão de crédito);Salão;Receita bruta;Salão;Recebimentos do salão;Cartão de crédito;5471,80;2025-09;2025-10
120;06/09/2025;06/10/2025;06/10/2025;Pago;Compra de hortifrúti: NF 21962;Hortifrúti Bom Plantio;Hortifrúti;Geral;Custos variáveis;CMV (insumos);Fornecedores (insumos e embalagens);Boleto;-543,74;2025-09;2025-10
121;06/09/2025;06/10/2025;06/10/2025;Pago;Taxa da maquininha sobre as vendas de 06/09/25;Operadora da maquininha;Taxas da maquininha (3%);Salão;Custos variáveis;Taxas de cartão;Recebimentos do salão;Descontada no repasse do cartão;-269,37;2025-09;2025-10
122;07/09/2025;07/09/2025;07/09/2025;Recebido;Vendas do salão em 07/09/25: dinheiro, PIX e débito;Clientes do salão;Vendas salão (dinheiro, PIX e débito);Salão;Receita bruta;Salão;Recebimentos do salão;Dinheiro, PIX e débito;3640,98;2025-09;2025-09
123;07/09/2025;07/10/2025;07/10/2025;Recebido;Vendas do salão em 07/09/25: cartão de crédito;Operadora da maquininha;Vendas salão (cartão de crédito);Salão;Receita bruta;Salão;Recebimentos do salão;Cartão de crédito;5699,40;2025-09;2025-10
124;07/09/2025;07/10/2025;07/10/2025;Pago;Taxa da maquininha sobre as vendas de 07/09/25;Operadora da maquininha;Taxas da maquininha (3%);Salão;Custos variáveis;Taxas de cartão;Recebimentos do salão;Descontada no repasse do cartão;-280,21;2025-09;2025-10
125;09/09/2025;09/09/2025;09/09/2025;Recebido;Vendas do salão em 09/09/25: dinheiro, PIX e débito;Clientes do salão;Vendas salão (dinheiro, PIX e débito);Salão;Receita bruta;Salão;Recebimentos do salão;Dinheiro, PIX e débito;1923,93;2025-09;2025-09
126;09/09/2025;09/10/2025;09/10/2025;Recebido;Vendas do salão em 09/09/25: cartão de crédito;Operadora da maquininha;Vendas salão (cartão de crédito);Salão;Receita bruta;Salão;Recebimentos do salão;Cartão de crédito;3330,42;2025-09;2025-10
127;09/09/2025;09/10/2025;09/10/2025;Pago;Compra de laticínios: NF 45473;Laticínios Vale Serrano;Laticínios;Geral;Custos variáveis;CMV (insumos);Fornecedores (insumos e embalagens);Boleto;-1959,51;2025-09;2025-10
128;09/09/2025;09/10/2025;09/10/2025;Pago;Compra de hortifrúti: NF 21987;Hortifrúti Bom Plantio;Hortifrúti;Geral;Custos variáveis;CMV (insumos);Fornecedores (insumos e embalagens);Boleto;-362,70;2025-09;2025-10
129;09/09/2025;09/10/2025;09/10/2025;Pago;Taxa da maquininha sobre as vendas de 09/09/25;Operadora da maquininha;Taxas da maquininha (3%);Salão;Custos variáveis;Taxas de cartão;Recebimentos do salão;Descontada no repasse do cartão;-157,63;2025-09;2025-10
130;10/09/2025;10/09/2025;10/09/2025;Recebido;Vendas do salão em 10/09/25: dinheiro, PIX e débito;Clientes do salão;Vendas salão (dinheiro, PIX e débito);Salão;Receita bruta;Salão;Recebimentos do salão;Dinheiro, PIX e débito;1957,76;2025-09;2025-09
131;10/09/2025;10/10/2025;10/10/2025;Recebido;Vendas do salão em 10/09/25: cartão de crédito;Operadora da maquininha;Vendas salão (cartão de crédito);Salão;Receita bruta;Salão;Recebimentos do salão;Cartão de crédito;3151,96;2025-09;2025-10
132;10/09/2025;10/10/2025;10/10/2025;Pago;Compra de carnes e aves: NF 24189;Frigorífico Serra Nobre;Carnes e aves;Geral;Custos variáveis;CMV (insumos);Fornecedores (insumos e embalagens);Boleto;-2983,18;2025-09;2025-10
133;10/09/2025;10/10/2025;10/10/2025;Pago;Taxa da maquininha sobre as vendas de 10/09/25;Operadora da maquininha;Taxas da maquininha (3%);Salão;Custos variáveis;Taxas de cartão;Recebimentos do salão;Descontada no repasse do cartão;-153,29;2025-09;2025-10
134;10/09/2025;10/09/2025;10/09/2025;Pago;Aluguel do imóvel, set/25;Imobiliária Pedra Alta;Aluguel;Geral;Despesas fixas;Aluguel;Aluguel;Boleto;-14000,00;2025-09;2025-09
135;10/09/2025;10/09/2025;10/09/2025;Pago;Honorários contábeis, set/25;Escritório Contábil Exato;Contabilidade;Geral;Despesas fixas;Contabilidade, sistemas e outros;Contabilidade, manutenção e outros;Boleto;-1450,00;2025-09;2025-09
136;11/09/2025;11/09/2025;11/09/2025;Recebido;Vendas do salão em 11/09/25: dinheiro, PIX e débito;Clientes do salão;Vendas salão (dinheiro, PIX e débito);Salão;Receita bruta;Salão;Recebimentos do salão;Dinheiro, PIX e débito;2536,86;2025-09;2025-09
137;11/09/2025;11/10/2025;13/10/2025;Recebido;Vendas do salão em 11/09/25: cartão de crédito;Operadora da maquininha;Vendas salão (cartão de crédito);Salão;Receita bruta;Salão;Recebimentos do salão;Cartão de crédito;3281,95;2025-09;2025-10
138;11/09/2025;11/10/2025;13/10/2025;Pago;Compra de hortifrúti: NF 22060;Hortifrúti Bom Plantio;Hortifrúti;Geral;Custos variáveis;CMV (insumos);Fornecedores (insumos e embalagens);Boleto;-452,55;2025-09;2025-10
139;11/09/2025;11/10/2025;13/10/2025;Pago;Taxa da maquininha sobre as vendas de 11/09/25;Operadora da maquininha;Taxas da maquininha (3%);Salão;Custos variáveis;Taxas de cartão;Recebimentos do salão;Descontada no repasse do cartão;-174,56;2025-09;2025-10
140;12/09/2025;12/09/2025;12/09/2025;Recebido;Vendas do salão em 12/09/25: dinheiro, PIX e débito;Clientes do salão;Vendas salão (dinheiro, PIX e débito);Salão;Receita bruta;Salão;Recebimentos do salão;Dinheiro, PIX e débito;3228,27;2025-09;2025-09
141;12/09/2025;12/10/2025;13/10/2025;Recebido;Vendas do salão em 12/09/25: cartão de crédito;Operadora da maquininha;Vendas salão (cartão de crédito);Salão;Receita bruta;Salão;Recebimentos do salão;Cartão de crédito;3956,09;2025-09;2025-10
142;12/09/2025;12/10/2025;13/10/2025;Pago;Compra de laticínios: NF 45506;Laticínios Vale Serrano;Laticínios;Geral;Custos variáveis;CMV (insumos);Fornecedores (insumos e embalagens);Boleto;-1541,31;2025-09;2025-10
143;12/09/2025;12/10/2025;13/10/2025;Pago;Taxa da maquininha sobre as vendas de 12/09/25;Operadora da maquininha;Taxas da maquininha (3%);Salão;Custos variáveis;Taxas de cartão;Recebimentos do salão;Descontada no repasse do cartão;-215,53;2025-09;2025-10
144;12/09/2025;12/09/2025;12/09/2025;Pago;Conta de água e esgoto, set/25;Companhia de saneamento;Água e esgoto;Geral;Despesas fixas;Energia, gás e água;Energia, gás e água;Débito automático;-977,06;2025-09;2025-09
145;13/09/2025;13/09/2025;13/09/2025;Recebido;Vendas do salão em 13/09/25: dinheiro, PIX e débito;Clientes do salão;Vendas salão (dinheiro, PIX e débito);Salão;Receita bruta;Salão;Recebimentos do salão;Dinheiro, PIX e débito;4287,46;2025-09;2025-09
146;13/09/2025;13/10/2025;13/10/2025;Recebido;Vendas do salão em 13/09/25: cartão de crédito;Operadora da maquininha;Vendas salão (cartão de crédito);Salão;Receita bruta;Salão;Recebimentos do salão;Cartão de crédito;5318,70;2025-09;2025-10
147;13/09/2025;13/10/2025;13/10/2025;Pago;Compra de hortifrúti: NF 22135;Hortifrúti Bom Plantio;Hortifrúti;Geral;Custos variáveis;CMV (insumos);Fornecedores (insumos e embalagens);Boleto;-350,96;2025-09;2025-10
148;13/09/2025;13/10/2025;13/10/2025;Pago;Taxa da maquininha sobre as vendas de 13/09/25;Operadora da maquininha;Taxas da maquininha (3%);Salão;Custos variáveis;Taxas de cartão;Recebimentos do salão;Descontada no repasse do cartão;-288,19;2025-09;2025-10
149;14/09/2025;14/09/2025;14/09/2025;Recebido;Vendas do salão em 14/09/25: dinheiro, PIX e débito;Clientes do salão;Vendas salão (dinheiro, PIX e débito);Salão;Receita bruta;Salão;Recebimentos do salão;Dinheiro, PIX e débito;4683,63;2025-09;2025-09
150;14/09/2025;14/10/2025;14/10/2025;Recebido;Vendas do salão em 14/09/25: cartão de crédito;Operadora da maquininha;Vendas salão (cartão de crédito);Salão;Receita bruta;Salão;Recebimentos do salão;Cartão de crédito;6169,41;2025-09;2025-10
151;14/09/2025;14/10/2025;14/10/2025;Pago;Taxa da maquininha sobre as vendas de 14/09/25;Operadora da maquininha;Taxas da maquininha (3%);Salão;Custos variáveis;Taxas de cartão;Recebimentos do salão;Descontada no repasse do cartão;-325,59;2025-09;2025-10
152;15/09/2025;15/09/2025;15/09/2025;Pago;Conta de energia elétrica, set/25;Distribuidora de energia;Energia elétrica;Geral;Despesas fixas;Energia, gás e água;Energia, gás e água;Débito automático;-3835,39;2025-09;2025-09
153;15/09/2025;15/09/2025;15/09/2025;Pago;Internet e telefone, set/25;NetSerra Telecom;Internet e telefone;Geral;Despesas fixas;Contabilidade, sistemas e outros;Contabilidade, manutenção e outros;Débito automático;-249,90;2025-09;2025-09
154;16/09/2025;16/09/2025;16/09/2025;Recebido;Vendas do salão em 16/09/25: dinheiro, PIX e débito;Clientes do salão;Vendas salão (dinheiro, PIX e débito);Salão;Receita bruta;Salão;Recebimentos do salão;Dinheiro, PIX e débito;2188,18;2025-09;2025-09
155;16/09/2025;16/10/2025;16/10/2025;Recebido;Vendas do salão em 16/09/25: cartão de crédito;Operadora da maquininha;Vendas salão (cartão de crédito);Salão;Receita bruta;Salão;Recebimentos do salão;Cartão de crédito;2871,40;2025-09;2025-10
156;16/09/2025;16/10/2025;16/10/2025;Pago;Compra de laticínios: NF 45547;Laticínios Vale Serrano;Laticínios;Geral;Custos variáveis;CMV (insumos);Fornecedores (insumos e embalagens);Boleto;-2070,92;2025-09;2025-10
157;16/09/2025;16/10/2025;16/10/2025;Pago;Compra de hortifrúti: NF 22151;Hortifrúti Bom Plantio;Hortifrúti;Geral;Custos variáveis;CMV (insumos);Fornecedores (insumos e embalagens);Boleto;-363,44;2025-09;2025-10
158;16/09/2025;16/10/2025;16/10/2025;Pago;Taxa da maquininha sobre as vendas de 16/09/25;Operadora da maquininha;Taxas da maquininha (3%);Salão;Custos variáveis;Taxas de cartão;Recebimentos do salão;Descontada no repasse do cartão;-151,79;2025-09;2025-10
159;17/09/2025;17/09/2025;17/09/2025;Recebido;Vendas do salão em 17/09/25: dinheiro, PIX e débito;Clientes do salão;Vendas salão (dinheiro, PIX e débito);Salão;Receita bruta;Salão;Recebimentos do salão;Dinheiro, PIX e débito;2017,14;2025-09;2025-09
160;17/09/2025;17/10/2025;17/10/2025;Recebido;Vendas do salão em 17/09/25: cartão de crédito;Operadora da maquininha;Vendas salão (cartão de crédito);Salão;Receita bruta;Salão;Recebimentos do salão;Cartão de crédito;3152,02;2025-09;2025-10
161;17/09/2025;17/10/2025;17/10/2025;Pago;Compra de carnes e aves: NF 24219;Frigorífico Serra Nobre;Carnes e aves;Geral;Custos variáveis;CMV (insumos);Fornecedores (insumos e embalagens);Boleto;-2162,24;2025-09;2025-10
162;17/09/2025;17/10/2025;17/10/2025;Pago;Compra de bebidas: NF 34664;Adega & Cia Bebidas;Bebidas;Geral;Custos variáveis;CMV (insumos);Fornecedores (insumos e embalagens);Boleto;-4919,49;2025-09;2025-10
163;17/09/2025;17/10/2025;17/10/2025;Pago;Taxa da maquininha sobre as vendas de 17/09/25;Operadora da maquininha;Taxas da maquininha (3%);Salão;Custos variáveis;Taxas de cartão;Recebimentos do salão;Descontada no repasse do cartão;-155,07;2025-09;2025-10
164;18/09/2025;18/09/2025;18/09/2025;Recebido;Vendas do salão em 18/09/25: dinheiro, PIX e débito;Clientes do salão;Vendas salão (dinheiro, PIX e débito);Salão;Receita bruta;Salão;Recebimentos do salão;Dinheiro, PIX e débito;2667,95;2025-09;2025-09
165;18/09/2025;18/10/2025;20/10/2025;Recebido;Vendas do salão em 18/09/25: cartão de crédito;Operadora da maquininha;Vendas salão (cartão de crédito);Salão;Receita bruta;Salão;Recebimentos do salão;Cartão de crédito;3611,61;2025-09;2025-10
166;18/09/2025;18/10/2025;20/10/2025;Pago;Compra de hortifrúti: NF 22161;Hortifrúti Bom Plantio;Hortifrúti;Geral;Custos variáveis;CMV (insumos);Fornecedores (insumos e embalagens);Boleto;-486,04;2025-09;2025-10
167;18/09/2025;18/10/2025;20/10/2025;Pago;Compra de mercearia: NF 23813;Empório Grão Fino;Mercearia (massas, grãos e secos);Geral;Custos variáveis;CMV (insumos);Fornecedores (insumos e embalagens);Boleto;-3885,70;2025-09;2025-10
168;18/09/2025;18/10/2025;20/10/2025;Pago;Taxa da maquininha sobre as vendas de 18/09/25;Operadora da maquininha;Taxas da maquininha (3%);Salão;Custos variáveis;Taxas de cartão;Recebimentos do salão;Descontada no repasse do cartão;-188,39;2025-09;2025-10
169;19/09/2025;19/09/2025;19/09/2025;Recebido;Vendas do salão em 19/09/25: dinheiro, PIX e débito;Clientes do salão;Vendas salão (dinheiro, PIX e débito);Salão;Receita bruta;Salão;Recebimentos do salão;Dinheiro, PIX e débito;3202,04;2025-09;2025-09
170;19/09/2025;19/10/2025;20/10/2025;Recebido;Vendas do salão em 19/09/25: cartão de crédito;Operadora da maquininha;Vendas salão (cartão de crédito);Salão;Receita bruta;Salão;Recebimentos do salão;Cartão de crédito;4238,04;2025-09;2025-10
171;19/09/2025;19/10/2025;20/10/2025;Pago;Compra de laticínios: NF 45637;Laticínios Vale Serrano;Laticínios;Geral;Custos variáveis;CMV (insumos);Fornecedores (insumos e embalagens);Boleto;-2185,29;2025-09;2025-10
172;19/09/2025;19/10/2025;20/10/2025;Pago;Taxa da maquininha sobre as vendas de 19/09/25;Operadora da maquininha;Taxas da maquininha (3%);Salão;Custos variáveis;Taxas de cartão;Recebimentos do salão;Descontada no repasse do cartão;-223,20;2025-09;2025-10
173;20/09/2025;20/09/2025;20/09/2025;Recebido;Vendas do salão em 20/09/25: dinheiro, PIX e débito;Clientes do salão;Vendas salão (dinheiro, PIX e débito);Salão;Receita bruta;Salão;Recebimentos do salão;Dinheiro, PIX e débito;3371,17;2025-09;2025-09
174;20/09/2025;20/10/2025;20/10/2025;Recebido;Vendas do salão em 20/09/25: cartão de crédito;Operadora da maquininha;Vendas salão (cartão de crédito);Salão;Receita bruta;Salão;Recebimentos do salão;Cartão de crédito;6373,78;2025-09;2025-10
175;20/09/2025;20/10/2025;20/10/2025;Pago;Compra de hortifrúti: NF 22223;Hortifrúti Bom Plantio;Hortifrúti;Geral;Custos variáveis;CMV (insumos);Fornecedores (insumos e embalagens);Boleto;-371,14;2025-09;2025-10
176;20/09/2025;20/10/2025;20/10/2025;Pago;Taxa da maquininha sobre as vendas de 20/09/25;Operadora da maquininha;Taxas da maquininha (3%);Salão;Custos variáveis;Taxas de cartão;Recebimentos do salão;Descontada no repasse do cartão;-292,35;2025-09;2025-10
177;20/09/2025;20/09/2025;22/09/2025;Pago;Gás de cozinha (GLP), set/25;Gás Chama Azul;Gás;Geral;Despesas fixas;Energia, gás e água;Energia, gás e água;Boleto;-2194,55;2025-09;2025-09
178;20/09/2025;20/09/2025;22/09/2025;Pago;Controle de pragas (contrato), set/25;Dedetizadora Sem Praga;Controle de pragas;Geral;Despesas fixas;Contabilidade, sistemas e outros;Contabilidade, manutenção e outros;PIX;-150,00;2025-09;2025-09
179;21/09/2025;21/09/2025;21/09/2025;Recebido;Vendas do salão em 21/09/25: dinheiro, PIX e débito;Clientes do salão;Vendas salão (dinheiro, PIX e débito);Salão;Receita bruta;Salão;Recebimentos do salão;Dinheiro, PIX e débito;4095,71;2025-09;2025-09
180;21/09/2025;21/10/2025;21/10/2025;Recebido;Vendas do salão em 21/09/25: cartão de crédito;Operadora da maquininha;Vendas salão (cartão de crédito);Salão;Receita bruta;Salão;Recebimentos do salão;Cartão de crédito;5236,68;2025-09;2025-10
181;21/09/2025;21/10/2025;21/10/2025;Pago;Taxa da maquininha sobre as vendas de 21/09/25;Operadora da maquininha;Taxas da maquininha (3%);Salão;Custos variáveis;Taxas de cartão;Recebimentos do salão;Descontada no repasse do cartão;-279,97;2025-09;2025-10
182;23/09/2025;23/09/2025;23/09/2025;Recebido;Vendas do salão em 23/09/25: dinheiro, PIX e débito;Clientes do salão;Vendas salão (dinheiro, PIX e débito);Salão;Receita bruta;Salão;Recebimentos do salão;Dinheiro, PIX e débito;1724,13;2025-09;2025-09
183;23/09/2025;23/10/2025;23/10/2025;Recebido;Vendas do salão em 23/09/25: cartão de crédito;Operadora da maquininha;Vendas salão (cartão de crédito);Salão;Receita bruta;Salão;Recebimentos do salão;Cartão de crédito;2757,54;2025-09;2025-10
184;23/09/2025;23/10/2025;23/10/2025;Pago;Compra de laticínios: NF 45697;Laticínios Vale Serrano;Laticínios;Geral;Custos variáveis;CMV (insumos);Fornecedores (insumos e embalagens);Boleto;-1511,25;2025-09;2025-10
185;23/09/2025;23/10/2025;23/10/2025;Pago;Compra de hortifrúti: NF 22273;Hortifrúti Bom Plantio;Hortifrúti;Geral;Custos variáveis;CMV (insumos);Fornecedores (insumos e embalagens);Boleto;-555,98;2025-09;2025-10
186;23/09/2025;23/10/2025;23/10/2025;Pago;Taxa da maquininha sobre as vendas de 23/09/25;Operadora da maquininha;Taxas da maquininha (3%);Salão;Custos variáveis;Taxas de cartão;Recebimentos do salão;Descontada no repasse do cartão;-134,45;2025-09;2025-10
187;24/09/2025;24/09/2025;24/09/2025;Recebido;Vendas do salão em 24/09/25: dinheiro, PIX e débito;Clientes do salão;Vendas salão (dinheiro, PIX e débito);Salão;Receita bruta;Salão;Recebimentos do salão;Dinheiro, PIX e débito;2457,08;2025-09;2025-09
188;24/09/2025;24/10/2025;24/10/2025;Recebido;Vendas do salão em 24/09/25: cartão de crédito;Operadora da maquininha;Vendas salão (cartão de crédito);Salão;Receita bruta;Salão;Recebimentos do salão;Cartão de crédito;3302,36;2025-09;2025-10
189;24/09/2025;24/10/2025;24/10/2025;Pago;Compra de carnes e aves: NF 24278;Frigorífico Serra Nobre;Carnes e aves;Geral;Custos variáveis;CMV (insumos);Fornecedores (insumos e embalagens);Boleto;-2706,03;2025-09;2025-10
190;24/09/2025;24/10/2025;24/10/2025;Pago;Taxa da maquininha sobre as vendas de 24/09/25;Operadora da maquininha;Taxas da maquininha (3%);Salão;Custos variáveis;Taxas de cartão;Recebimentos do salão;Descontada no repasse do cartão;-172,78;2025-09;2025-10
191;25/09/2025;25/09/2025;25/09/2025;Recebido;Vendas do salão em 25/09/25: dinheiro, PIX e débito;Clientes do salão;Vendas salão (dinheiro, PIX e débito);Salão;Receita bruta;Salão;Recebimentos do salão;Dinheiro, PIX e débito;2240,04;2025-09;2025-09
192;25/09/2025;25/10/2025;27/10/2025;Recebido;Vendas do salão em 25/09/25: cartão de crédito;Operadora da maquininha;Vendas salão (cartão de crédito);Salão;Receita bruta;Salão;Recebimentos do salão;Cartão de crédito;3275,99;2025-09;2025-10
193;25/09/2025;25/10/2025;27/10/2025;Pago;Compra de hortifrúti: NF 22344;Hortifrúti Bom Plantio;Hortifrúti;Geral;Custos variáveis;CMV (insumos);Fornecedores (insumos e embalagens);Boleto;-397,55;2025-09;2025-10
194;25/09/2025;25/10/2025;27/10/2025;Pago;Taxa da maquininha sobre as vendas de 25/09/25;Operadora da maquininha;Taxas da maquininha (3%);Salão;Custos variáveis;Taxas de cartão;Recebimentos do salão;Descontada no repasse do cartão;-165,48;2025-09;2025-10
195;25/09/2025;25/09/2025;25/09/2025;Pago;Lavanderia de toalhas e uniformes, set/25;Lavanderia Branco Neve;Lavanderia;Geral;Despesas fixas;Contabilidade, sistemas e outros;Contabilidade, manutenção e outros;PIX;-420,00;2025-09;2025-09
196;26/09/2025;26/09/2025;26/09/2025;Recebido;Vendas do salão em 26/09/25: dinheiro, PIX e débito;Clientes do salão;Vendas salão (dinheiro, PIX e débito);Salão;Receita bruta;Salão;Recebimentos do salão;Dinheiro, PIX e débito;3113,16;2025-09;2025-09
197;26/09/2025;26/10/2025;27/10/2025;Recebido;Vendas do salão em 26/09/25: cartão de crédito;Operadora da maquininha;Vendas salão (cartão de crédito);Salão;Receita bruta;Salão;Recebimentos do salão;Cartão de crédito;5101,12;2025-09;2025-10
198;26/09/2025;26/10/2025;27/10/2025;Pago;Compra de laticínios: NF 45749;Laticínios Vale Serrano;Laticínios;Geral;Custos variáveis;CMV (insumos);Fornecedores (insumos e embalagens);Boleto;-1739,65;2025-09;2025-10
199;26/09/2025;26/10/2025;27/10/2025;Pago;Taxa da maquininha sobre as vendas de 26/09/25;Operadora da maquininha;Taxas da maquininha (3%);Salão;Custos variáveis;Taxas de cartão;Recebimentos do salão;Descontada no repasse do cartão;-246,43;2025-09;2025-10
200;27/09/2025;27/09/2025;27/09/2025;Recebido;Vendas do salão em 27/09/25: dinheiro, PIX e débito;Clientes do salão;Vendas salão (dinheiro, PIX e débito);Salão;Receita bruta;Salão;Recebimentos do salão;Dinheiro, PIX e débito;3684,33;2025-09;2025-09
201;27/09/2025;27/10/2025;27/10/2025;Recebido;Vendas do salão em 27/09/25: cartão de crédito;Operadora da maquininha;Vendas salão (cartão de crédito);Salão;Receita bruta;Salão;Recebimentos do salão;Cartão de crédito;6790,05;2025-09;2025-10
202;27/09/2025;27/10/2025;27/10/2025;Pago;Compra de hortifrúti: NF 22388;Hortifrúti Bom Plantio;Hortifrúti;Geral;Custos variáveis;CMV (insumos);Fornecedores (insumos e embalagens);Boleto;-498,29;2025-09;2025-10
203;27/09/2025;27/10/2025;27/10/2025;Pago;Taxa da maquininha sobre as vendas de 27/09/25;Operadora da maquininha;Taxas da maquininha (3%);Salão;Custos variáveis;Taxas de cartão;Recebimentos do salão;Descontada no repasse do cartão;-314,23;2025-09;2025-10
204;28/09/2025;28/09/2025;28/09/2025;Recebido;Vendas do salão em 28/09/25: dinheiro, PIX e débito;Clientes do salão;Vendas salão (dinheiro, PIX e débito);Salão;Receita bruta;Salão;Recebimentos do salão;Dinheiro, PIX e débito;3214,88;2025-09;2025-09
205;28/09/2025;28/10/2025;28/10/2025;Recebido;Vendas do salão em 28/09/25: cartão de crédito;Operadora da maquininha;Vendas salão (cartão de crédito);Salão;Receita bruta;Salão;Recebimentos do salão;Cartão de crédito;6183,42;2025-09;2025-10
206;28/09/2025;28/10/2025;28/10/2025;Pago;Taxa da maquininha sobre as vendas de 28/09/25;Operadora da maquininha;Taxas da maquininha (3%);Salão;Custos variáveis;Taxas de cartão;Recebimentos do salão;Descontada no repasse do cartão;-281,95;2025-09;2025-10
207;30/09/2025;30/09/2025;30/09/2025;Recebido;Vendas do salão em 30/09/25: dinheiro, PIX e débito;Clientes do salão;Vendas salão (dinheiro, PIX e débito);Salão;Receita bruta;Salão;Recebimentos do salão;Dinheiro, PIX e débito;2404,28;2025-09;2025-09
208;30/09/2025;30/10/2025;30/10/2025;Recebido;Vendas do salão em 30/09/25: cartão de crédito;Operadora da maquininha;Vendas salão (cartão de crédito);Salão;Receita bruta;Salão;Recebimentos do salão;Cartão de crédito;2999,00;2025-09;2025-10
209;30/09/2025;20/10/2025;20/10/2025;Pago;DAS do Simples Nacional, competência set/25;Receita Federal;Simples Nacional;Geral;Custos variáveis;Simples Nacional;Simples Nacional;Guia DAS;-14240,00;2025-09;2025-10
210;30/09/2025;30/10/2025;30/10/2025;Pago;Compra de laticínios: NF 45763;Laticínios Vale Serrano;Laticínios;Geral;Custos variáveis;CMV (insumos);Fornecedores (insumos e embalagens);Boleto;-1659,31;2025-09;2025-10
211;30/09/2025;30/10/2025;30/10/2025;Pago;Compra de hortifrúti: NF 22430;Hortifrúti Bom Plantio;Hortifrúti;Geral;Custos variáveis;CMV (insumos);Fornecedores (insumos e embalagens);Boleto;-536,82;2025-09;2025-10
212;30/09/2025;30/10/2025;30/10/2025;Pago;Taxa da maquininha sobre as vendas de 30/09/25;Operadora da maquininha;Taxas da maquininha (3%);Salão;Custos variáveis;Taxas de cartão;Recebimentos do salão;Descontada no repasse do cartão;-162,10;2025-09;2025-10
213;30/09/2025;07/10/2025;07/10/2025;Pago;Salários da cozinha, folha de set/25;Funcionários da cozinha;Salários da cozinha;Geral;Despesas fixas;Folha e encargos;Folha e encargos;Transferência bancária;-12480,00;2025-09;2025-10
214;30/09/2025;07/10/2025;07/10/2025;Pago;Salários do salão e da administração, folha de set/25;Funcionários do salão e da administração;Salários do salão e administração;Geral;Despesas fixas;Folha e encargos;Folha e encargos;Transferência bancária;-21420,00;2025-09;2025-10
215;30/09/2025;20/10/2025;20/10/2025;Pago;INSS e IRRF retidos dos funcionários, folha de set/25;Receita Federal;INSS e IRRF retidos;Geral;Despesas fixas;Folha e encargos;Folha e encargos;Guia DCTFWeb;-3330,00;2025-09;2025-10
216;30/09/2025;20/10/2025;20/10/2025;Pago;FGTS, folha de set/25;FGTS (Caixa);FGTS;Geral;Despesas fixas;Folha e encargos;Folha e encargos;Guia FGTS Digital;-2978,40;2025-09;2025-10
217;30/09/2025;07/10/2025;07/10/2025;Pago;Vale-transporte, folha de set/25;Operadora de vale-transporte;Vale-transporte;Geral;Despesas fixas;Folha e encargos;Folha e encargos;Boleto;-1791,60;2025-09;2025-10
218;30/09/2025;30/09/2025;30/09/2025;Pago;Pró-labore de Júlia, set/25;Júlia;Pró-labore;Geral;Despesas fixas;Pró-labore;Pró-labore;PIX;-8000,00;2025-09;2025-09
219;30/09/2025;30/09/2025;30/09/2025;Pago;Pró-labore de Marco, set/25;Marco;Pró-labore;Geral;Despesas fixas;Pró-labore;Pró-labore;PIX;-8000,00;2025-09;2025-09
220;01/10/2025;01/10/2025;01/10/2025;Recebido;Vendas do salão em 01/10/25: dinheiro, PIX e débito;Clientes do salão;Vendas salão (dinheiro, PIX e débito);Salão;Receita bruta;Salão;Recebimentos do salão;Dinheiro, PIX e débito;2166,54;2025-10;2025-10
221;01/10/2025;01/11/2025;03/11/2025;Recebido;Vendas do salão em 01/10/25: cartão de crédito;Operadora da maquininha;Vendas salão (cartão de crédito);Salão;Receita bruta;Salão;Recebimentos do salão;Cartão de crédito;2734,80;2025-10;2025-11
222;01/10/2025;01/11/2025;03/11/2025;Pago;Compra de carnes e aves: NF 24318;Frigorífico Serra Nobre;Carnes e aves;Geral;Custos variáveis;CMV (insumos);Fornecedores (insumos e embalagens);Boleto;-2002,76;2025-10;2025-11
223;01/10/2025;01/11/2025;03/11/2025;Pago;Compra de bebidas: NF 34732;Adega & Cia Bebidas;Bebidas;Geral;Custos variáveis;CMV (insumos);Fornecedores (insumos e embalagens);Boleto;-3647,16;2025-10;2025-11
224;01/10/2025;01/11/2025;03/11/2025;Pago;Taxa da maquininha sobre as vendas de 01/10/25;Operadora da maquininha;Taxas da maquininha (3%);Salão;Custos variáveis;Taxas de cartão;Recebimentos do salão;Descontada no repasse do cartão;-147,04;2025-10;2025-11
225;01/10/2025;01/10/2025;01/10/2025;Pago;Tarifas bancárias, out/25;Banco Horizonte;Tarifas bancárias;Geral;Despesas fixas;Contabilidade, sistemas e outros;Contabilidade, manutenção e outros;Débito em conta;-60,20;2025-10;2025-10
226;02/10/2025;02/10/2025;02/10/2025;Recebido;Vendas do salão em 02/10/25: dinheiro, PIX e débito;Clientes do salão;Vendas salão (dinheiro, PIX e débito);Salão;Receita bruta;Salão;Recebimentos do salão;Dinheiro, PIX e débito;2098,09;2025-10;2025-10
227;02/10/2025;02/11/2025;03/11/2025;Recebido;Vendas do salão em 02/10/25: cartão de crédito;Operadora da maquininha;Vendas salão (cartão de crédito);Salão;Receita bruta;Salão;Recebimentos do salão;Cartão de crédito;3829,79;2025-10;2025-11
228;02/10/2025;02/11/2025;03/11/2025;Pago;Compra de hortifrúti: NF 22442;Hortifrúti Bom Plantio;Hortifrúti;Geral;Custos variáveis;CMV (insumos);Fornecedores (insumos e embalagens);Boleto;-349,64;2025-10;2025-11
229;02/10/2025;02/11/2025;03/11/2025;Pago;Compra de mercearia: NF 23821;Empório Grão Fino;Mercearia (massas, grãos e secos);Geral;Custos variáveis;CMV (insumos);Fornecedores (insumos e embalagens);Boleto;-3020,84;2025-10;2025-11
230;02/10/2025;02/11/2025;03/11/2025;Pago;Taxa da maquininha sobre as vendas de 02/10/25;Operadora da maquininha;Taxas da maquininha (3%);Salão;Custos variáveis;Taxas de cartão;Recebimentos do salão;Descontada no repasse do cartão;-177,84;2025-10;2025-11
231;03/10/2025;03/10/2025;03/10/2025;Recebido;Vendas do salão em 03/10/25: dinheiro, PIX e débito;Clientes do salão;Vendas salão (dinheiro, PIX e débito);Salão;Receita bruta;Salão;Recebimentos do salão;Dinheiro, PIX e débito;2375,18;2025-10;2025-10
232;03/10/2025;03/11/2025;03/11/2025;Recebido;Vendas do salão em 03/10/25: cartão de crédito;Operadora da maquininha;Vendas salão (cartão de crédito);Salão;Receita bruta;Salão;Recebimentos do salão;Cartão de crédito;4749,27;2025-10;2025-11
233;03/10/2025;03/11/2025;03/11/2025;Pago;Compra de laticínios: NF 45836;Laticínios Vale Serrano;Laticínios;Geral;Custos variáveis;CMV (insumos);Fornecedores (insumos e embalagens);Boleto;-1903,42;2025-10;2025-11
234;03/10/2025;03/11/2025;03/11/2025;Pago;Taxa da maquininha sobre as vendas de 03/10/25;Operadora da maquininha;Taxas da maquininha (3%);Salão;Custos variáveis;Taxas de cartão;Recebimentos do salão;Descontada no repasse do cartão;-213,73;2025-10;2025-11
235;04/10/2025;04/10/2025;04/10/2025;Recebido;Vendas do salão em 04/10/25: dinheiro, PIX e débito;Clientes do salão;Vendas salão (dinheiro, PIX e débito);Salão;Receita bruta;Salão;Recebimentos do salão;Dinheiro, PIX e débito;3846,05;2025-10;2025-10
236;04/10/2025;04/11/2025;04/11/2025;Recebido;Vendas do salão em 04/10/25: cartão de crédito;Operadora da maquininha;Vendas salão (cartão de crédito);Salão;Receita bruta;Salão;Recebimentos do salão;Cartão de crédito;6366,62;2025-10;2025-11
237;04/10/2025;04/11/2025;04/11/2025;Pago;Compra de hortifrúti: NF 22492;Hortifrúti Bom Plantio;Hortifrúti;Geral;Custos variáveis;CMV (insumos);Fornecedores (insumos e embalagens);Boleto;-480,60;2025-10;2025-11
238;04/10/2025;04/11/2025;04/11/2025;Pago;Taxa da maquininha sobre as vendas de 04/10/25;Operadora da maquininha;Taxas da maquininha (3%);Salão;Custos variáveis;Taxas de cartão;Recebimentos do salão;Descontada no repasse do cartão;-306,38;2025-10;2025-11
239;05/10/2025;05/10/2025;05/10/2025;Recebido;Vendas do salão em 05/10/25: dinheiro, PIX e débito;Clientes do salão;Vendas salão (dinheiro, PIX e débito);Salão;Receita bruta;Salão;Recebimentos do salão;Dinheiro, PIX e débito;3340,54;2025-10;2025-10
240;05/10/2025;05/11/2025;05/11/2025;Recebido;Vendas do salão em 05/10/25: cartão de crédito;Operadora da maquininha;Vendas salão (cartão de crédito);Salão;Receita bruta;Salão;Recebimentos do salão;Cartão de crédito;5621,80;2025-10;2025-11
241;05/10/2025;05/11/2025;05/11/2025;Pago;Taxa da maquininha sobre as vendas de 05/10/25;Operadora da maquininha;Taxas da maquininha (3%);Salão;Custos variáveis;Taxas de cartão;Recebimentos do salão;Descontada no repasse do cartão;-268,87;2025-10;2025-11
242;05/10/2025;05/10/2025;06/10/2025;Pago;Gestão das redes sociais, out/25;Agência Manjericão Digital;Agência de redes sociais;Geral;Despesas fixas;Marketing;Marketing;Boleto;-2000,00;2025-10;2025-10
243;05/10/2025;05/10/2025;06/10/2025;Pago;Mensalidade do sistema de PDV e gestão, out/25;GestPDV Sistemas;Sistema de PDV e gestão;Geral;Despesas fixas;Contabilidade, sistemas e outros;Contabilidade, manutenção e outros;Débito automático;-389,90;2025-10;2025-10
244;05/10/2025;05/10/2025;06/10/2025;Pago;Limpeza e higienização (contrato), out/25;Limpa Bem Higienização;Limpeza e higienização;Geral;Despesas fixas;Contabilidade, sistemas e outros;Contabilidade, manutenção e outros;Boleto;-780,00;2025-10;2025-10
245;07/10/2025;07/10/2025;07/10/2025;Recebido;Vendas do salão em 07/10/25: dinheiro, PIX e débito;Clientes do salão;Vendas salão (dinheiro, PIX e débito);Salão;Receita bruta;Salão;Recebimentos do salão;Dinheiro, PIX e débito;1858,86;2025-10;2025-10
246;07/10/2025;07/11/2025;07/11/2025;Recebido;Vendas do salão em 07/10/25: cartão de crédito;Operadora da maquininha;Vendas salão (cartão de crédito);Salão;Receita bruta;Salão;Recebimentos do salão;Cartão de crédito;3222,66;2025-10;2025-11
247;07/10/2025;07/11/2025;07/11/2025;Pago;Compra de laticínios: NF 45846;Laticínios Vale Serrano;Laticínios;Geral;Custos variáveis;CMV (insumos);Fornecedores (insumos e embalagens);Boleto;-1582,14;2025-10;2025-11
248;07/10/2025;07/11/2025;07/11/2025;Pago;Compra de hortifrúti: NF 22546;Hortifrúti Bom Plantio;Hortifrúti;Geral;Custos variáveis;CMV (insumos);Fornecedores (insumos e embalagens);Boleto;-537,05;2025-10;2025-11
249;07/10/2025;07/11/2025;07/11/2025;Pago;Taxa da maquininha sobre as vendas de 07/10/25;Operadora da maquininha;Taxas da maquininha (3%);Salão;Custos variáveis;Taxas de cartão;Recebimentos do salão;Descontada no repasse do cartão;-152,45;2025-10;2025-11
250;07/10/2025;07/10/2025;07/10/2025;Pago;Retirada de Júlia, out/25;Júlia;Retirada dos sócios;Geral;Fora do DRE;Fora do DRE;Retirada dos sócios;PIX;-6000,00;2025-10;2025-10
251;07/10/2025;07/10/2025;07/10/2025;Pago;Retirada de Marco, out/25;Marco;Retirada dos sócios;Geral;Fora do DRE;Fora do DRE;Retirada dos sócios;PIX;-6000,00;2025-10;2025-10
252;08/10/2025;08/10/2025;08/10/2025;Recebido;Vendas do salão em 08/10/25: dinheiro, PIX e débito;Clientes do salão;Vendas salão (dinheiro, PIX e débito);Salão;Receita bruta;Salão;Recebimentos do salão;Dinheiro, PIX e débito;2015,25;2025-10;2025-10
253;08/10/2025;08/11/2025;10/11/2025;Recebido;Vendas do salão em 08/10/25: cartão de crédito;Operadora da maquininha;Vendas salão (cartão de crédito);Salão;Receita bruta;Salão;Recebimentos do salão;Cartão de crédito;2765,59;2025-10;2025-11
254;08/10/2025;08/11/2025;10/11/2025;Pago;Compra de carnes e aves: NF 24397;Frigorífico Serra Nobre;Carnes e aves;Geral;Custos variáveis;CMV (insumos);Fornecedores (insumos e embalagens);Boleto;-2513,88;2025-10;2025-11
255;08/10/2025;08/11/2025;10/11/2025;Pago;Taxa da maquininha sobre as vendas de 08/10/25;Operadora da maquininha;Taxas da maquininha (3%);Salão;Custos variáveis;Taxas de cartão;Recebimentos do salão;Descontada no repasse do cartão;-143,43;2025-10;2025-11
256;09/10/2025;09/10/2025;09/10/2025;Recebido;Vendas do salão em 09/10/25: dinheiro, PIX e débito;Clientes do salão;Vendas salão (dinheiro, PIX e débito);Salão;Receita bruta;Salão;Recebimentos do salão;Dinheiro, PIX e débito;1973,19;2025-10;2025-10
257;09/10/2025;09/11/2025;10/11/2025;Recebido;Vendas do salão em 09/10/25: cartão de crédito;Operadora da maquininha;Vendas salão (cartão de crédito);Salão;Receita bruta;Salão;Recebimentos do salão;Cartão de crédito;3259,83;2025-10;2025-11
258;09/10/2025;09/11/2025;10/11/2025;Pago;Compra de hortifrúti: NF 22560;Hortifrúti Bom Plantio;Hortifrúti;Geral;Custos variáveis;CMV (insumos);Fornecedores (insumos e embalagens);Boleto;-555,89;2025-10;2025-11
259;09/10/2025;09/11/2025;10/11/2025;Pago;Taxa da maquininha sobre as vendas de 09/10/25;Operadora da maquininha;Taxas da maquininha (3%);Salão;Custos variáveis;Taxas de cartão;Recebimentos do salão;Descontada no repasse do cartão;-156,99;2025-10;2025-11
260;10/10/2025;10/10/2025;10/10/2025;Recebido;Vendas do salão em 10/10/25: dinheiro, PIX e débito;Clientes do salão;Vendas salão (dinheiro, PIX e débito);Salão;Receita bruta;Salão;Recebimentos do salão;Dinheiro, PIX e débito;2629,76;2025-10;2025-10
261;10/10/2025;10/11/2025;10/11/2025;Recebido;Vendas do salão em 10/10/25: cartão de crédito;Operadora da maquininha;Vendas salão (cartão de crédito);Salão;Receita bruta;Salão;Recebimentos do salão;Cartão de crédito;5031,99;2025-10;2025-11
262;10/10/2025;10/11/2025;10/11/2025;Pago;Compra de laticínios: NF 45918;Laticínios Vale Serrano;Laticínios;Geral;Custos variáveis;CMV (insumos);Fornecedores (insumos e embalagens);Boleto;-2041,38;2025-10;2025-11
263;10/10/2025;10/11/2025;10/11/2025;Pago;Taxa da maquininha sobre as vendas de 10/10/25;Operadora da maquininha;Taxas da maquininha (3%);Salão;Custos variáveis;Taxas de cartão;Recebimentos do salão;Descontada no repasse do cartão;-229,85;2025-10;2025-11
264;10/10/2025;10/10/2025;10/10/2025;Pago;Aluguel do imóvel, out/25;Imobiliária Pedra Alta;Aluguel;Geral;Despesas fixas;Aluguel;Aluguel;Boleto;-14000,00;2025-10;2025-10
265;10/10/2025;10/10/2025;10/10/2025;Pago;Honorários contábeis, out/25;Escritório Contábil Exato;Contabilidade;Geral;Despesas fixas;Contabilidade, sistemas e outros;Contabilidade, manutenção e outros;Boleto;-1450,00;2025-10;2025-10
266;11/10/2025;11/10/2025;11/10/2025;Recebido;Vendas do salão em 11/10/25: dinheiro, PIX e débito;Clientes do salão;Vendas salão (dinheiro, PIX e débito);Salão;Receita bruta;Salão;Recebimentos do salão;Dinheiro, PIX e débito;3924,93;2025-10;2025-10
267;11/10/2025;11/11/2025;11/11/2025;Recebido;Vendas do salão em 11/10/25: cartão de crédito;Operadora da maquininha;Vendas salão (cartão de crédito);Salão;Receita bruta;Salão;Recebimentos do salão;Cartão de crédito;5082,34;2025-10;2025-11
268;11/10/2025;11/11/2025;11/11/2025;Pago;Compra de hortifrúti: NF 22611;Hortifrúti Bom Plantio;Hortifrúti;Geral;Custos variáveis;CMV (insumos);Fornecedores (insumos e embalagens);Boleto;-423,72;2025-10;2025-11
269;11/10/2025;11/11/2025;11/11/2025;Pago;Taxa da maquininha sobre as vendas de 11/10/25;Operadora da maquininha;Taxas da maquininha (3%);Salão;Custos variáveis;Taxas de cartão;Recebimentos do salão;Descontada no repasse do cartão;-270,22;2025-10;2025-11
270;12/10/2025;12/10/2025;12/10/2025;Recebido;Vendas do salão em 12/10/25: dinheiro, PIX e débito;Clientes do salão;Vendas salão (dinheiro, PIX e débito);Salão;Receita bruta;Salão;Recebimentos do salão;Dinheiro, PIX e débito;3353,40;2025-10;2025-10
271;12/10/2025;12/11/2025;12/11/2025;Recebido;Vendas do salão em 12/10/25: cartão de crédito;Operadora da maquininha;Vendas salão (cartão de crédito);Salão;Receita bruta;Salão;Recebimentos do salão;Cartão de crédito;5281,91;2025-10;2025-11
272;12/10/2025;12/11/2025;12/11/2025;Pago;Taxa da maquininha sobre as vendas de 12/10/25;Operadora da maquininha;Taxas da maquininha (3%);Salão;Custos variáveis;Taxas de cartão;Recebimentos do salão;Descontada no repasse do cartão;-259,06;2025-10;2025-11
273;12/10/2025;12/10/2025;13/10/2025;Pago;Conta de água e esgoto, out/25;Companhia de saneamento;Água e esgoto;Geral;Despesas fixas;Energia, gás e água;Energia, gás e água;Débito automático;-1019,17;2025-10;2025-10
274;14/10/2025;14/10/2025;14/10/2025;Recebido;Vendas do salão em 14/10/25: dinheiro, PIX e débito;Clientes do salão;Vendas salão (dinheiro, PIX e débito);Salão;Receita bruta;Salão;Recebimentos do salão;Dinheiro, PIX e débito;1853,21;2025-10;2025-10
275;14/10/2025;14/11/2025;14/11/2025;Recebido;Vendas do salão em 14/10/25: cartão de crédito;Operadora da maquininha;Vendas salão (cartão de crédito);Salão;Receita bruta;Salão;Recebimentos do salão;Cartão de crédito;2642,94;2025-10;2025-11
276;14/10/2025;14/11/2025;14/11/2025;Pago;Compra de laticínios: NF 45971;Laticínios Vale Serrano;Laticínios;Geral;Custos variáveis;CMV (insumos);Fornecedores (insumos e embalagens);Boleto;-2185,15;2025-10;2025-11
277;14/10/2025;14/11/2025;14/11/2025;Pago;Compra de hortifrúti: NF 22682;Hortifrúti Bom Plantio;Hortifrúti;Geral;Custos variáveis;CMV (insumos);Fornecedores (insumos e embalagens);Boleto;-399,43;2025-10;2025-11
278;14/10/2025;14/11/2025;14/11/2025;Pago;Taxa da maquininha sobre as vendas de 14/10/25;Operadora da maquininha;Taxas da maquininha (3%);Salão;Custos variáveis;Taxas de cartão;Recebimentos do salão;Descontada no repasse do cartão;-134,88;2025-10;2025-11
279;15/10/2025;15/10/2025;15/10/2025;Recebido;Vendas do salão em 15/10/25: dinheiro, PIX e débito;Clientes do salão;Vendas salão (dinheiro, PIX e débito);Salão;Receita bruta;Salão;Recebimentos do salão;Dinheiro, PIX e débito;2154,02;2025-10;2025-10
280;15/10/2025;15/11/2025;17/11/2025;Recebido;Vendas do salão em 15/10/25: cartão de crédito;Operadora da maquininha;Vendas salão (cartão de crédito);Salão;Receita bruta;Salão;Recebimentos do salão;Cartão de crédito;2721,22;2025-10;2025-11
281;15/10/2025;15/11/2025;17/11/2025;Pago;Compra de carnes e aves: NF 24417;Frigorífico Serra Nobre;Carnes e aves;Geral;Custos variáveis;CMV (insumos);Fornecedores (insumos e embalagens);Boleto;-2092,30;2025-10;2025-11
282;15/10/2025;15/11/2025;17/11/2025;Pago;Compra de bebidas: NF 34762;Adega & Cia Bebidas;Bebidas;Geral;Custos variáveis;CMV (insumos);Fornecedores (insumos e embalagens);Boleto;-3933,93;2025-10;2025-11
283;15/10/2025;15/11/2025;17/11/2025;Pago;Taxa da maquininha sobre as vendas de 15/10/25;Operadora da maquininha;Taxas da maquininha (3%);Salão;Custos variáveis;Taxas de cartão;Recebimentos do salão;Descontada no repasse do cartão;-146,26;2025-10;2025-11
284;15/10/2025;15/10/2025;15/10/2025;Pago;Conta de energia elétrica, out/25;Distribuidora de energia;Energia elétrica;Geral;Despesas fixas;Energia, gás e água;Energia, gás e água;Débito automático;-3961,21;2025-10;2025-10
285;15/10/2025;15/10/2025;15/10/2025;Pago;Internet e telefone, out/25;NetSerra Telecom;Internet e telefone;Geral;Despesas fixas;Contabilidade, sistemas e outros;Contabilidade, manutenção e outros;Débito automático;-249,90;2025-10;2025-10
286;16/10/2025;16/10/2025;16/10/2025;Recebido;Vendas do salão em 16/10/25: dinheiro, PIX e débito;Clientes do salão;Vendas salão (dinheiro, PIX e débito);Salão;Receita bruta;Salão;Recebimentos do salão;Dinheiro, PIX e débito;2026,50;2025-10;2025-10
287;16/10/2025;16/11/2025;17/11/2025;Recebido;Vendas do salão em 16/10/25: cartão de crédito;Operadora da maquininha;Vendas salão (cartão de crédito);Salão;Receita bruta;Salão;Recebimentos do salão;Cartão de crédito;2884,96;2025-10;2025-11
288;16/10/2025;16/11/2025;17/11/2025;Pago;Compra de hortifrúti: NF 22726;Hortifrúti Bom Plantio;Hortifrúti;Geral;Custos variáveis;CMV (insumos);Fornecedores (insumos e embalagens);Boleto;-545,08;2025-10;2025-11
289;16/10/2025;16/11/2025;17/11/2025;Pago;Compra de mercearia: NF 23889;Empório Grão Fino;Mercearia (massas, grãos e secos);Geral;Custos variáveis;CMV (insumos);Fornecedores (insumos e embalagens);Boleto;-3020,04;2025-10;2025-11
290;16/10/2025;16/11/2025;17/11/2025;Pago;Taxa da maquininha sobre as vendas de 16/10/25;Operadora da maquininha;Taxas da maquininha (3%);Salão;Custos variáveis;Taxas de cartão;Recebimentos do salão;Descontada no repasse do cartão;-147,34;2025-10;2025-11
291;17/10/2025;17/10/2025;17/10/2025;Recebido;Vendas do salão em 17/10/25: dinheiro, PIX e débito;Clientes do salão;Vendas salão (dinheiro, PIX e débito);Salão;Receita bruta;Salão;Recebimentos do salão;Dinheiro, PIX e débito;3259,29;2025-10;2025-10
292;17/10/2025;17/11/2025;17/11/2025;Recebido;Vendas do salão em 17/10/25: cartão de crédito;Operadora da maquininha;Vendas salão (cartão de crédito);Salão;Receita bruta;Salão;Recebimentos do salão;Cartão de crédito;5091,07;2025-10;2025-11
293;17/10/2025;17/11/2025;17/11/2025;Pago;Compra de laticínios: NF 46056;Laticínios Vale Serrano;Laticínios;Geral;Custos variáveis;CMV (insumos);Fornecedores (insumos e embalagens);Boleto;-1455,28;2025-10;2025-11
294;17/10/2025;17/11/2025;17/11/2025;Pago;Taxa da maquininha sobre as vendas de 17/10/25;Operadora da maquininha;Taxas da maquininha (3%);Salão;Custos variáveis;Taxas de cartão;Recebimentos do salão;Descontada no repasse do cartão;-250,51;2025-10;2025-11
295;17/10/2025;17/10/2025;17/10/2025;Pago;Desentupimento da caixa de gordura;Hidráulica Serra;Manutenção e reparos;Geral;Despesas fixas;Manutenção;Contabilidade, manutenção e outros;PIX;-268,69;2025-10;2025-10
296;18/10/2025;18/10/2025;18/10/2025;Recebido;Vendas do salão em 18/10/25: dinheiro, PIX e débito;Clientes do salão;Vendas salão (dinheiro, PIX e débito);Salão;Receita bruta;Salão;Recebimentos do salão;Dinheiro, PIX e débito;3668,24;2025-10;2025-10
297;18/10/2025;18/11/2025;18/11/2025;Recebido;Vendas do salão em 18/10/25: cartão de crédito;Operadora da maquininha;Vendas salão (cartão de crédito);Salão;Receita bruta;Salão;Recebimentos do salão;Cartão de crédito;5583,25;2025-10;2025-11
298;18/10/2025;18/11/2025;18/11/2025;Pago;Compra de hortifrúti: NF 22800;Hortifrúti Bom Plantio;Hortifrúti;Geral;Custos variáveis;CMV (insumos);Fornecedores (insumos e embalagens);Boleto;-565,99;2025-10;2025-11
299;18/10/2025;18/11/2025;18/11/2025;Pago;Taxa da maquininha sobre as vendas de 18/10/25;Operadora da maquininha;Taxas da maquininha (3%);Salão;Custos variáveis;Taxas de cartão;Recebimentos do salão;Descontada no repasse do cartão;-277,54;2025-10;2025-11
300;19/10/2025;19/10/2025;19/10/2025;Recebido;Vendas do salão em 19/10/25: dinheiro, PIX e débito;Clientes do salão;Vendas salão (dinheiro, PIX e débito);Salão;Receita bruta;Salão;Recebimentos do salão;Dinheiro, PIX e débito;3449,49;2025-10;2025-10
301;19/10/2025;19/11/2025;19/11/2025;Recebido;Vendas do salão em 19/10/25: cartão de crédito;Operadora da maquininha;Vendas salão (cartão de crédito);Salão;Receita bruta;Salão;Recebimentos do salão;Cartão de crédito;4661,05;2025-10;2025-11
302;19/10/2025;19/11/2025;19/11/2025;Pago;Taxa da maquininha sobre as vendas de 19/10/25;Operadora da maquininha;Taxas da maquininha (3%);Salão;Custos variáveis;Taxas de cartão;Recebimentos do salão;Descontada no repasse do cartão;-243,32;2025-10;2025-11
303;20/10/2025;20/10/2025;20/10/2025;Pago;Gás de cozinha (GLP), out/25;Gás Chama Azul;Gás;Geral;Despesas fixas;Energia, gás e água;Energia, gás e água;Boleto;-2076,62;2025-10;2025-10
304;20/10/2025;20/10/2025;20/10/2025;Pago;Controle de pragas (contrato), out/25;Dedetizadora Sem Praga;Controle de pragas;Geral;Despesas fixas;Contabilidade, sistemas e outros;Contabilidade, manutenção e outros;PIX;-150,00;2025-10;2025-10
305;20/10/2025;20/10/2025;20/10/2025;Pago;Conserto do forno combinado;TecForno Assistência Técnica;Manutenção e reparos;Geral;Despesas fixas;Manutenção;Contabilidade, manutenção e outros;PIX;-583,14;2025-10;2025-10
306;21/10/2025;21/10/2025;21/10/2025;Recebido;Vendas do salão em 21/10/25: dinheiro, PIX e débito;Clientes do salão;Vendas salão (dinheiro, PIX e débito);Salão;Receita bruta;Salão;Recebimentos do salão;Dinheiro, PIX e débito;2049,30;2025-10;2025-10
307;21/10/2025;21/11/2025;21/11/2025;Recebido;Vendas do salão em 21/10/25: cartão de crédito;Operadora da maquininha;Vendas salão (cartão de crédito);Salão;Receita bruta;Salão;Recebimentos do salão;Cartão de crédito;2686,57;2025-10;2025-11
308;21/10/2025;21/11/2025;21/11/2025;Pago;Compra de laticínios: NF 46075;Laticínios Vale Serrano;Laticínios;Geral;Custos variáveis;CMV (insumos);Fornecedores (insumos e embalagens);Boleto;-1381,48;2025-10;2025-11
309;21/10/2025;21/11/2025;21/11/2025;Pago;Compra de hortifrúti: NF 22843;Hortifrúti Bom Plantio;Hortifrúti;Geral;Custos variáveis;CMV (insumos);Fornecedores (insumos e embalagens);Boleto;-387,16;2025-10;2025-11
310;21/10/2025;21/11/2025;21/11/2025;Pago;Taxa da maquininha sobre as vendas de 21/10/25;Operadora da maquininha;Taxas da maquininha (3%);Salão;Custos variáveis;Taxas de cartão;Recebimentos do salão;Descontada no repasse do cartão;-142,08;2025-10;2025-11
311;22/10/2025;22/10/2025;22/10/2025;Recebido;Vendas do salão em 22/10/25: dinheiro, PIX e débito;Clientes do salão;Vendas salão (dinheiro, PIX e débito);Salão;Receita bruta;Salão;Recebimentos do salão;Dinheiro, PIX e débito;2234,18;2025-10;2025-10
312;22/10/2025;22/11/2025;24/11/2025;Recebido;Vendas do salão em 22/10/25: cartão de crédito;Operadora da maquininha;Vendas salão (cartão de crédito);Salão;Receita bruta;Salão;Recebimentos do salão;Cartão de crédito;2802,61;2025-10;2025-11
313;22/10/2025;22/11/2025;24/11/2025;Pago;Compra de carnes e aves: NF 24438;Frigorífico Serra Nobre;Carnes e aves;Geral;Custos variáveis;CMV (insumos);Fornecedores (insumos e embalagens);Boleto;-2462,47;2025-10;2025-11
314;22/10/2025;22/11/2025;24/11/2025;Pago;Taxa da maquininha sobre as vendas de 22/10/25;Operadora da maquininha;Taxas da maquininha (3%);Salão;Custos variáveis;Taxas de cartão;Recebimentos do salão;Descontada no repasse do cartão;-151,10;2025-10;2025-11
315;23/10/2025;23/10/2025;23/10/2025;Recebido;Vendas do salão em 23/10/25: dinheiro, PIX e débito;Clientes do salão;Vendas salão (dinheiro, PIX e débito);Salão;Receita bruta;Salão;Recebimentos do salão;Dinheiro, PIX e débito;2053,40;2025-10;2025-10
316;23/10/2025;23/11/2025;24/11/2025;Recebido;Vendas do salão em 23/10/25: cartão de crédito;Operadora da maquininha;Vendas salão (cartão de crédito);Salão;Receita bruta;Salão;Recebimentos do salão;Cartão de crédito;3652,74;2025-10;2025-11
317;23/10/2025;23/11/2025;24/11/2025;Pago;Compra de hortifrúti: NF 22861;Hortifrúti Bom Plantio;Hortifrúti;Geral;Custos variáveis;CMV (insumos);Fornecedores (insumos e embalagens);Boleto;-558,88;2025-10;2025-11
318;23/10/2025;23/11/2025;24/11/2025;Pago;Taxa da maquininha sobre as vendas de 23/10/25;Operadora da maquininha;Taxas da maquininha (3%);Salão;Custos variáveis;Taxas de cartão;Recebimentos do salão;Descontada no repasse do cartão;-171,18;2025-10;2025-11
319;24/10/2025;24/10/2025;24/10/2025;Recebido;Vendas do salão em 24/10/25: dinheiro, PIX e débito;Clientes do salão;Vendas salão (dinheiro, PIX e débito);Salão;Receita bruta;Salão;Recebimentos do salão;Dinheiro, PIX e débito;2425,32;2025-10;2025-10
320;24/10/2025;24/11/2025;24/11/2025;Recebido;Vendas do salão em 24/10/25: cartão de crédito;Operadora da maquininha;Vendas salão (cartão de crédito);Salão;Receita bruta;Salão;Recebimentos do salão;Cartão de crédito;4814,49;2025-10;2025-11
321;24/10/2025;24/11/2025;24/11/2025;Pago;Compra de laticínios: NF 46143;Laticínios Vale Serrano;Laticínios;Geral;Custos variáveis;CMV (insumos);Fornecedores (insumos e embalagens);Boleto;-1693,55;2025-10;2025-11
322;24/10/2025;24/11/2025;24/11/2025;Pago;Taxa da maquininha sobre as vendas de 24/10/25;Operadora da maquininha;Taxas da maquininha (3%);Salão;Custos variáveis;Taxas de cartão;Recebimentos do salão;Descontada no repasse do cartão;-217,19;2025-10;2025-11
323;25/10/2025;25/10/2025;25/10/2025;Recebido;Vendas do salão em 25/10/25: dinheiro, PIX e débito;Clientes do salão;Vendas salão (dinheiro, PIX e débito);Salão;Receita bruta;Salão;Recebimentos do salão;Dinheiro, PIX e débito;4552,57;2025-10;2025-10
324;25/10/2025;25/11/2025;25/11/2025;Recebido;Vendas do salão em 25/10/25: cartão de crédito;Operadora da maquininha;Vendas salão (cartão de crédito);Salão;Receita bruta;Salão;Recebimentos do salão;Cartão de crédito;5744,47;2025-10;2025-11
325;25/10/2025;25/11/2025;25/11/2025;Pago;Compra de hortifrúti: NF 22899;Hortifrúti Bom Plantio;Hortifrúti;Geral;Custos variáveis;CMV (insumos);Fornecedores (insumos e embalagens);Boleto;-422,61;2025-10;2025-11
326;25/10/2025;25/11/2025;25/11/2025;Pago;Taxa da maquininha sobre as vendas de 25/10/25;Operadora da maquininha;Taxas da maquininha (3%);Salão;Custos variáveis;Taxas de cartão;Recebimentos do salão;Descontada no repasse do cartão;-308,91;2025-10;2025-11
327;25/10/2025;25/10/2025;27/10/2025;Pago;Lavanderia de toalhas e uniformes, out/25;Lavanderia Branco Neve;Lavanderia;Geral;Despesas fixas;Contabilidade, sistemas e outros;Contabilidade, manutenção e outros;PIX;-420,00;2025-10;2025-10
328;26/10/2025;26/10/2025;26/10/2025;Recebido;Vendas do salão em 26/10/25: dinheiro, PIX e débito;Clientes do salão;Vendas salão (dinheiro, PIX e débito);Salão;Receita bruta;Salão;Recebimentos do salão;Dinheiro, PIX e débito;4248,66;2025-10;2025-10
329;26/10/2025;26/11/2025;26/11/2025;Recebido;Vendas do salão em 26/10/25: cartão de crédito;Operadora da maquininha;Vendas salão (cartão de crédito);Salão;Receita bruta;Salão;Recebimentos do salão;Cartão de crédito;5479,56;2025-10;2025-11
330;26/10/2025;26/11/2025;26/11/2025;Pago;Taxa da maquininha sobre as vendas de 26/10/25;Operadora da maquininha;Taxas da maquininha (3%);Salão;Custos variáveis;Taxas de cartão;Recebimentos do salão;Descontada no repasse do cartão;-291,85;2025-10;2025-11
331;28/10/2025;28/10/2025;28/10/2025;Recebido;Vendas do salão em 28/10/25: dinheiro, PIX e débito;Clientes do salão;Vendas salão (dinheiro, PIX e débito);Salão;Receita bruta;Salão;Recebimentos do salão;Dinheiro, PIX e débito;1889,08;2025-10;2025-10
332;28/10/2025;28/11/2025;28/11/2025;Recebido;Vendas do salão em 28/10/25: cartão de crédito;Operadora da maquininha;Vendas salão (cartão de crédito);Salão;Receita bruta;Salão;Recebimentos do salão;Cartão de crédito;2423,89;2025-10;2025-11
333;28/10/2025;28/11/2025;28/11/2025;Pago;Compra de laticínios: NF 46164;Laticínios Vale Serrano;Laticínios;Geral;Custos variáveis;CMV (insumos);Fornecedores (insumos e embalagens);Boleto;-2259,90;2025-10;2025-11
334;28/10/2025;28/11/2025;28/11/2025;Pago;Compra de hortifrúti: NF 22945;Hortifrúti Bom Plantio;Hortifrúti;Geral;Custos variáveis;CMV (insumos);Fornecedores (insumos e embalagens);Boleto;-355,99;2025-10;2025-11
335;28/10/2025;28/11/2025;28/11/2025;Pago;Taxa da maquininha sobre as vendas de 28/10/25;Operadora da maquininha;Taxas da maquininha (3%);Salão;Custos variáveis;Taxas de cartão;Recebimentos do salão;Descontada no repasse do cartão;-129,39;2025-10;2025-11
336;29/10/2025;29/10/2025;29/10/2025;Recebido;Vendas do salão em 29/10/25: dinheiro, PIX e débito;Clientes do salão;Vendas salão (dinheiro, PIX e débito);Salão;Receita bruta;Salão;Recebimentos do salão;Dinheiro, PIX e débito;2178,95;2025-10;2025-10
337;29/10/2025;29/11/2025;28/11/2025;Recebido;Vendas do salão em 29/10/25: cartão de crédito;Operadora da maquininha;Vendas salão (cartão de crédito);Salão;Receita bruta;Salão;Recebimentos do salão;Cartão de crédito;2685,97;2025-10;2025-11
338;29/10/2025;29/11/2025;28/11/2025;Pago;Compra de carnes e aves: NF 24525;Frigorífico Serra Nobre;Carnes e aves;Geral;Custos variáveis;CMV (insumos);Fornecedores (insumos e embalagens);Boleto;-1645,73;2025-10;2025-11
339;29/10/2025;29/11/2025;28/11/2025;Pago;Compra de bebidas: NF 34847;Adega & Cia Bebidas;Bebidas;Geral;Custos variáveis;CMV (insumos);Fornecedores (insumos e embalagens);Boleto;-4407,58;2025-10;2025-11
340;29/10/2025;29/11/2025;28/11/2025;Pago;Taxa da maquininha sobre as vendas de 29/10/25;Operadora da maquininha;Taxas da maquininha (3%);Salão;Custos variáveis;Taxas de cartão;Recebimentos do salão;Descontada no repasse do cartão;-145,95;2025-10;2025-11
341;30/10/2025;30/10/2025;30/10/2025;Recebido;Vendas do salão em 30/10/25: dinheiro, PIX e débito;Clientes do salão;Vendas salão (dinheiro, PIX e débito);Salão;Receita bruta;Salão;Recebimentos do salão;Dinheiro, PIX e débito;2553,51;2025-10;2025-10
342;30/10/2025;30/11/2025;28/11/2025;Recebido;Vendas do salão em 30/10/25: cartão de crédito;Operadora da maquininha;Vendas salão (cartão de crédito);Salão;Receita bruta;Salão;Recebimentos do salão;Cartão de crédito;3153,79;2025-10;2025-11
343;30/10/2025;30/11/2025;28/11/2025;Pago;Compra de hortifrúti: NF 23030;Hortifrúti Bom Plantio;Hortifrúti;Geral;Custos variáveis;CMV (insumos);Fornecedores (insumos e embalagens);Boleto;-412,29;2025-10;2025-11
344;30/10/2025;30/11/2025;28/11/2025;Pago;Compra de mercearia: NF 23895;Empório Grão Fino;Mercearia (massas, grãos e secos);Geral;Custos variáveis;CMV (insumos);Fornecedores (insumos e embalagens);Boleto;-3041,44;2025-10;2025-11
345;30/10/2025;30/11/2025;28/11/2025;Pago;Taxa da maquininha sobre as vendas de 30/10/25;Operadora da maquininha;Taxas da maquininha (3%);Salão;Custos variáveis;Taxas de cartão;Recebimentos do salão;Descontada no repasse do cartão;-171,22;2025-10;2025-11
346;31/10/2025;31/10/2025;31/10/2025;Recebido;Vendas do salão em 31/10/25: dinheiro, PIX e débito;Clientes do salão;Vendas salão (dinheiro, PIX e débito);Salão;Receita bruta;Salão;Recebimentos do salão;Dinheiro, PIX e débito;2622,49;2025-10;2025-10
347;31/10/2025;30/11/2025;28/11/2025;Recebido;Vendas do salão em 31/10/25: cartão de crédito;Operadora da maquininha;Vendas salão (cartão de crédito);Salão;Receita bruta;Salão;Recebimentos do salão;Cartão de crédito;4224,82;2025-10;2025-11
348;31/10/2025;20/11/2025;21/11/2025;Pago;DAS do Simples Nacional, competência out/25;Receita Federal;Simples Nacional;Geral;Custos variáveis;Simples Nacional;Simples Nacional;Guia DAS;-14560,00;2025-10;2025-11
349;31/10/2025;30/11/2025;28/11/2025;Pago;Compra de laticínios: NF 46176;Laticínios Vale Serrano;Laticínios;Geral;Custos variáveis;CMV (insumos);Fornecedores (insumos e embalagens);Boleto;-1664,24;2025-10;2025-11
350;31/10/2025;30/11/2025;28/11/2025;Pago;Taxa da maquininha sobre as vendas de 31/10/25;Operadora da maquininha;Taxas da maquininha (3%);Salão;Custos variáveis;Taxas de cartão;Recebimentos do salão;Descontada no repasse do cartão;-205,42;2025-10;2025-11
351;31/10/2025;07/11/2025;07/11/2025;Pago;Salários da cozinha, folha de out/25;Funcionários da cozinha;Salários da cozinha;Geral;Despesas fixas;Folha e encargos;Folha e encargos;Transferência bancária;-12480,00;2025-10;2025-11
352;31/10/2025;07/11/2025;07/11/2025;Pago;Salários do salão e da administração, folha de out/25;Funcionários do salão e da administração;Salários do salão e administração;Geral;Despesas fixas;Folha e encargos;Folha e encargos;Transferência bancária;-21420,00;2025-10;2025-11
353;31/10/2025;20/11/2025;19/11/2025;Pago;INSS e IRRF retidos dos funcionários, folha de out/25;Receita Federal;INSS e IRRF retidos;Geral;Despesas fixas;Folha e encargos;Folha e encargos;Guia DCTFWeb;-3330,00;2025-10;2025-11
354;31/10/2025;20/11/2025;19/11/2025;Pago;FGTS, folha de out/25;FGTS (Caixa);FGTS;Geral;Despesas fixas;Folha e encargos;Folha e encargos;Guia FGTS Digital;-2978,40;2025-10;2025-11
355;31/10/2025;07/11/2025;07/11/2025;Pago;Vale-transporte, folha de out/25;Operadora de vale-transporte;Vale-transporte;Geral;Despesas fixas;Folha e encargos;Folha e encargos;Boleto;-1791,60;2025-10;2025-11
356;31/10/2025;31/10/2025;31/10/2025;Pago;Pró-labore de Júlia, out/25;Júlia;Pró-labore;Geral;Despesas fixas;Pró-labore;Pró-labore;PIX;-8000,00;2025-10;2025-10
357;31/10/2025;31/10/2025;31/10/2025;Pago;Pró-labore de Marco, out/25;Marco;Pró-labore;Geral;Despesas fixas;Pró-labore;Pró-labore;PIX;-8000,00;2025-10;2025-10
358;31/10/2025;31/10/2025;31/10/2025;Pago;Conserto de mesas e cadeiras;Marcenaria Pinho Nobre;Manutenção e reparos;Geral;Despesas fixas;Manutenção;Contabilidade, manutenção e outros;PIX;-682,17;2025-10;2025-10
359;01/11/2025;01/11/2025;01/11/2025;Recebido;Vendas do salão em 01/11/25: dinheiro, PIX e débito;Clientes do salão;Vendas salão (dinheiro, PIX e débito);Salão;Receita bruta;Salão;Recebimentos do salão;Dinheiro, PIX e débito;3605,14;2025-11;2025-11
360;01/11/2025;01/12/2025;01/12/2025;Recebido;Vendas do salão em 01/11/25: cartão de crédito;Operadora da maquininha;Vendas salão (cartão de crédito);Salão;Receita bruta;Salão;Recebimentos do salão;Cartão de crédito;6809,82;2025-11;2025-12
361;01/11/2025;01/12/2025;01/12/2025;Pago;Compra de hortifrúti: NF 23106;Hortifrúti Bom Plantio;Hortifrúti;Geral;Custos variáveis;CMV (insumos);Fornecedores (insumos e embalagens);Boleto;-602,94;2025-11;2025-12
362;01/11/2025;01/12/2025;01/12/2025;Pago;Taxa da maquininha sobre as vendas de 01/11/25;Operadora da maquininha;Taxas da maquininha (3%);Salão;Custos variáveis;Taxas de cartão;Recebimentos do salão;Descontada no repasse do cartão;-312,45;2025-11;2025-12
363;01/11/2025;01/11/2025;03/11/2025;Pago;Tarifas bancárias, nov/25;Banco Horizonte;Tarifas bancárias;Geral;Despesas fixas;Contabilidade, sistemas e outros;Contabilidade, manutenção e outros;Débito em conta;-60,20;2025-11;2025-11
364;02/11/2025;02/11/2025;02/11/2025;Recebido;Vendas do salão em 02/11/25: dinheiro, PIX e débito;Clientes do salão;Vendas salão (dinheiro, PIX e débito);Salão;Receita bruta;Salão;Recebimentos do salão;Dinheiro, PIX e débito;3612,61;2025-11;2025-11
365;02/11/2025;02/12/2025;02/12/2025;Recebido;Vendas do salão em 02/11/25: cartão de crédito;Operadora da maquininha;Vendas salão (cartão de crédito);Salão;Receita bruta;Salão;Recebimentos do salão;Cartão de crédito;5084,18;2025-11;2025-12
366;02/11/2025;02/12/2025;02/12/2025;Pago;Taxa da maquininha sobre as vendas de 02/11/25;Operadora da maquininha;Taxas da maquininha (3%);Salão;Custos variáveis;Taxas de cartão;Recebimentos do salão;Descontada no repasse do cartão;-260,90;2025-11;2025-12
367;04/11/2025;04/11/2025;04/11/2025;Recebido;Vendas do salão em 04/11/25: dinheiro, PIX e débito;Clientes do salão;Vendas salão (dinheiro, PIX e débito);Salão;Receita bruta;Salão;Recebimentos do salão;Dinheiro, PIX e débito;1697,54;2025-11;2025-11
368;04/11/2025;04/12/2025;04/12/2025;Recebido;Vendas do salão em 04/11/25: cartão de crédito;Operadora da maquininha;Vendas salão (cartão de crédito);Salão;Receita bruta;Salão;Recebimentos do salão;Cartão de crédito;2490,27;2025-11;2025-12
369;04/11/2025;04/12/2025;04/12/2025;Pago;Compra de laticínios: NF 46244;Laticínios Vale Serrano;Laticínios;Geral;Custos variáveis;CMV (insumos);Fornecedores (insumos e embalagens);Boleto;-2224,98;2025-11;2025-12
370;04/11/2025;04/12/2025;04/12/2025;Pago;Compra de hortifrúti: NF 23135;Hortifrúti Bom Plantio;Hortifrúti;Geral;Custos variáveis;CMV (insumos);Fornecedores (insumos e embalagens);Boleto;-470,02;2025-11;2025-12
371;04/11/2025;04/12/2025;04/12/2025;Pago;Taxa da maquininha sobre as vendas de 04/11/25;Operadora da maquininha;Taxas da maquininha (3%);Salão;Custos variáveis;Taxas de cartão;Recebimentos do salão;Descontada no repasse do cartão;-125,63;2025-11;2025-12
372;05/11/2025;05/11/2025;05/11/2025;Recebido;Vendas do salão em 05/11/25: dinheiro, PIX e débito;Clientes do salão;Vendas salão (dinheiro, PIX e débito);Salão;Receita bruta;Salão;Recebimentos do salão;Dinheiro, PIX e débito;2179,95;2025-11;2025-11
373;05/11/2025;05/12/2025;05/12/2025;Recebido;Vendas do salão em 05/11/25: cartão de crédito;Operadora da maquininha;Vendas salão (cartão de crédito);Salão;Receita bruta;Salão;Recebimentos do salão;Cartão de crédito;2812,66;2025-11;2025-12
374;05/11/2025;05/12/2025;05/12/2025;Pago;Compra de carnes e aves: NF 24591;Frigorífico Serra Nobre;Carnes e aves;Geral;Custos variáveis;CMV (insumos);Fornecedores (insumos e embalagens);Boleto;-2570,89;2025-11;2025-12
375;05/11/2025;05/12/2025;05/12/2025;Pago;Compra de bebidas: NF 34860;Adega & Cia Bebidas;Bebidas;Geral;Custos variáveis;CMV (insumos);Fornecedores (insumos e embalagens);Boleto;-6075,66;2025-11;2025-12
376;05/11/2025;05/12/2025;05/12/2025;Pago;Taxa da maquininha sobre as vendas de 05/11/25;Operadora da maquininha;Taxas da maquininha (3%);Salão;Custos variáveis;Taxas de cartão;Recebimentos do salão;Descontada no repasse do cartão;-149,78;2025-11;2025-12
377;05/11/2025;05/11/2025;05/11/2025;Pago;Gestão das redes sociais, nov/25;Agência Manjericão Digital;Agência de redes sociais;Geral;Despesas fixas;Marketing;Marketing;Boleto;-2000,00;2025-11;2025-11
378;05/11/2025;05/11/2025;05/11/2025;Pago;Mensalidade do sistema de PDV e gestão, nov/25;GestPDV Sistemas;Sistema de PDV e gestão;Geral;Despesas fixas;Contabilidade, sistemas e outros;Contabilidade, manutenção e outros;Débito automático;-389,90;2025-11;2025-11
379;05/11/2025;05/11/2025;05/11/2025;Pago;Limpeza e higienização (contrato), nov/25;Limpa Bem Higienização;Limpeza e higienização;Geral;Despesas fixas;Contabilidade, sistemas e outros;Contabilidade, manutenção e outros;Boleto;-780,00;2025-11;2025-11
380;06/11/2025;06/11/2025;06/11/2025;Recebido;Vendas do salão em 06/11/25: dinheiro, PIX e débito;Clientes do salão;Vendas salão (dinheiro, PIX e débito);Salão;Receita bruta;Salão;Recebimentos do salão;Dinheiro, PIX e débito;2456,14;2025-11;2025-11
381;06/11/2025;06/12/2025;08/12/2025;Recebido;Vendas do salão em 06/11/25: cartão de crédito;Operadora da maquininha;Vendas salão (cartão de crédito);Salão;Receita bruta;Salão;Recebimentos do salão;Cartão de crédito;3390,45;2025-11;2025-12
382;06/11/2025;06/12/2025;08/12/2025;Pago;Compra de hortifrúti: NF 23168;Hortifrúti Bom Plantio;Hortifrúti;Geral;Custos variáveis;CMV (insumos);Fornecedores (insumos e embalagens);Boleto;-748,95;2025-11;2025-12
383;06/11/2025;06/12/2025;08/12/2025;Pago;Compra de mercearia: NF 23909;Empório Grão Fino;Mercearia (massas, grãos e secos);Geral;Custos variáveis;CMV (insumos);Fornecedores (insumos e embalagens);Boleto;-3689,66;2025-11;2025-12
384;06/11/2025;06/12/2025;08/12/2025;Pago;Taxa da maquininha sobre as vendas de 06/11/25;Operadora da maquininha;Taxas da maquininha (3%);Salão;Custos variáveis;Taxas de cartão;Recebimentos do salão;Descontada no repasse do cartão;-175,40;2025-11;2025-12
385;07/11/2025;07/11/2025;07/11/2025;Recebido;Vendas do salão em 07/11/25: dinheiro, PIX e débito;Clientes do salão;Vendas salão (dinheiro, PIX e débito);Salão;Receita bruta;Salão;Recebimentos do salão;Dinheiro, PIX e débito;3186,67;2025-11;2025-11
386;07/11/2025;07/12/2025;08/12/2025;Recebido;Vendas do salão em 07/11/25: cartão de crédito;Operadora da maquininha;Vendas salão (cartão de crédito);Salão;Receita bruta;Salão;Recebimentos do salão;Cartão de crédito;4347,60;2025-11;2025-12
387;07/11/2025;07/12/2025;08/12/2025;Pago;Compra de laticínios: NF 46315;Laticínios Vale Serrano;Laticínios;Geral;Custos variáveis;CMV (insumos);Fornecedores (insumos e embalagens);Boleto;-2089,59;2025-11;2025-12
388;07/11/2025;07/12/2025;08/12/2025;Pago;Taxa da maquininha sobre as vendas de 07/11/25;Operadora da maquininha;Taxas da maquininha (3%);Salão;Custos variáveis;Taxas de cartão;Recebimentos do salão;Descontada no repasse do cartão;-226,03;2025-11;2025-12
389;07/11/2025;07/11/2025;07/11/2025;Pago;Retirada de Júlia, nov/25;Júlia;Retirada dos sócios;Geral;Fora do DRE;Fora do DRE;Retirada dos sócios;PIX;-6000,00;2025-11;2025-11
390;07/11/2025;07/11/2025;07/11/2025;Pago;Retirada de Marco, nov/25;Marco;Retirada dos sócios;Geral;Fora do DRE;Fora do DRE;Retirada dos sócios;PIX;-6000,00;2025-11;2025-11
391;08/11/2025;08/11/2025;08/11/2025;Recebido;Vendas do salão em 08/11/25: dinheiro, PIX e débito;Clientes do salão;Vendas salão (dinheiro, PIX e débito);Salão;Receita bruta;Salão;Recebimentos do salão;Dinheiro, PIX e débito;4053,03;2025-11;2025-11
392;08/11/2025;08/12/2025;08/12/2025;Recebido;Vendas do salão em 08/11/25: cartão de crédito;Operadora da maquininha;Vendas salão (cartão de crédito);Salão;Receita bruta;Salão;Recebimentos do salão;Cartão de crédito;5044,43;2025-11;2025-12
393;08/11/2025;08/12/2025;08/12/2025;Pago;Compra de hortifrúti: NF 23252;Hortifrúti Bom Plantio;Hortifrúti;Geral;Custos variáveis;CMV (insumos);Fornecedores (insumos e embalagens);Boleto;-479,55;2025-11;2025-12
394;08/11/2025;08/12/2025;08/12/2025;Pago;Taxa da maquininha sobre as vendas de 08/11/25;Operadora da maquininha;Taxas da maquininha (3%);Salão;Custos variáveis;Taxas de cartão;Recebimentos do salão;Descontada no repasse do cartão;-272,92;2025-11;2025-12
395;09/11/2025;09/11/2025;09/11/2025;Recebido;Vendas do salão em 09/11/25: dinheiro, PIX e débito;Clientes do salão;Vendas salão (dinheiro, PIX e débito);Salão;Receita bruta;Salão;Recebimentos do salão;Dinheiro, PIX e débito;2972,52;2025-11;2025-11
396;09/11/2025;09/12/2025;09/12/2025;Recebido;Vendas do salão em 09/11/25: cartão de crédito;Operadora da maquininha;Vendas salão (cartão de crédito);Salão;Receita bruta;Salão;Recebimentos do salão;Cartão de crédito;5461,37;2025-11;2025-12
397;09/11/2025;09/12/2025;09/12/2025;Pago;Taxa da maquininha sobre as vendas de 09/11/25;Operadora da maquininha;Taxas da maquininha (3%);Salão;Custos variáveis;Taxas de cartão;Recebimentos do salão;Descontada no repasse do cartão;-253,02;2025-11;2025-12
398;10/11/2025;10/11/2025;10/11/2025;Pago;Aluguel do imóvel, nov/25;Imobiliária Pedra Alta;Aluguel;Geral;Despesas fixas;Aluguel;Aluguel;Boleto;-14000,00;2025-11;2025-11
399;10/11/2025;10/11/2025;10/11/2025;Pago;Honorários contábeis, nov/25;Escritório Contábil Exato;Contabilidade;Geral;Despesas fixas;Contabilidade, sistemas e outros;Contabilidade, manutenção e outros;Boleto;-1450,00;2025-11;2025-11
400;11/11/2025;11/11/2025;11/11/2025;Recebido;Vendas do salão em 11/11/25: dinheiro, PIX e débito;Clientes do salão;Vendas salão (dinheiro, PIX e débito);Salão;Receita bruta;Salão;Recebimentos do salão;Dinheiro, PIX e débito;1936,68;2025-11;2025-11
401;11/11/2025;11/12/2025;11/12/2025;Recebido;Vendas do salão em 11/11/25: cartão de crédito;Operadora da maquininha;Vendas salão (cartão de crédito);Salão;Receita bruta;Salão;Recebimentos do salão;Cartão de crédito;3237,40;2025-11;2025-12
402;11/11/2025;11/12/2025;11/12/2025;Pago;Compra de laticínios: NF 46374;Laticínios Vale Serrano;Laticínios;Geral;Custos variáveis;CMV (insumos);Fornecedores (insumos e embalagens);Boleto;-2145,77;2025-11;2025-12
403;11/11/2025;11/12/2025;11/12/2025;Pago;Compra de hortifrúti: NF 23313;Hortifrúti Bom Plantio;Hortifrúti;Geral;Custos variáveis;CMV (insumos);Fornecedores (insumos e embalagens);Boleto;-471,41;2025-11;2025-12
404;11/11/2025;11/12/2025;11/12/2025;Pago;Taxa da maquininha sobre as vendas de 11/11/25;Operadora da maquininha;Taxas da maquininha (3%);Salão;Custos variáveis;Taxas de cartão;Recebimentos do salão;Descontada no repasse do cartão;-155,22;2025-11;2025-12
405;11/11/2025;11/11/2025;11/11/2025;Pago;Manutenção do cilindro de massas;TecForno Assistência Técnica;Manutenção e reparos;Geral;Despesas fixas;Manutenção;Contabilidade, manutenção e outros;PIX;-972,26;2025-11;2025-11
406;12/11/2025;12/11/2025;12/11/2025;Recebido;Vendas do salão em 12/11/25: dinheiro, PIX e débito;Clientes do salão;Vendas salão (dinheiro, PIX e débito);Salão;Receita bruta;Salão;Recebimentos do salão;Dinheiro, PIX e débito;2212,42;2025-11;2025-11
407;12/11/2025;12/12/2025;12/12/2025;Recebido;Vendas do salão em 12/11/25: cartão de crédito;Operadora da maquininha;Vendas salão (cartão de crédito);Salão;Receita bruta;Salão;Recebimentos do salão;Cartão de crédito;3088,78;2025-11;2025-12
408;12/11/2025;12/12/2025;12/12/2025;Pago;Compra de carnes e aves: NF 24679;Frigorífico Serra Nobre;Carnes e aves;Geral;Custos variáveis;CMV (insumos);Fornecedores (insumos e embalagens);Boleto;-2956,46;2025-11;2025-12
409;12/11/2025;12/12/2025;12/12/2025;Pago;Taxa da maquininha sobre as vendas de 12/11/25;Operadora da maquininha;Taxas da maquininha (3%);Salão;Custos variáveis;Taxas de cartão;Recebimentos do salão;Descontada no repasse do cartão;-159,04;2025-11;2025-12
410;12/11/2025;12/11/2025;12/11/2025;Pago;Conta de água e esgoto, nov/25;Companhia de saneamento;Água e esgoto;Geral;Despesas fixas;Energia, gás e água;Energia, gás e água;Débito automático;-1094,70;2025-11;2025-11
411;12/11/2025;12/11/2025;12/11/2025;Pago;Reparo elétrico no salão;Eletricista Souza;Manutenção e reparos;Geral;Despesas fixas;Manutenção;Contabilidade, manutenção e outros;PIX;-688,74;2025-11;2025-11
412;13/11/2025;13/11/2025;13/11/2025;Recebido;Vendas do salão em 13/11/25: dinheiro, PIX e débito;Clientes do salão;Vendas salão (dinheiro, PIX e débito);Salão;Receita bruta;Salão;Recebimentos do salão;Dinheiro, PIX e débito;2428,90;2025-11;2025-11
413;13/11/2025;13/12/2025;15/12/2025;Recebido;Vendas do salão em 13/11/25: cartão de crédito;Operadora da maquininha;Vendas salão (cartão de crédito);Salão;Receita bruta;Salão;Recebimentos do salão;Cartão de crédito;3664,52;2025-11;2025-12
414;13/11/2025;13/12/2025;15/12/2025;Pago;Compra de hortifrúti: NF 23403;Hortifrúti Bom Plantio;Hortifrúti;Geral;Custos variáveis;CMV (insumos);Fornecedores (insumos e embalagens);Boleto;-573,15;2025-11;2025-12
415;13/11/2025;13/12/2025;15/12/2025;Pago;Taxa da maquininha sobre as vendas de 13/11/25;Operadora da maquininha;Taxas da maquininha (3%);Salão;Custos variáveis;Taxas de cartão;Recebimentos do salão;Descontada no repasse do cartão;-182,80;2025-11;2025-12
416;14/11/2025;14/11/2025;14/11/2025;Recebido;Vendas do salão em 14/11/25: dinheiro, PIX e débito;Clientes do salão;Vendas salão (dinheiro, PIX e débito);Salão;Receita bruta;Salão;Recebimentos do salão;Dinheiro, PIX e débito;2700,75;2025-11;2025-11
417;14/11/2025;14/12/2025;15/12/2025;Recebido;Vendas do salão em 14/11/25: cartão de crédito;Operadora da maquininha;Vendas salão (cartão de crédito);Salão;Receita bruta;Salão;Recebimentos do salão;Cartão de crédito;4196,40;2025-11;2025-12
418;14/11/2025;14/11/2025;14/11/2025;Recebido;Empréstimo para a reforma do salão (24 parcelas);Banco Horizonte;Empréstimo recebido;Geral;Fora do DRE;Fora do DRE;Empréstimo recebido;Crédito em conta;150000,00;2025-11;2025-11
419;14/11/2025;14/12/2025;15/12/2025;Pago;Compra de laticínios: NF 46409;Laticínios Vale Serrano;Laticínios;Geral;Custos variáveis;CMV (insumos);Fornecedores (insumos e embalagens);Boleto;-1669,57;2025-11;2025-12
420;14/11/2025;14/12/2025;15/12/2025;Pago;Taxa da maquininha sobre as vendas de 14/11/25;Operadora da maquininha;Taxas da maquininha (3%);Salão;Custos variáveis;Taxas de cartão;Recebimentos do salão;Descontada no repasse do cartão;-206,92;2025-11;2025-12
421;15/11/2025;15/11/2025;15/11/2025;Recebido;Vendas do salão em 15/11/25: dinheiro, PIX e débito;Clientes do salão;Vendas salão (dinheiro, PIX e débito);Salão;Receita bruta;Salão;Recebimentos do salão;Dinheiro, PIX e débito;4086,96;2025-11;2025-11
422;15/11/2025;15/12/2025;15/12/2025;Recebido;Vendas do salão em 15/11/25: cartão de crédito;Operadora da maquininha;Vendas salão (cartão de crédito);Salão;Receita bruta;Salão;Recebimentos do salão;Cartão de crédito;5542,94;2025-11;2025-12
423;15/11/2025;15/12/2025;15/12/2025;Pago;Taxa da maquininha sobre as vendas de 15/11/25;Operadora da maquininha;Taxas da maquininha (3%);Salão;Custos variáveis;Taxas de cartão;Recebimentos do salão;Descontada no repasse do cartão;-288,90;2025-11;2025-12
424;15/11/2025;15/11/2025;17/11/2025;Pago;Conta de energia elétrica, nov/25;Distribuidora de energia;Energia elétrica;Geral;Despesas fixas;Energia, gás e água;Energia, gás e água;Débito automático;-3880,33;2025-11;2025-11
425;15/11/2025;15/11/2025;17/11/2025;Pago;Internet e telefone, nov/25;NetSerra Telecom;Internet e telefone;Geral;Despesas fixas;Contabilidade, sistemas e outros;Contabilidade, manutenção e outros;Débito automático;-249,90;2025-11;2025-11
426;16/11/2025;16/11/2025;16/11/2025;Recebido;Vendas do salão em 16/11/25: dinheiro, PIX e débito;Clientes do salão;Vendas salão (dinheiro, PIX e débito);Salão;Receita bruta;Salão;Recebimentos do salão;Dinheiro, PIX e débito;3340,66;2025-11;2025-11
427;16/11/2025;16/12/2025;16/12/2025;Recebido;Vendas do salão em 16/11/25: cartão de crédito;Operadora da maquininha;Vendas salão (cartão de crédito);Salão;Receita bruta;Salão;Recebimentos do salão;Cartão de crédito;6061,65;2025-11;2025-12
428;16/11/2025;16/12/2025;16/12/2025;Pago;Taxa da maquininha sobre as vendas de 16/11/25;Operadora da maquininha;Taxas da maquininha (3%);Salão;Custos variáveis;Taxas de cartão;Recebimentos do salão;Descontada no repasse do cartão;-282,07;2025-11;2025-12
429;18/11/2025;18/11/2025;18/11/2025;Recebido;Vendas do salão em 18/11/25: dinheiro, PIX e débito;Clientes do salão;Vendas salão (dinheiro, PIX e débito);Salão;Receita bruta;Salão;Recebimentos do salão;Dinheiro, PIX e débito;2228,05;2025-11;2025-11
430;18/11/2025;18/12/2025;18/12/2025;Recebido;Vendas do salão em 18/11/25: cartão de crédito;Operadora da maquininha;Vendas salão (cartão de crédito);Salão;Receita bruta;Salão;Recebimentos do salão;Cartão de crédito;2797,83;2025-11;2025-12
431;18/11/2025;18/12/2025;18/12/2025;Pago;Compra de laticínios: NF 46485;Laticínios Vale Serrano;Laticínios;Geral;Custos variáveis;CMV (insumos);Fornecedores (insumos e embalagens);Boleto;-1969,27;2025-11;2025-12
432;18/11/2025;18/12/2025;18/12/2025;Pago;Compra de hortifrúti: NF 23471;Hortifrúti Bom Plantio;Hortifrúti;Geral;Custos variáveis;CMV (insumos);Fornecedores (insumos e embalagens);Boleto;-542,65;2025-11;2025-12
433;18/11/2025;18/12/2025;18/12/2025;Pago;Taxa da maquininha sobre as vendas de 18/11/25;Operadora da maquininha;Taxas da maquininha (3%);Salão;Custos variáveis;Taxas de cartão;Recebimentos do salão;Descontada no repasse do cartão;-150,78;2025-11;2025-12
434;19/11/2025;19/11/2025;19/11/2025;Recebido;Vendas do salão em 19/11/25: dinheiro, PIX e débito;Clientes do salão;Vendas salão (dinheiro, PIX e débito);Salão;Receita bruta;Salão;Recebimentos do salão;Dinheiro, PIX e débito;1665,65;2025-11;2025-11
435;19/11/2025;19/12/2025;19/12/2025;Recebido;Vendas do salão em 19/11/25: cartão de crédito;Operadora da maquininha;Vendas salão (cartão de crédito);Salão;Receita bruta;Salão;Recebimentos do salão;Cartão de crédito;3255,41;2025-11;2025-12
436;19/11/2025;19/12/2025;19/12/2025;Pago;Compra de carnes e aves: NF 24767;Frigorífico Serra Nobre;Carnes e aves;Geral;Custos variáveis;CMV (insumos);Fornecedores (insumos e embalagens);Boleto;-2784,36;2025-11;2025-12
437;19/11/2025;19/12/2025;19/12/2025;Pago;Compra de bebidas: NF 34935;Adega & Cia Bebidas;Bebidas;Geral;Custos variáveis;CMV (insumos);Fornecedores (insumos e embalagens);Boleto;-6362,56;2025-11;2025-12
438;19/11/2025;19/12/2025;19/12/2025;Pago;Taxa da maquininha sobre as vendas de 19/11/25;Operadora da maquininha;Taxas da maquininha (3%);Salão;Custos variáveis;Taxas de cartão;Recebimentos do salão;Descontada no repasse do cartão;-147,63;2025-11;2025-12
439;20/11/2025;20/11/2025;20/11/2025;Recebido;Vendas do salão em 20/11/25: dinheiro, PIX e débito;Clientes do salão;Vendas salão (dinheiro, PIX e débito);Salão;Receita bruta;Salão;Recebimentos do salão;Dinheiro, PIX e débito;1953,23;2025-11;2025-11
440;20/11/2025;20/12/2025;22/12/2025;Recebido;Vendas do salão em 20/11/25: cartão de crédito;Operadora da maquininha;Vendas salão (cartão de crédito);Salão;Receita bruta;Salão;Recebimentos do salão;Cartão de crédito;3737,57;2025-11;2025-12
441;20/11/2025;20/12/2025;22/12/2025;Pago;Taxa da maquininha sobre as vendas de 20/11/25;Operadora da maquininha;Taxas da maquininha (3%);Salão;Custos variáveis;Taxas de cartão;Recebimentos do salão;Descontada no repasse do cartão;-170,72;2025-11;2025-12
442;20/11/2025;20/11/2025;21/11/2025;Pago;Gás de cozinha (GLP), nov/25;Gás Chama Azul;Gás;Geral;Despesas fixas;Energia, gás e água;Energia, gás e água;Boleto;-2153,97;2025-11;2025-11
443;20/11/2025;20/11/2025;21/11/2025;Pago;Controle de pragas (contrato), nov/25;Dedetizadora Sem Praga;Controle de pragas;Geral;Despesas fixas;Contabilidade, sistemas e outros;Contabilidade, manutenção e outros;PIX;-150,00;2025-11;2025-11
444;21/11/2025;21/11/2025;21/11/2025;Recebido;Vendas do salão em 21/11/25: dinheiro, PIX e débito;Clientes do salão;Vendas salão (dinheiro, PIX e débito);Salão;Receita bruta;Salão;Recebimentos do salão;Dinheiro, PIX e débito;3256,60;2025-11;2025-11
445;21/11/2025;21/12/2025;22/12/2025;Recebido;Vendas do salão em 21/11/25: cartão de crédito;Operadora da maquininha;Vendas salão (cartão de crédito);Salão;Receita bruta;Salão;Recebimentos do salão;Cartão de crédito;4094,55;2025-11;2025-12
446;21/11/2025;21/12/2025;22/12/2025;Pago;Compra de laticínios: NF 46553;Laticínios Vale Serrano;Laticínios;Geral;Custos variáveis;CMV (insumos);Fornecedores (insumos e embalagens);Boleto;-1906,03;2025-11;2025-12
447;21/11/2025;21/12/2025;22/12/2025;Pago;Taxa da maquininha sobre as vendas de 21/11/25;Operadora da maquininha;Taxas da maquininha (3%);Salão;Custos variáveis;Taxas de cartão;Recebimentos do salão;Descontada no repasse do cartão;-220,53;2025-11;2025-12
448;22/11/2025;22/11/2025;22/11/2025;Recebido;Vendas do salão em 22/11/25: dinheiro, PIX e débito;Clientes do salão;Vendas salão (dinheiro, PIX e débito);Salão;Receita bruta;Salão;Recebimentos do salão;Dinheiro, PIX e débito;3898,34;2025-11;2025-11
449;22/11/2025;22/12/2025;22/12/2025;Recebido;Vendas do salão em 22/11/25: cartão de crédito;Operadora da maquininha;Vendas salão (cartão de crédito);Salão;Receita bruta;Salão;Recebimentos do salão;Cartão de crédito;5674,17;2025-11;2025-12
450;22/11/2025;22/12/2025;22/12/2025;Pago;Compra de hortifrúti: NF 23538;Hortifrúti Bom Plantio;Hortifrúti;Geral;Custos variáveis;CMV (insumos);Fornecedores (insumos e embalagens);Boleto;-494,65;2025-11;2025-12
451;22/11/2025;22/12/2025;22/12/2025;Pago;Taxa da maquininha sobre as vendas de 22/11/25;Operadora da maquininha;Taxas da maquininha (3%);Salão;Custos variáveis;Taxas de cartão;Recebimentos do salão;Descontada no repasse do cartão;-287,18;2025-11;2025-12
452;23/11/2025;23/11/2025;23/11/2025;Recebido;Vendas do salão em 23/11/25: dinheiro, PIX e débito;Clientes do salão;Vendas salão (dinheiro, PIX e débito);Salão;Receita bruta;Salão;Recebimentos do salão;Dinheiro, PIX e débito;3492,89;2025-11;2025-11
453;23/11/2025;23/12/2025;23/12/2025;Recebido;Vendas do salão em 23/11/25: cartão de crédito;Operadora da maquininha;Vendas salão (cartão de crédito);Salão;Receita bruta;Salão;Recebimentos do salão;Cartão de crédito;5710,56;2025-11;2025-12
454;23/11/2025;23/12/2025;23/12/2025;Pago;Taxa da maquininha sobre as vendas de 23/11/25;Operadora da maquininha;Taxas da maquininha (3%);Salão;Custos variáveis;Taxas de cartão;Recebimentos do salão;Descontada no repasse do cartão;-276,10;2025-11;2025-12
455;25/11/2025;25/11/2025;25/11/2025;Recebido;Vendas do salão em 25/11/25: dinheiro, PIX e débito;Clientes do salão;Vendas salão (dinheiro, PIX e débito);Salão;Receita bruta;Salão;Recebimentos do salão;Dinheiro, PIX e débito;1961,82;2025-11;2025-11
456;25/11/2025;25/12/2025;26/12/2025;Recebido;Vendas do salão em 25/11/25: cartão de crédito;Operadora da maquininha;Vendas salão (cartão de crédito);Salão;Receita bruta;Salão;Recebimentos do salão;Cartão de crédito;3074,83;2025-11;2025-12
457;25/11/2025;25/12/2025;26/12/2025;Pago;Compra de laticínios: NF 46628;Laticínios Vale Serrano;Laticínios;Geral;Custos variáveis;CMV (insumos);Fornecedores (insumos e embalagens);Boleto;-2375,32;2025-11;2025-12
458;25/11/2025;25/12/2025;26/12/2025;Pago;Compra de hortifrúti: NF 23566;Hortifrúti Bom Plantio;Hortifrúti;Geral;Custos variáveis;CMV (insumos);Fornecedores (insumos e embalagens);Boleto;-471,26;2025-11;2025-12
459;25/11/2025;25/12/2025;26/12/2025;Pago;Taxa da maquininha sobre as vendas de 25/11/25;Operadora da maquininha;Taxas da maquininha (3%);Salão;Custos variáveis;Taxas de cartão;Recebimentos do salão;Descontada no repasse do cartão;-151,10;2025-11;2025-12
460;25/11/2025;25/11/2025;25/11/2025;Pago;Lavanderia de toalhas e uniformes, nov/25;Lavanderia Branco Neve;Lavanderia;Geral;Despesas fixas;Contabilidade, sistemas e outros;Contabilidade, manutenção e outros;PIX;-420,00;2025-11;2025-11
461;26/11/2025;26/11/2025;26/11/2025;Recebido;Vendas do salão em 26/11/25: dinheiro, PIX e débito;Clientes do salão;Vendas salão (dinheiro, PIX e débito);Salão;Receita bruta;Salão;Recebimentos do salão;Dinheiro, PIX e débito;2472,91;2025-11;2025-11
462;26/11/2025;26/12/2025;26/12/2025;Recebido;Vendas do salão em 26/11/25: cartão de crédito;Operadora da maquininha;Vendas salão (cartão de crédito);Salão;Receita bruta;Salão;Recebimentos do salão;Cartão de crédito;3016,55;2025-11;2025-12
463;26/11/2025;26/12/2025;26/12/2025;Pago;Compra de carnes e aves: NF 24778;Frigorífico Serra Nobre;Carnes e aves;Geral;Custos variáveis;CMV (insumos);Fornecedores (insumos e embalagens);Boleto;-2807,31;2025-11;2025-12
464;26/11/2025;26/12/2025;26/12/2025;Pago;Taxa da maquininha sobre as vendas de 26/11/25;Operadora da maquininha;Taxas da maquininha (3%);Salão;Custos variáveis;Taxas de cartão;Recebimentos do salão;Descontada no repasse do cartão;-164,68;2025-11;2025-12
465;27/11/2025;27/11/2025;27/11/2025;Recebido;Vendas do salão em 27/11/25: dinheiro, PIX e débito;Clientes do salão;Vendas salão (dinheiro, PIX e débito);Salão;Receita bruta;Salão;Recebimentos do salão;Dinheiro, PIX e débito;2164,27;2025-11;2025-11
466;27/11/2025;27/12/2025;29/12/2025;Recebido;Vendas do salão em 27/11/25: cartão de crédito;Operadora da maquininha;Vendas salão (cartão de crédito);Salão;Receita bruta;Salão;Recebimentos do salão;Cartão de crédito;3415,98;2025-11;2025-12
467;27/11/2025;27/12/2025;29/12/2025;Pago;Compra de hortifrúti: NF 23593;Hortifrúti Bom Plantio;Hortifrúti;Geral;Custos variáveis;CMV (insumos);Fornecedores (insumos e embalagens);Boleto;-687,86;2025-11;2025-12
468;27/11/2025;27/12/2025;29/12/2025;Pago;Compra de mercearia: NF 23918;Empório Grão Fino;Mercearia (massas, grãos e secos);Geral;Custos variáveis;CMV (insumos);Fornecedores (insumos e embalagens);Boleto;-5733,24;2025-11;2025-12
469;27/11/2025;27/12/2025;29/12/2025;Pago;Taxa da maquininha sobre as vendas de 27/11/25;Operadora da maquininha;Taxas da maquininha (3%);Salão;Custos variáveis;Taxas de cartão;Recebimentos do salão;Descontada no repasse do cartão;-167,41;2025-11;2025-12
470;28/11/2025;28/11/2025;28/11/2025;Recebido;Vendas do salão em 28/11/25: dinheiro, PIX e débito;Clientes do salão;Vendas salão (dinheiro, PIX e débito);Salão;Receita bruta;Salão;Recebimentos do salão;Dinheiro, PIX e débito;3035,55;2025-11;2025-11
471;28/11/2025;28/12/2025;29/12/2025;Recebido;Vendas do salão em 28/11/25: cartão de crédito;Operadora da maquininha;Vendas salão (cartão de crédito);Salão;Receita bruta;Salão;Recebimentos do salão;Cartão de crédito;3819,13;2025-11;2025-12
472;28/11/2025;28/12/2025;29/12/2025;Pago;Compra de laticínios: NF 46682;Laticínios Vale Serrano;Laticínios;Geral;Custos variáveis;CMV (insumos);Fornecedores (insumos e embalagens);Boleto;-2392,22;2025-11;2025-12
473;28/11/2025;28/12/2025;29/12/2025;Pago;Taxa da maquininha sobre as vendas de 28/11/25;Operadora da maquininha;Taxas da maquininha (3%);Salão;Custos variáveis;Taxas de cartão;Recebimentos do salão;Descontada no repasse do cartão;-205,64;2025-11;2025-12
474;28/11/2025;28/11/2025;28/11/2025;Pago;Pró-labore de Júlia, nov/25;Júlia;Pró-labore;Geral;Despesas fixas;Pró-labore;Pró-labore;PIX;-8000,00;2025-11;2025-11
475;28/11/2025;28/11/2025;28/11/2025;Pago;Pró-labore de Marco, nov/25;Marco;Pró-labore;Geral;Despesas fixas;Pró-labore;Pró-labore;PIX;-8000,00;2025-11;2025-11
476;29/11/2025;29/11/2025;29/11/2025;Recebido;Vendas do salão em 29/11/25: dinheiro, PIX e débito;Clientes do salão;Vendas salão (dinheiro, PIX e débito);Salão;Receita bruta;Salão;Recebimentos do salão;Dinheiro, PIX e débito;3765,45;2025-11;2025-11
477;29/11/2025;29/12/2025;29/12/2025;Recebido;Vendas do salão em 29/11/25: cartão de crédito;Operadora da maquininha;Vendas salão (cartão de crédito);Salão;Receita bruta;Salão;Recebimentos do salão;Cartão de crédito;6544,78;2025-11;2025-12
478;29/11/2025;29/12/2025;29/12/2025;Pago;Compra de hortifrúti: NF 23602;Hortifrúti Bom Plantio;Hortifrúti;Geral;Custos variáveis;CMV (insumos);Fornecedores (insumos e embalagens);Boleto;-676,67;2025-11;2025-12
479;29/11/2025;29/12/2025;29/12/2025;Pago;Taxa da maquininha sobre as vendas de 29/11/25;Operadora da maquininha;Taxas da maquininha (3%);Salão;Custos variáveis;Taxas de cartão;Recebimentos do salão;Descontada no repasse do cartão;-309,31;2025-11;2025-12
480;30/11/2025;30/11/2025;30/11/2025;Recebido;Vendas do salão em 30/11/25: dinheiro, PIX e débito;Clientes do salão;Vendas salão (dinheiro, PIX e débito);Salão;Receita bruta;Salão;Recebimentos do salão;Dinheiro, PIX e débito;3635,27;2025-11;2025-11
481;30/11/2025;30/12/2025;30/12/2025;Recebido;Vendas do salão em 30/11/25: cartão de crédito;Operadora da maquininha;Vendas salão (cartão de crédito);Salão;Receita bruta;Salão;Recebimentos do salão;Cartão de crédito;4626,17;2025-11;2025-12
482;30/11/2025;20/12/2025;22/12/2025;Pago;DAS do Simples Nacional, competência nov/25;Receita Federal;Simples Nacional;Geral;Custos variáveis;Simples Nacional;Simples Nacional;Guia DAS;-14800,00;2025-11;2025-12
483;30/11/2025;30/12/2025;30/12/2025;Pago;Taxa da maquininha sobre as vendas de 30/11/25;Operadora da maquininha;Taxas da maquininha (3%);Salão;Custos variáveis;Taxas de cartão;Recebimentos do salão;Descontada no repasse do cartão;-247,84;2025-11;2025-12
484;30/11/2025;05/12/2025;05/12/2025;Pago;Salários da cozinha, folha de nov/25;Funcionários da cozinha;Salários da cozinha;Geral;Despesas fixas;Folha e encargos;Folha e encargos;Transferência bancária;-12480,00;2025-11;2025-12
485;30/11/2025;05/12/2025;05/12/2025;Pago;Salários do salão e da administração, folha de nov/25;Funcionários do salão e da administração;Salários do salão e administração;Geral;Despesas fixas;Folha e encargos;Folha e encargos;Transferência bancária;-21420,00;2025-11;2025-12
486;30/11/2025;20/12/2025;19/12/2025;Pago;INSS e IRRF retidos dos funcionários, folha de nov/25;Receita Federal;INSS e IRRF retidos;Geral;Despesas fixas;Folha e encargos;Folha e encargos;Guia DCTFWeb;-3330,00;2025-11;2025-12
487;30/11/2025;20/12/2025;19/12/2025;Pago;FGTS, folha de nov/25;FGTS (Caixa);FGTS;Geral;Despesas fixas;Folha e encargos;Folha e encargos;Guia FGTS Digital;-2978,40;2025-11;2025-12
488;30/11/2025;05/12/2025;05/12/2025;Pago;Vale-transporte, folha de nov/25;Operadora de vale-transporte;Vale-transporte;Geral;Despesas fixas;Folha e encargos;Folha e encargos;Boleto;-1791,60;2025-11;2025-12
489;01/12/2025;01/12/2025;01/12/2025;Pago;Anúncios no Instagram e no Facebook, dez/25;Meta (anúncios);Anúncios em redes sociais;Geral;Despesas fixas;Marketing;Marketing;PIX;-2000,00;2025-12;2025-12
490;01/12/2025;01/12/2025;01/12/2025;Pago;Tarifas bancárias, dez/25;Banco Horizonte;Tarifas bancárias;Geral;Despesas fixas;Contabilidade, sistemas e outros;Contabilidade, manutenção e outros;Débito em conta;-60,20;2025-12;2025-12
491;01/12/2025;01/12/2025;01/12/2025;Pago;Reforma do salão: obra civil e acabamento;Construtora Alicerce;Reforma do salão;Geral;Fora do DRE;Fora do DRE;Reforma do salão;Transferência bancária;-82000,00;2025-12;2025-12
492;03/12/2025;03/12/2025;03/12/2025;Pago;Reforma do salão: marcenaria e balcão;Marcenaria Pinho Nobre;Reforma do salão;Geral;Fora do DRE;Fora do DRE;Reforma do salão;Transferência bancária;-34500,00;2025-12;2025-12
493;05/12/2025;05/12/2025;05/12/2025;Pago;Gestão das redes sociais, dez/25;Agência Manjericão Digital;Agência de redes sociais;Geral;Despesas fixas;Marketing;Marketing;Boleto;-2000,00;2025-12;2025-12
494;05/12/2025;05/12/2025;05/12/2025;Pago;Mensalidade do sistema de PDV e gestão, dez/25;GestPDV Sistemas;Sistema de PDV e gestão;Geral;Despesas fixas;Contabilidade, sistemas e outros;Contabilidade, manutenção e outros;Débito automático;-389,90;2025-12;2025-12
495;05/12/2025;05/12/2025;05/12/2025;Pago;Limpeza e higienização (contrato), dez/25;Limpa Bem Higienização;Limpeza e higienização;Geral;Despesas fixas;Contabilidade, sistemas e outros;Contabilidade, manutenção e outros;Boleto;-780,00;2025-12;2025-12
496;05/12/2025;05/12/2025;05/12/2025;Pago;Reforma do salão: elétrica e iluminação;Luz & Forma Instalações;Reforma do salão;Geral;Fora do DRE;Fora do DRE;Reforma do salão;Transferência bancária;-16800,00;2025-12;2025-12
497;05/12/2025;05/12/2025;05/12/2025;Pago;Retirada de Júlia, dez/25;Júlia;Retirada dos sócios;Geral;Fora do DRE;Fora do DRE;Retirada dos sócios;PIX;-6000,00;2025-12;2025-12
498;05/12/2025;05/12/2025;05/12/2025;Pago;Retirada de Marco, dez/25;Marco;Retirada dos sócios;Geral;Fora do DRE;Fora do DRE;Retirada dos sócios;PIX;-6000,00;2025-12;2025-12
499;08/12/2025;08/12/2025;08/12/2025;Pago;Afiação de facas e reparo de utensílios;Afiação Fio Certo;Manutenção e reparos;Geral;Despesas fixas;Manutenção;Contabilidade, manutenção e outros;PIX;-522,42;2025-12;2025-12
500;09/12/2025;09/12/2025;09/12/2025;Pago;Manutenção do cilindro de massas;TecForno Assistência Técnica;Manutenção e reparos;Geral;Despesas fixas;Manutenção;Contabilidade, manutenção e outros;PIX;-591,10;2025-12;2025-12
501;10/12/2025;10/01/2026;12/01/2026;Pago;Compra de carnes e aves: NF 24856;Frigorífico Serra Nobre;Carnes e aves;Geral;Custos variáveis;CMV (insumos);Fornecedores (insumos e embalagens);Boleto;-2222,52;2025-12;2026-01
502;10/12/2025;10/01/2026;12/01/2026;Pago;Compra de bebidas: NF 34966;Adega & Cia Bebidas;Bebidas;Geral;Custos variáveis;CMV (insumos);Fornecedores (insumos e embalagens);Boleto;-5574,20;2025-12;2026-01
503;10/12/2025;10/01/2026;12/01/2026;Pago;Compra de embalagens de delivery: NF 10960;Pack Mais Embalagens;Embalagens de delivery;Delivery;Custos variáveis;Embalagens do delivery;Fornecedores (insumos e embalagens);Boleto;-278,17;2025-12;2026-01
504;10/12/2025;10/12/2025;10/12/2025;Pago;Aluguel do imóvel, dez/25;Imobiliária Pedra Alta;Aluguel;Geral;Despesas fixas;Aluguel;Aluguel;Boleto;-14000,00;2025-12;2025-12
505;10/12/2025;10/12/2025;10/12/2025;Pago;Honorários contábeis, dez/25;Escritório Contábil Exato;Contabilidade;Geral;Despesas fixas;Contabilidade, sistemas e outros;Contabilidade, manutenção e outros;Boleto;-1450,00;2025-12;2025-12
506;10/12/2025;10/12/2025;10/12/2025;Pago;Reforma do salão: mesas e cadeiras;Casa Rústica Móveis;Reforma do salão;Geral;Fora do DRE;Fora do DRE;Reforma do salão;Transferência bancária;-16700,00;2025-12;2025-12
507;11/12/2025;11/12/2025;11/12/2025;Recebido;Vendas do salão em 11/12/25: dinheiro, PIX e débito;Clientes do salão;Vendas salão (dinheiro, PIX e débito);Salão;Receita bruta;Salão;Recebimentos do salão;Dinheiro, PIX e débito;3032,05;2025-12;2025-12
508;11/12/2025;11/01/2026;12/01/2026;Recebido;Vendas do salão em 11/12/25: cartão de crédito;Operadora da maquininha;Vendas salão (cartão de crédito);Salão;Receita bruta;Salão;Recebimentos do salão;Cartão de crédito;4329,26;2025-12;2026-01
509;11/12/2025;10/01/2026;12/01/2026;Recebido;Pedidos do iFood em 11/12/25;iFood;Vendas iFood;Delivery;Receita bruta;Delivery (iFood);Repasses do iFood;Repasse do iFood;419,71;2025-12;2026-01
510;11/12/2025;11/01/2026;12/01/2026;Pago;Compra de hortifrúti: NF 23613;Hortifrúti Bom Plantio;Hortifrúti;Geral;Custos variáveis;CMV (insumos);Fornecedores (insumos e embalagens);Boleto;-647,16;2025-12;2026-01
511;11/12/2025;11/01/2026;12/01/2026;Pago;Compra de mercearia: NF 23964;Empório Grão Fino;Mercearia (massas, grãos e secos);Geral;Custos variáveis;CMV (insumos);Fornecedores (insumos e embalagens);Boleto;-9726,51;2025-12;2026-01
512;11/12/2025;11/01/2026;12/01/2026;Pago;Taxa da maquininha sobre as vendas de 11/12/25;Operadora da maquininha;Taxas da maquininha (3%);Salão;Custos variáveis;Taxas de cartão;Recebimentos do salão;Descontada no repasse do cartão;-220,84;2025-12;2026-01
513;12/12/2025;12/12/2025;12/12/2025;Recebido;Vendas do salão em 12/12/25: dinheiro, PIX e débito;Clientes do salão;Vendas salão (dinheiro, PIX e débito);Salão;Receita bruta;Salão;Recebimentos do salão;Dinheiro, PIX e débito;5204,78;2025-12;2025-12
514;12/12/2025;12/01/2026;12/01/2026;Recebido;Vendas do salão em 12/12/25: cartão de crédito;Operadora da maquininha;Vendas salão (cartão de crédito);Salão;Receita bruta;Salão;Recebimentos do salão;Cartão de crédito;7148,01;2025-12;2026-01
515;12/12/2025;10/01/2026;12/01/2026;Recebido;Pedidos do iFood em 12/12/25;iFood;Vendas iFood;Delivery;Receita bruta;Delivery (iFood);Repasses do iFood;Repasse do iFood;460,63;2025-12;2026-01
516;12/12/2025;12/01/2026;12/01/2026;Pago;Compra de laticínios: NF 46693;Laticínios Vale Serrano;Laticínios;Geral;Custos variáveis;CMV (insumos);Fornecedores (insumos e embalagens);Boleto;-2416,60;2025-12;2026-01
517;12/12/2025;12/01/2026;12/01/2026;Pago;Taxa da maquininha sobre as vendas de 12/12/25;Operadora da maquininha;Taxas da maquininha (3%);Salão;Custos variáveis;Taxas de cartão;Recebimentos do salão;Descontada no repasse do cartão;-370,58;2025-12;2026-01
518;12/12/2025;12/12/2025;12/12/2025;Pago;Conta de água e esgoto, dez/25;Companhia de saneamento;Água e esgoto;Geral;Despesas fixas;Energia, gás e água;Energia, gás e água;Débito automático;-1232,40;2025-12;2025-12
519;12/12/2025;12/12/2025;12/12/2025;Pago;Limpeza da coifa e do exaustor;Coifa Limpa Serviços;Manutenção e reparos;Geral;Despesas fixas;Manutenção;Contabilidade, manutenção e outros;PIX;-455,48;2025-12;2025-12
520;13/12/2025;13/12/2025;13/12/2025;Recebido;Vendas do salão em 13/12/25: dinheiro, PIX e débito;Clientes do salão;Vendas salão (dinheiro, PIX e débito);Salão;Receita bruta;Salão;Recebimentos do salão;Dinheiro, PIX e débito;5781,62;2025-12;2025-12
521;13/12/2025;13/01/2026;13/01/2026;Recebido;Vendas do salão em 13/12/25: cartão de crédito;Operadora da maquininha;Vendas salão (cartão de crédito);Salão;Receita bruta;Salão;Recebimentos do salão;Cartão de crédito;7604,28;2025-12;2026-01
522;13/12/2025;10/01/2026;12/01/2026;Recebido;Pedidos do iFood em 13/12/25;iFood;Vendas iFood;Delivery;Receita bruta;Delivery (iFood);Repasses do iFood;Repasse do iFood;565,92;2025-12;2026-01
523;13/12/2025;13/01/2026;13/01/2026;Pago;Compra de hortifrúti: NF 23630;Hortifrúti Bom Plantio;Hortifrúti;Geral;Custos variáveis;CMV (insumos);Fornecedores (insumos e embalagens);Boleto;-742,72;2025-12;2026-01
524;13/12/2025;13/01/2026;13/01/2026;Pago;Taxa da maquininha sobre as vendas de 13/12/25;Operadora da maquininha;Taxas da maquininha (3%);Salão;Custos variáveis;Taxas de cartão;Recebimentos do salão;Descontada no repasse do cartão;-401,58;2025-12;2026-01
525;14/12/2025;14/12/2025;14/12/2025;Recebido;Vendas do salão em 14/12/25: dinheiro, PIX e débito;Clientes do salão;Vendas salão (dinheiro, PIX e débito);Salão;Receita bruta;Salão;Recebimentos do salão;Dinheiro, PIX e débito;4827,90;2025-12;2025-12
526;14/12/2025;14/01/2026;14/01/2026;Recebido;Vendas do salão em 14/12/25: cartão de crédito;Operadora da maquininha;Vendas salão (cartão de crédito);Salão;Receita bruta;Salão;Recebimentos do salão;Cartão de crédito;9136,49;2025-12;2026-01
527;14/12/2025;10/01/2026;12/01/2026;Recebido;Pedidos do iFood em 14/12/25;iFood;Vendas iFood;Delivery;Receita bruta;Delivery (iFood);Repasses do iFood;Repasse do iFood;664,78;2025-12;2026-01
528;14/12/2025;14/01/2026;14/01/2026;Pago;Taxa da maquininha sobre as vendas de 14/12/25;Operadora da maquininha;Taxas da maquininha (3%);Salão;Custos variáveis;Taxas de cartão;Recebimentos do salão;Descontada no repasse do cartão;-418,93;2025-12;2026-01
529;15/12/2025;15/12/2025;15/12/2025;Pago;Conta de energia elétrica, dez/25;Distribuidora de energia;Energia elétrica;Geral;Despesas fixas;Energia, gás e água;Energia, gás e água;Débito automático;-4296,88;2025-12;2025-12
530;15/12/2025;15/12/2025;15/12/2025;Pago;Internet e telefone, dez/25;NetSerra Telecom;Internet e telefone;Geral;Despesas fixas;Contabilidade, sistemas e outros;Contabilidade, manutenção e outros;Débito automático;-249,90;2025-12;2025-12
531;16/12/2025;16/12/2025;16/12/2025;Recebido;Vendas do salão em 16/12/25: dinheiro, PIX e débito;Clientes do salão;Vendas salão (dinheiro, PIX e débito);Salão;Receita bruta;Salão;Recebimentos do salão;Dinheiro, PIX e débito;2436,46;2025-12;2025-12
532;16/12/2025;16/01/2026;16/01/2026;Recebido;Vendas do salão em 16/12/25: cartão de crédito;Operadora da maquininha;Vendas salão (cartão de crédito);Salão;Receita bruta;Salão;Recebimentos do salão;Cartão de crédito;4583,89;2025-12;2026-01
533;16/12/2025;10/01/2026;12/01/2026;Recebido;Pedidos do iFood em 16/12/25;iFood;Vendas iFood;Delivery;Receita bruta;Delivery (iFood);Repasses do iFood;Repasse do iFood;411,69;2025-12;2026-01
534;16/12/2025;16/01/2026;16/01/2026;Pago;Compra de laticínios: NF 46705;Laticínios Vale Serrano;Laticínios;Geral;Custos variáveis;CMV (insumos);Fornecedores (insumos e embalagens);Boleto;-3257,24;2025-12;2026-01
535;16/12/2025;16/01/2026;16/01/2026;Pago;Compra de hortifrúti: NF 23684;Hortifrúti Bom Plantio;Hortifrúti;Geral;Custos variáveis;CMV (insumos);Fornecedores (insumos e embalagens);Boleto;-745,90;2025-12;2026-01
536;16/12/2025;16/01/2026;16/01/2026;Pago;Taxa da maquininha sobre as vendas de 16/12/25;Operadora da maquininha;Taxas da maquininha (3%);Salão;Custos variáveis;Taxas de cartão;Recebimentos do salão;Descontada no repasse do cartão;-210,61;2025-12;2026-01
537;17/12/2025;17/12/2025;17/12/2025;Recebido;Vendas do salão em 17/12/25: dinheiro, PIX e débito;Clientes do salão;Vendas salão (dinheiro, PIX e débito);Salão;Receita bruta;Salão;Recebimentos do salão;Dinheiro, PIX e débito;3329,25;2025-12;2025-12
538;17/12/2025;17/01/2026;19/01/2026;Recebido;Vendas do salão em 17/12/25: cartão de crédito;Operadora da maquininha;Vendas salão (cartão de crédito);Salão;Receita bruta;Salão;Recebimentos do salão;Cartão de crédito;3918,17;2025-12;2026-01
539;17/12/2025;10/01/2026;12/01/2026;Recebido;Pedidos do iFood em 17/12/25;iFood;Vendas iFood;Delivery;Receita bruta;Delivery (iFood);Repasses do iFood;Repasse do iFood;452,55;2025-12;2026-01
540;17/12/2025;17/01/2026;19/01/2026;Pago;Compra de carnes e aves: NF 24920;Frigorífico Serra Nobre;Carnes e aves;Geral;Custos variáveis;CMV (insumos);Fornecedores (insumos e embalagens);Boleto;-3167,70;2025-12;2026-01
541;17/12/2025;17/01/2026;19/01/2026;Pago;Taxa da maquininha sobre as vendas de 17/12/25;Operadora da maquininha;Taxas da maquininha (3%);Salão;Custos variáveis;Taxas de cartão;Recebimentos do salão;Descontada no repasse do cartão;-217,42;2025-12;2026-01
542;18/12/2025;18/12/2025;18/12/2025;Recebido;Vendas do salão em 18/12/25: dinheiro, PIX e débito;Clientes do salão;Vendas salão (dinheiro, PIX e débito);Salão;Receita bruta;Salão;Recebimentos do salão;Dinheiro, PIX e débito;3120,84;2025-12;2025-12
543;18/12/2025;18/01/2026;19/01/2026;Recebido;Vendas do salão em 18/12/25: cartão de crédito;Operadora da maquininha;Vendas salão (cartão de crédito);Salão;Receita bruta;Salão;Recebimentos do salão;Cartão de crédito;4528,13;2025-12;2026-01
544;18/12/2025;10/01/2026;12/01/2026;Recebido;Pedidos do iFood em 18/12/25;iFood;Vendas iFood;Delivery;Receita bruta;Delivery (iFood);Repasses do iFood;Repasse do iFood;497,31;2025-12;2026-01
545;18/12/2025;18/01/2026;19/01/2026;Pago;Compra de hortifrúti: NF 23742;Hortifrúti Bom Plantio;Hortifrúti;Geral;Custos variáveis;CMV (insumos);Fornecedores (insumos e embalagens);Boleto;-823,48;2025-12;2026-01
546;18/12/2025;18/01/2026;19/01/2026;Pago;Taxa da maquininha sobre as vendas de 18/12/25;Operadora da maquininha;Taxas da maquininha (3%);Salão;Custos variáveis;Taxas de cartão;Recebimentos do salão;Descontada no repasse do cartão;-229,47;2025-12;2026-01
547;19/12/2025;19/12/2025;19/12/2025;Recebido;Vendas do salão em 19/12/25: dinheiro, PIX e débito;Clientes do salão;Vendas salão (dinheiro, PIX e débito);Salão;Receita bruta;Salão;Recebimentos do salão;Dinheiro, PIX e débito;4165,69;2025-12;2025-12
548;19/12/2025;19/01/2026;19/01/2026;Recebido;Vendas do salão em 19/12/25: cartão de crédito;Operadora da maquininha;Vendas salão (cartão de crédito);Salão;Receita bruta;Salão;Recebimentos do salão;Cartão de crédito;6765,94;2025-12;2026-01
549;19/12/2025;10/01/2026;12/01/2026;Recebido;Pedidos do iFood em 19/12/25;iFood;Vendas iFood;Delivery;Receita bruta;Delivery (iFood);Repasses do iFood;Repasse do iFood;741,36;2025-12;2026-01
550;19/12/2025;19/01/2026;19/01/2026;Pago;Compra de laticínios: NF 46780;Laticínios Vale Serrano;Laticínios;Geral;Custos variáveis;CMV (insumos);Fornecedores (insumos e embalagens);Boleto;-2917,87;2025-12;2026-01
551;19/12/2025;19/01/2026;19/01/2026;Pago;Taxa da maquininha sobre as vendas de 19/12/25;Operadora da maquininha;Taxas da maquininha (3%);Salão;Custos variáveis;Taxas de cartão;Recebimentos do salão;Descontada no repasse do cartão;-327,95;2025-12;2026-01
552;20/12/2025;20/12/2025;20/12/2025;Recebido;Vendas do salão em 20/12/25: dinheiro, PIX e débito;Clientes do salão;Vendas salão (dinheiro, PIX e débito);Salão;Receita bruta;Salão;Recebimentos do salão;Dinheiro, PIX e débito;4492,13;2025-12;2025-12
553;20/12/2025;20/01/2026;20/01/2026;Recebido;Vendas do salão em 20/12/25: cartão de crédito;Operadora da maquininha;Vendas salão (cartão de crédito);Salão;Receita bruta;Salão;Recebimentos do salão;Cartão de crédito;7850,22;2025-12;2026-01
554;20/12/2025;10/01/2026;12/01/2026;Recebido;Pedidos do iFood em 20/12/25;iFood;Vendas iFood;Delivery;Receita bruta;Delivery (iFood);Repasses do iFood;Repasse do iFood;912,58;2025-12;2026-01
555;20/12/2025;20/01/2026;20/01/2026;Pago;Compra de hortifrúti: NF 23815;Hortifrúti Bom Plantio;Hortifrúti;Geral;Custos variáveis;CMV (insumos);Fornecedores (insumos e embalagens);Boleto;-872,31;2025-12;2026-01
556;20/12/2025;20/01/2026;20/01/2026;Pago;Taxa da maquininha sobre as vendas de 20/12/25;Operadora da maquininha;Taxas da maquininha (3%);Salão;Custos variáveis;Taxas de cartão;Recebimentos do salão;Descontada no repasse do cartão;-370,27;2025-12;2026-01
557;20/12/2025;20/12/2025;22/12/2025;Pago;Gás de cozinha (GLP), dez/25;Gás Chama Azul;Gás;Geral;Despesas fixas;Energia, gás e água;Energia, gás e água;Boleto;-2304,72;2025-12;2025-12
558;20/12/2025;20/12/2025;22/12/2025;Pago;Controle de pragas (contrato), dez/25;Dedetizadora Sem Praga;Controle de pragas;Geral;Despesas fixas;Contabilidade, sistemas e outros;Contabilidade, manutenção e outros;PIX;-150,00;2025-12;2025-12
559;21/12/2025;21/12/2025;21/12/2025;Recebido;Vendas do salão em 21/12/25: dinheiro, PIX e débito;Clientes do salão;Vendas salão (dinheiro, PIX e débito);Salão;Receita bruta;Salão;Recebimentos do salão;Dinheiro, PIX e débito;5290,71;2025-12;2025-12
560;21/12/2025;21/01/2026;21/01/2026;Recebido;Vendas do salão em 21/12/25: cartão de crédito;Operadora da maquininha;Vendas salão (cartão de crédito);Salão;Receita bruta;Salão;Recebimentos do salão;Cartão de crédito;8822,47;2025-12;2026-01
561;21/12/2025;10/01/2026;12/01/2026;Recebido;Pedidos do iFood em 21/12/25;iFood;Vendas iFood;Delivery;Receita bruta;Delivery (iFood);Repasses do iFood;Repasse do iFood;774,08;2025-12;2026-01
562;21/12/2025;21/01/2026;21/01/2026;Pago;Taxa da maquininha sobre as vendas de 21/12/25;Operadora da maquininha;Taxas da maquininha (3%);Salão;Custos variáveis;Taxas de cartão;Recebimentos do salão;Descontada no repasse do cartão;-423,40;2025-12;2026-01
563;23/12/2025;23/12/2025;23/12/2025;Recebido;Vendas do salão em 23/12/25: dinheiro, PIX e débito;Clientes do salão;Vendas salão (dinheiro, PIX e débito);Salão;Receita bruta;Salão;Recebimentos do salão;Dinheiro, PIX e débito;3091,52;2025-12;2025-12
564;23/12/2025;23/01/2026;23/01/2026;Recebido;Vendas do salão em 23/12/25: cartão de crédito;Operadora da maquininha;Vendas salão (cartão de crédito);Salão;Receita bruta;Salão;Recebimentos do salão;Cartão de crédito;4104,38;2025-12;2026-01
565;23/12/2025;10/01/2026;12/01/2026;Recebido;Pedidos do iFood em 23/12/25;iFood;Vendas iFood;Delivery;Receita bruta;Delivery (iFood);Repasses do iFood;Repasse do iFood;657,60;2025-12;2026-01
566;23/12/2025;23/01/2026;23/01/2026;Pago;Compra de laticínios: NF 46816;Laticínios Vale Serrano;Laticínios;Geral;Custos variáveis;CMV (insumos);Fornecedores (insumos e embalagens);Boleto;-2337,47;2025-12;2026-01
567;23/12/2025;23/01/2026;23/01/2026;Pago;Compra de hortifrúti: NF 23861;Hortifrúti Bom Plantio;Hortifrúti;Geral;Custos variáveis;CMV (insumos);Fornecedores (insumos e embalagens);Boleto;-904,06;2025-12;2026-01
568;23/12/2025;23/01/2026;23/01/2026;Pago;Taxa da maquininha sobre as vendas de 23/12/25;Operadora da maquininha;Taxas da maquininha (3%);Salão;Custos variáveis;Taxas de cartão;Recebimentos do salão;Descontada no repasse do cartão;-215,88;2025-12;2026-01
569;24/12/2025;24/12/2025;24/12/2025;Recebido;Vendas do salão em 24/12/25: dinheiro, PIX e débito;Clientes do salão;Vendas salão (dinheiro, PIX e débito);Salão;Receita bruta;Salão;Recebimentos do salão;Dinheiro, PIX e débito;2455,52;2025-12;2025-12
570;24/12/2025;24/01/2026;26/01/2026;Recebido;Vendas do salão em 24/12/25: cartão de crédito;Operadora da maquininha;Vendas salão (cartão de crédito);Salão;Receita bruta;Salão;Recebimentos do salão;Cartão de crédito;2983,85;2025-12;2026-01
571;24/12/2025;10/01/2026;12/01/2026;Recebido;Pedidos do iFood em 24/12/25;iFood;Vendas iFood;Delivery;Receita bruta;Delivery (iFood);Repasses do iFood;Repasse do iFood;703,49;2025-12;2026-01
572;24/12/2025;24/01/2026;26/01/2026;Pago;Compra de carnes e aves: NF 24940;Frigorífico Serra Nobre;Carnes e aves;Geral;Custos variáveis;CMV (insumos);Fornecedores (insumos e embalagens);Boleto;-2456,96;2025-12;2026-01
573;24/12/2025;24/01/2026;26/01/2026;Pago;Compra de bebidas: NF 35011;Adega & Cia Bebidas;Bebidas;Geral;Custos variáveis;CMV (insumos);Fornecedores (insumos e embalagens);Boleto;-6061,06;2025-12;2026-01
574;24/12/2025;24/01/2026;26/01/2026;Pago;Compra de embalagens de delivery: NF 10972;Pack Mais Embalagens;Embalagens de delivery;Delivery;Custos variáveis;Embalagens do delivery;Fornecedores (insumos e embalagens);Boleto;-321,83;2025-12;2026-01
575;24/12/2025;24/01/2026;26/01/2026;Pago;Taxa da maquininha sobre as vendas de 24/12/25;Operadora da maquininha;Taxas da maquininha (3%);Salão;Custos variáveis;Taxas de cartão;Recebimentos do salão;Descontada no repasse do cartão;-163,18;2025-12;2026-01
576;25/12/2025;25/12/2025;26/12/2025;Pago;Lavanderia de toalhas e uniformes, dez/25;Lavanderia Branco Neve;Lavanderia;Geral;Despesas fixas;Contabilidade, sistemas e outros;Contabilidade, manutenção e outros;PIX;-420,00;2025-12;2025-12
577;26/12/2025;26/12/2025;26/12/2025;Recebido;Vendas do salão em 26/12/25: dinheiro, PIX e débito;Clientes do salão;Vendas salão (dinheiro, PIX e débito);Salão;Receita bruta;Salão;Recebimentos do salão;Dinheiro, PIX e débito;4674,77;2025-12;2025-12
578;26/12/2025;26/01/2026;26/01/2026;Recebido;Vendas do salão em 26/12/25: cartão de crédito;Operadora da maquininha;Vendas salão (cartão de crédito);Salão;Receita bruta;Salão;Recebimentos do salão;Cartão de crédito;7114,23;2025-12;2026-01
579;26/12/2025;10/01/2026;12/01/2026;Recebido;Pedidos do iFood em 26/12/25;iFood;Vendas iFood;Delivery;Receita bruta;Delivery (iFood);Repasses do iFood;Repasse do iFood;1013,94;2025-12;2026-01
580;26/12/2025;26/01/2026;26/01/2026;Pago;Compra de laticínios: NF 46883;Laticínios Vale Serrano;Laticínios;Geral;Custos variáveis;CMV (insumos);Fornecedores (insumos e embalagens);Boleto;-3365,46;2025-12;2026-01
581;26/12/2025;26/01/2026;26/01/2026;Pago;Taxa da maquininha sobre as vendas de 26/12/25;Operadora da maquininha;Taxas da maquininha (3%);Salão;Custos variáveis;Taxas de cartão;Recebimentos do salão;Descontada no repasse do cartão;-353,67;2025-12;2026-01
582;27/12/2025;27/12/2025;27/12/2025;Recebido;Vendas do salão em 27/12/25: dinheiro, PIX e débito;Clientes do salão;Vendas salão (dinheiro, PIX e débito);Salão;Receita bruta;Salão;Recebimentos do salão;Dinheiro, PIX e débito;6106,21;2025-12;2025-12
583;27/12/2025;27/01/2026;27/01/2026;Recebido;Vendas do salão em 27/12/25: cartão de crédito;Operadora da maquininha;Vendas salão (cartão de crédito);Salão;Receita bruta;Salão;Recebimentos do salão;Cartão de crédito;8592,24;2025-12;2026-01
584;27/12/2025;10/01/2026;12/01/2026;Recebido;Pedidos do iFood em 27/12/25;iFood;Vendas iFood;Delivery;Receita bruta;Delivery (iFood);Repasses do iFood;Repasse do iFood;1038,82;2025-12;2026-01
585;27/12/2025;27/01/2026;27/01/2026;Pago;Compra de hortifrúti: NF 23937;Hortifrúti Bom Plantio;Hortifrúti;Geral;Custos variáveis;CMV (insumos);Fornecedores (insumos e embalagens);Boleto;-598,13;2025-12;2026-01
586;27/12/2025;27/01/2026;27/01/2026;Pago;Taxa da maquininha sobre as vendas de 27/12/25;Operadora da maquininha;Taxas da maquininha (3%);Salão;Custos variáveis;Taxas de cartão;Recebimentos do salão;Descontada no repasse do cartão;-440,95;2025-12;2026-01
587;28/12/2025;28/12/2025;28/12/2025;Recebido;Vendas do salão em 28/12/25: dinheiro, PIX e débito;Clientes do salão;Vendas salão (dinheiro, PIX e débito);Salão;Receita bruta;Salão;Recebimentos do salão;Dinheiro, PIX e débito;5438,52;2025-12;2025-12
588;28/12/2025;28/01/2026;28/01/2026;Recebido;Vendas do salão em 28/12/25: cartão de crédito;Operadora da maquininha;Vendas salão (cartão de crédito);Salão;Receita bruta;Salão;Recebimentos do salão;Cartão de crédito;7253,12;2025-12;2026-01
589;28/12/2025;10/01/2026;12/01/2026;Recebido;Pedidos do iFood em 28/12/25;iFood;Vendas iFood;Delivery;Receita bruta;Delivery (iFood);Repasses do iFood;Repasse do iFood;1085,85;2025-12;2026-01
590;28/12/2025;28/01/2026;28/01/2026;Pago;Taxa da maquininha sobre as vendas de 28/12/25;Operadora da maquininha;Taxas da maquininha (3%);Salão;Custos variáveis;Taxas de cartão;Recebimentos do salão;Descontada no repasse do cartão;-380,75;2025-12;2026-01
591;30/12/2025;30/12/2025;30/12/2025;Recebido;Vendas do salão em 30/12/25: dinheiro, PIX e débito;Clientes do salão;Vendas salão (dinheiro, PIX e débito);Salão;Receita bruta;Salão;Recebimentos do salão;Dinheiro, PIX e débito;2744,14;2025-12;2025-12
592;30/12/2025;30/01/2026;30/01/2026;Recebido;Vendas do salão em 30/12/25: cartão de crédito;Operadora da maquininha;Vendas salão (cartão de crédito);Salão;Receita bruta;Salão;Recebimentos do salão;Cartão de crédito;4094,26;2025-12;2026-01
593;30/12/2025;10/01/2026;12/01/2026;Recebido;Pedidos do iFood em 30/12/25;iFood;Vendas iFood;Delivery;Receita bruta;Delivery (iFood);Repasses do iFood;Repasse do iFood;760,02;2025-12;2026-01
594;30/12/2025;30/01/2026;30/01/2026;Pago;Compra de laticínios: NF 46919;Laticínios Vale Serrano;Laticínios;Geral;Custos variáveis;CMV (insumos);Fornecedores (insumos e embalagens);Boleto;-2528,78;2025-12;2026-01
595;30/12/2025;30/01/2026;30/01/2026;Pago;Compra de hortifrúti: NF 23975;Hortifrúti Bom Plantio;Hortifrúti;Geral;Custos variáveis;CMV (insumos);Fornecedores (insumos e embalagens);Boleto;-776,28;2025-12;2026-01
596;30/12/2025;30/01/2026;30/01/2026;Pago;Taxa da maquininha sobre as vendas de 30/12/25;Operadora da maquininha;Taxas da maquininha (3%);Salão;Custos variáveis;Taxas de cartão;Recebimentos do salão;Descontada no repasse do cartão;-205,15;2025-12;2026-01
597;31/12/2025;31/12/2025;31/12/2025;Recebido;Vendas do salão em 31/12/25: dinheiro, PIX e débito;Clientes do salão;Vendas salão (dinheiro, PIX e débito);Salão;Receita bruta;Salão;Recebimentos do salão;Dinheiro, PIX e débito;1807,89;2025-12;2025-12
598;31/12/2025;31/01/2026;30/01/2026;Recebido;Vendas do salão em 31/12/25: cartão de crédito;Operadora da maquininha;Vendas salão (cartão de crédito);Salão;Receita bruta;Salão;Recebimentos do salão;Cartão de crédito;3171,06;2025-12;2026-01
599;31/12/2025;10/01/2026;12/01/2026;Recebido;Pedidos do iFood em 31/12/25;iFood;Vendas iFood;Delivery;Receita bruta;Delivery (iFood);Repasses do iFood;Repasse do iFood;839,67;2025-12;2026-01
600;31/12/2025;20/01/2026;20/01/2026;Pago;DAS do Simples Nacional, competência dez/25;Receita Federal;Simples Nacional;Geral;Custos variáveis;Simples Nacional;Simples Nacional;Guia DAS;-14560,00;2025-12;2026-01
601;31/12/2025;31/01/2026;30/01/2026;Pago;Compra de carnes e aves: NF 24988;Frigorífico Serra Nobre;Carnes e aves;Geral;Custos variáveis;CMV (insumos);Fornecedores (insumos e embalagens);Boleto;-3091,59;2025-12;2026-01
602;31/12/2025;10/01/2026;12/01/2026;Pago;Comissão do iFood (23%) sobre os pedidos de dez/25;iFood;Comissão iFood (23%);Delivery;Custos variáveis;Comissão e taxas iFood;Repasses do iFood;Descontada no repasse do iFood;-2760,00;2025-12;2026-01
603;31/12/2025;10/01/2026;12/01/2026;Pago;Pagamento online do iFood (3,2%) sobre os pedidos de dez/25;iFood;Pagamento online iFood (3,2%);Delivery;Custos variáveis;Comissão e taxas iFood;Repasses do iFood;Descontada no repasse do iFood;-384,00;2025-12;2026-01
604;31/12/2025;31/01/2026;30/01/2026;Pago;Taxa da maquininha sobre as vendas de 31/12/25;Operadora da maquininha;Taxas da maquininha (3%);Salão;Custos variáveis;Taxas de cartão;Recebimentos do salão;Descontada no repasse do cartão;-149,37;2025-12;2026-01
605;31/12/2025;08/01/2026;08/01/2026;Pago;Salários da cozinha, folha de dez/25;Funcionários da cozinha;Salários da cozinha;Geral;Despesas fixas;Folha e encargos;Folha e encargos;Transferência bancária;-12480,00;2025-12;2026-01
606;31/12/2025;08/01/2026;08/01/2026;Pago;Salários do salão e da administração, folha de dez/25;Funcionários do salão e da administração;Salários do salão e administração;Geral;Despesas fixas;Folha e encargos;Folha e encargos;Transferência bancária;-21420,00;2025-12;2026-01
607;31/12/2025;20/01/2026;20/01/2026;Pago;INSS e IRRF retidos dos funcionários, folha de dez/25;Receita Federal;INSS e IRRF retidos;Geral;Despesas fixas;Folha e encargos;Folha e encargos;Guia DCTFWeb;-3330,00;2025-12;2026-01
608;31/12/2025;20/01/2026;20/01/2026;Pago;FGTS, folha de dez/25;FGTS (Caixa);FGTS;Geral;Despesas fixas;Folha e encargos;Folha e encargos;Guia FGTS Digital;-2978,40;2025-12;2026-01
609;31/12/2025;08/01/2026;08/01/2026;Pago;Vale-transporte, folha de dez/25;Operadora de vale-transporte;Vale-transporte;Geral;Despesas fixas;Folha e encargos;Folha e encargos;Boleto;-1791,60;2025-12;2026-01
610;31/12/2025;31/12/2025;31/12/2025;Pago;Pró-labore de Júlia, dez/25;Júlia;Pró-labore;Geral;Despesas fixas;Pró-labore;Pró-labore;PIX;-8000,00;2025-12;2025-12
611;31/12/2025;31/12/2025;31/12/2025;Pago;Pró-labore de Marco, dez/25;Marco;Pró-labore;Geral;Despesas fixas;Pró-labore;Pró-labore;PIX;-8000,00;2025-12;2025-12
612;31/12/2025;;;Sem efeito no caixa;Depreciação da reforma do salão (R$ 150 mil em 10 anos), dez/25;;Depreciação da reforma;Geral;Depreciação e juros;Depreciação da reforma;Fora do caixa;;-1250,00;2025-12;
613;01/01/2026;01/01/2026;02/01/2026;Pago;Tarifas bancárias, jan/26;Banco Horizonte;Tarifas bancárias;Geral;Despesas fixas;Contabilidade, sistemas e outros;Contabilidade, manutenção e outros;Débito em conta;-60,20;2026-01;2026-01
614;02/01/2026;02/01/2026;02/01/2026;Recebido;Vendas do salão em 02/01/26: dinheiro, PIX e débito;Clientes do salão;Vendas salão (dinheiro, PIX e débito);Salão;Receita bruta;Salão;Recebimentos do salão;Dinheiro, PIX e débito;2969,52;2026-01;2026-01
615;02/01/2026;02/02/2026;02/02/2026;Recebido;Vendas do salão em 02/01/26: cartão de crédito;Operadora da maquininha;Vendas salão (cartão de crédito);Salão;Receita bruta;Salão;Recebimentos do salão;Cartão de crédito;3599,93;2026-01;2026-02
616;02/01/2026;10/02/2026;10/02/2026;Recebido;Pedidos do iFood em 02/01/26;iFood;Vendas iFood;Delivery;Receita bruta;Delivery (iFood);Repasses do iFood;Repasse do iFood;1240,08;2026-01;2026-02
617;02/01/2026;02/02/2026;02/02/2026;Pago;Compra de laticínios: NF 46935;Laticínios Vale Serrano;Laticínios;Geral;Custos variáveis;CMV (insumos);Fornecedores (insumos e embalagens);Boleto;-1879,62;2026-01;2026-02
618;02/01/2026;02/02/2026;02/02/2026;Pago;Taxa da maquininha sobre as vendas de 02/01/26;Operadora da maquininha;Taxas da maquininha (3%);Salão;Custos variáveis;Taxas de cartão;Recebimentos do salão;Descontada no repasse do cartão;-197,08;2026-01;2026-02
619;02/01/2026;02/01/2026;02/01/2026;Pago;Anúncios no Instagram e no Facebook, jan/26;Meta (anúncios);Anúncios em redes sociais;Geral;Despesas fixas;Marketing;Marketing;PIX;-2000,00;2026-01;2026-01
620;03/01/2026;03/01/2026;03/01/2026;Recebido;Vendas do salão em 03/01/26: dinheiro, PIX e débito;Clientes do salão;Vendas salão (dinheiro, PIX e débito);Salão;Receita bruta;Salão;Recebimentos do salão;Dinheiro, PIX e débito;3165,85;2026-01;2026-01
621;03/01/2026;03/02/2026;03/02/2026;Recebido;Vendas do salão em 03/01/26: cartão de crédito;Operadora da maquininha;Vendas salão (cartão de crédito);Salão;Receita bruta;Salão;Recebimentos do salão;Cartão de crédito;5327,12;2026-01;2026-02
622;03/01/2026;10/02/2026;10/02/2026;Recebido;Pedidos do iFood em 03/01/26;iFood;Vendas iFood;Delivery;Receita bruta;Delivery (iFood);Repasses do iFood;Repasse do iFood;1321,33;2026-01;2026-02
623;03/01/2026;03/02/2026;03/02/2026;Pago;Compra de hortifrúti: NF 24063;Hortifrúti Bom Plantio;Hortifrúti;Geral;Custos variáveis;CMV (insumos);Fornecedores (insumos e embalagens);Boleto;-491,46;2026-01;2026-02
624;03/01/2026;03/02/2026;03/02/2026;Pago;Taxa da maquininha sobre as vendas de 03/01/26;Operadora da maquininha;Taxas da maquininha (3%);Salão;Custos variáveis;Taxas de cartão;Recebimentos do salão;Descontada no repasse do cartão;-254,79;2026-01;2026-02
625;04/01/2026;04/01/2026;04/01/2026;Recebido;Vendas do salão em 04/01/26: dinheiro, PIX e débito;Clientes do salão;Vendas salão (dinheiro, PIX e débito);Salão;Receita bruta;Salão;Recebimentos do salão;Dinheiro, PIX e débito;3588,16;2026-01;2026-01
626;04/01/2026;04/02/2026;04/02/2026;Recebido;Vendas do salão em 04/01/26: cartão de crédito;Operadora da maquininha;Vendas salão (cartão de crédito);Salão;Receita bruta;Salão;Recebimentos do salão;Cartão de crédito;4657,44;2026-01;2026-02
627;04/01/2026;10/02/2026;10/02/2026;Recebido;Pedidos do iFood em 04/01/26;iFood;Vendas iFood;Delivery;Receita bruta;Delivery (iFood);Repasses do iFood;Repasse do iFood;1334,20;2026-01;2026-02
628;04/01/2026;04/02/2026;04/02/2026;Pago;Taxa da maquininha sobre as vendas de 04/01/26;Operadora da maquininha;Taxas da maquininha (3%);Salão;Custos variáveis;Taxas de cartão;Recebimentos do salão;Descontada no repasse do cartão;-247,37;2026-01;2026-02
629;05/01/2026;05/01/2026;05/01/2026;Pago;Gestão das redes sociais, jan/26;Agência Manjericão Digital;Agência de redes sociais;Geral;Despesas fixas;Marketing;Marketing;Boleto;-2000,00;2026-01;2026-01
630;05/01/2026;05/01/2026;05/01/2026;Pago;Mensalidade do sistema de PDV e gestão, jan/26;GestPDV Sistemas;Sistema de PDV e gestão;Geral;Despesas fixas;Contabilidade, sistemas e outros;Contabilidade, manutenção e outros;Débito automático;-389,90;2026-01;2026-01
631;05/01/2026;05/01/2026;05/01/2026;Pago;Limpeza e higienização (contrato), jan/26;Limpa Bem Higienização;Limpeza e higienização;Geral;Despesas fixas;Contabilidade, sistemas e outros;Contabilidade, manutenção e outros;Boleto;-780,00;2026-01;2026-01
632;06/01/2026;06/01/2026;06/01/2026;Recebido;Vendas do salão em 06/01/26: dinheiro, PIX e débito;Clientes do salão;Vendas salão (dinheiro, PIX e débito);Salão;Receita bruta;Salão;Recebimentos do salão;Dinheiro, PIX e débito;1421,31;2026-01;2026-01
633;06/01/2026;06/02/2026;06/02/2026;Recebido;Vendas do salão em 06/01/26: cartão de crédito;Operadora da maquininha;Vendas salão (cartão de crédito);Salão;Receita bruta;Salão;Recebimentos do salão;Cartão de crédito;2032,56;2026-01;2026-02
634;06/01/2026;10/02/2026;10/02/2026;Recebido;Pedidos do iFood em 06/01/26;iFood;Vendas iFood;Delivery;Receita bruta;Delivery (iFood);Repasses do iFood;Repasse do iFood;824,19;2026-01;2026-02
635;06/01/2026;06/02/2026;06/02/2026;Pago;Compra de laticínios: NF 46964;Laticínios Vale Serrano;Laticínios;Geral;Custos variáveis;CMV (insumos);Fornecedores (insumos e embalagens);Boleto;-1494,15;2026-01;2026-02
636;06/01/2026;06/02/2026;06/02/2026;Pago;Compra de hortifrúti: NF 24139;Hortifrúti Bom Plantio;Hortifrúti;Geral;Custos variáveis;CMV (insumos);Fornecedores (insumos e embalagens);Boleto;-430,99;2026-01;2026-02
637;06/01/2026;06/02/2026;06/02/2026;Pago;Taxa da maquininha sobre as vendas de 06/01/26;Operadora da maquininha;Taxas da maquininha (3%);Salão;Custos variáveis;Taxas de cartão;Recebimentos do salão;Descontada no repasse do cartão;-103,62;2026-01;2026-02
638;07/01/2026;07/01/2026;07/01/2026;Recebido;Vendas do salão em 07/01/26: dinheiro, PIX e débito;Clientes do salão;Vendas salão (dinheiro, PIX e débito);Salão;Receita bruta;Salão;Recebimentos do salão;Dinheiro, PIX e débito;1857,97;2026-01;2026-01
639;07/01/2026;07/02/2026;09/02/2026;Recebido;Vendas do salão em 07/01/26: cartão de crédito;Operadora da maquininha;Vendas salão (cartão de crédito);Salão;Receita bruta;Salão;Recebimentos do salão;Cartão de crédito;2548,02;2026-01;2026-02
640;07/01/2026;10/02/2026;10/02/2026;Recebido;Pedidos do iFood em 07/01/26;iFood;Vendas iFood;Delivery;Receita bruta;Delivery (iFood);Repasses do iFood;Repasse do iFood;990,36;2026-01;2026-02
641;07/01/2026;07/02/2026;09/02/2026;Pago;Compra de carnes e aves: NF 25074;Frigorífico Serra Nobre;Carnes e aves;Geral;Custos variáveis;CMV (insumos);Fornecedores (insumos e embalagens);Boleto;-2337,59;2026-01;2026-02
642;07/01/2026;07/02/2026;09/02/2026;Pago;Compra de bebidas: NF 35046;Adega & Cia Bebidas;Bebidas;Geral;Custos variáveis;CMV (insumos);Fornecedores (insumos e embalagens);Boleto;-5055,43;2026-01;2026-02
643;07/01/2026;07/02/2026;09/02/2026;Pago;Compra de embalagens de delivery: NF 11006;Pack Mais Embalagens;Embalagens de delivery;Delivery;Custos variáveis;Embalagens do delivery;Fornecedores (insumos e embalagens);Boleto;-787,56;2026-01;2026-02
644;07/01/2026;07/02/2026;09/02/2026;Pago;Taxa da maquininha sobre as vendas de 07/01/26;Operadora da maquininha;Taxas da maquininha (3%);Salão;Custos variáveis;Taxas de cartão;Recebimentos do salão;Descontada no repasse do cartão;-132,18;2026-01;2026-02
645;07/01/2026;07/01/2026;07/01/2026;Pago;Recarga de gás do ar-condicionado do salão;Polar Refrigeração;Manutenção e reparos;Geral;Despesas fixas;Manutenção;Contabilidade, manutenção e outros;PIX;-604,58;2026-01;2026-01
646;08/01/2026;08/01/2026;08/01/2026;Recebido;Vendas do salão em 08/01/26: dinheiro, PIX e débito;Clientes do salão;Vendas salão (dinheiro, PIX e débito);Salão;Receita bruta;Salão;Recebimentos do salão;Dinheiro, PIX e débito;1738,19;2026-01;2026-01
647;08/01/2026;08/02/2026;09/02/2026;Recebido;Vendas do salão em 08/01/26: cartão de crédito;Operadora da maquininha;Vendas salão (cartão de crédito);Salão;Receita bruta;Salão;Recebimentos do salão;Cartão de crédito;3056,87;2026-01;2026-02
648;08/01/2026;10/02/2026;10/02/2026;Recebido;Pedidos do iFood em 08/01/26;iFood;Vendas iFood;Delivery;Receita bruta;Delivery (iFood);Repasses do iFood;Repasse do iFood;1002,39;2026-01;2026-02
649;08/01/2026;08/02/2026;09/02/2026;Pago;Compra de hortifrúti: NF 24158;Hortifrúti Bom Plantio;Hortifrúti;Geral;Custos variáveis;CMV (insumos);Fornecedores (insumos e embalagens);Boleto;-583,29;2026-01;2026-02
650;08/01/2026;08/02/2026;09/02/2026;Pago;Compra de mercearia: NF 23980;Empório Grão Fino;Mercearia (massas, grãos e secos);Geral;Custos variáveis;CMV (insumos);Fornecedores (insumos e embalagens);Boleto;-6378,09;2026-01;2026-02
651;08/01/2026;08/02/2026;09/02/2026;Pago;Taxa da maquininha sobre as vendas de 08/01/26;Operadora da maquininha;Taxas da maquininha (3%);Salão;Custos variáveis;Taxas de cartão;Recebimentos do salão;Descontada no repasse do cartão;-143,85;2026-01;2026-02
652;08/01/2026;08/01/2026;08/01/2026;Pago;Retirada de Júlia, jan/26;Júlia;Retirada dos sócios;Geral;Fora do DRE;Fora do DRE;Retirada dos sócios;PIX;-6000,00;2026-01;2026-01
653;08/01/2026;08/01/2026;08/01/2026;Pago;Retirada de Marco, jan/26;Marco;Retirada dos sócios;Geral;Fora do DRE;Fora do DRE;Retirada dos sócios;PIX;-6000,00;2026-01;2026-01
654;09/01/2026;09/01/2026;09/01/2026;Recebido;Vendas do salão em 09/01/26: dinheiro, PIX e débito;Clientes do salão;Vendas salão (dinheiro, PIX e débito);Salão;Receita bruta;Salão;Recebimentos do salão;Dinheiro, PIX e débito;2803,63;2026-01;2026-01
655;09/01/2026;09/02/2026;09/02/2026;Recebido;Vendas do salão em 09/01/26: cartão de crédito;Operadora da maquininha;Vendas salão (cartão de crédito);Salão;Receita bruta;Salão;Recebimentos do salão;Cartão de crédito;4272,34;2026-01;2026-02
656;09/01/2026;10/02/2026;10/02/2026;Recebido;Pedidos do iFood em 09/01/26;iFood;Vendas iFood;Delivery;Receita bruta;Delivery (iFood);Repasses do iFood;Repasse do iFood;1343,41;2026-01;2026-02
657;09/01/2026;09/02/2026;09/02/2026;Pago;Compra de laticínios: NF 46981;Laticínios Vale Serrano;Laticínios;Geral;Custos variáveis;CMV (insumos);Fornecedores (insumos e embalagens);Boleto;-2136,18;2026-01;2026-02
658;09/01/2026;09/02/2026;09/02/2026;Pago;Taxa da maquininha sobre as vendas de 09/01/26;Operadora da maquininha;Taxas da maquininha (3%);Salão;Custos variáveis;Taxas de cartão;Recebimentos do salão;Descontada no repasse do cartão;-212,28;2026-01;2026-02
659;10/01/2026;10/01/2026;10/01/2026;Recebido;Vendas do salão em 10/01/26: dinheiro, PIX e débito;Clientes do salão;Vendas salão (dinheiro, PIX e débito);Salão;Receita bruta;Salão;Recebimentos do salão;Dinheiro, PIX e débito;3997,00;2026-01;2026-01
660;10/01/2026;10/02/2026;10/02/2026;Recebido;Vendas do salão em 10/01/26: cartão de crédito;Operadora da maquininha;Vendas salão (cartão de crédito);Salão;Receita bruta;Salão;Recebimentos do salão;Cartão de crédito;4745,80;2026-01;2026-02
661;10/01/2026;10/02/2026;10/02/2026;Recebido;Pedidos do iFood em 10/01/26;iFood;Vendas iFood;Delivery;Receita bruta;Delivery (iFood);Repasses do iFood;Repasse do iFood;1255,76;2026-01;2026-02
662;10/01/2026;10/02/2026;10/02/2026;Pago;Compra de hortifrúti: NF 24240;Hortifrúti Bom Plantio;Hortifrúti;Geral;Custos variáveis;CMV (insumos);Fornecedores (insumos e embalagens);Boleto;-465,19;2026-01;2026-02
663;10/01/2026;10/02/2026;10/02/2026;Pago;Taxa da maquininha sobre as vendas de 10/01/26;Operadora da maquininha;Taxas da maquininha (3%);Salão;Custos variáveis;Taxas de cartão;Recebimentos do salão;Descontada no repasse do cartão;-262,28;2026-01;2026-02
664;10/01/2026;10/01/2026;12/01/2026;Pago;Aluguel do imóvel, jan/26;Imobiliária Pedra Alta;Aluguel;Geral;Despesas fixas;Aluguel;Aluguel;Boleto;-14000,00;2026-01;2026-01
665;10/01/2026;10/01/2026;12/01/2026;Pago;Honorários contábeis, jan/26;Escritório Contábil Exato;Contabilidade;Geral;Despesas fixas;Contabilidade, sistemas e outros;Contabilidade, manutenção e outros;Boleto;-1450,00;2026-01;2026-01
666;11/01/2026;11/01/2026;11/01/2026;Recebido;Vendas do salão em 11/01/26: dinheiro, PIX e débito;Clientes do salão;Vendas salão (dinheiro, PIX e débito);Salão;Receita bruta;Salão;Recebimentos do salão;Dinheiro, PIX e débito;2730,92;2026-01;2026-01
667;11/01/2026;11/02/2026;11/02/2026;Recebido;Vendas do salão em 11/01/26: cartão de crédito;Operadora da maquininha;Vendas salão (cartão de crédito);Salão;Receita bruta;Salão;Recebimentos do salão;Cartão de crédito;4702,79;2026-01;2026-02
668;11/01/2026;10/02/2026;10/02/2026;Recebido;Pedidos do iFood em 11/01/26;iFood;Vendas iFood;Delivery;Receita bruta;Delivery (iFood);Repasses do iFood;Repasse do iFood;1307,93;2026-01;2026-02
669;11/01/2026;11/02/2026;11/02/2026;Pago;Taxa da maquininha sobre as vendas de 11/01/26;Operadora da maquininha;Taxas da maquininha (3%);Salão;Custos variáveis;Taxas de cartão;Recebimentos do salão;Descontada no repasse do cartão;-223,01;2026-01;2026-02
670;12/01/2026;12/01/2026;12/01/2026;Pago;Conta de água e esgoto, jan/26;Companhia de saneamento;Água e esgoto;Geral;Despesas fixas;Energia, gás e água;Energia, gás e água;Débito automático;-1172,68;2026-01;2026-01
671;13/01/2026;13/01/2026;13/01/2026;Recebido;Vendas do salão em 13/01/26: dinheiro, PIX e débito;Clientes do salão;Vendas salão (dinheiro, PIX e débito);Salão;Receita bruta;Salão;Recebimentos do salão;Dinheiro, PIX e débito;1551,00;2026-01;2026-01
672;13/01/2026;13/02/2026;13/02/2026;Recebido;Vendas do salão em 13/01/26: cartão de crédito;Operadora da maquininha;Vendas salão (cartão de crédito);Salão;Receita bruta;Salão;Recebimentos do salão;Cartão de crédito;2513,39;2026-01;2026-02
673;13/01/2026;10/02/2026;10/02/2026;Recebido;Pedidos do iFood em 13/01/26;iFood;Vendas iFood;Delivery;Receita bruta;Delivery (iFood);Repasses do iFood;Repasse do iFood;760,25;2026-01;2026-02
674;13/01/2026;13/02/2026;13/02/2026;Pago;Compra de laticínios: NF 47063;Laticínios Vale Serrano;Laticínios;Geral;Custos variáveis;CMV (insumos);Fornecedores (insumos e embalagens);Boleto;-2208,04;2026-01;2026-02
675;13/01/2026;13/02/2026;13/02/2026;Pago;Compra de hortifrúti: NF 24302;Hortifrúti Bom Plantio;Hortifrúti;Geral;Custos variáveis;CMV (insumos);Fornecedores (insumos e embalagens);Boleto;-563,13;2026-01;2026-02
676;13/01/2026;13/02/2026;13/02/2026;Pago;Taxa da maquininha sobre as vendas de 13/01/26;Operadora da maquininha;Taxas da maquininha (3%);Salão;Custos variáveis;Taxas de cartão;Recebimentos do salão;Descontada no repasse do cartão;-121,93;2026-01;2026-02
677;14/01/2026;14/01/2026;14/01/2026;Recebido;Vendas do salão em 14/01/26: dinheiro, PIX e débito;Clientes do salão;Vendas salão (dinheiro, PIX e débito);Salão;Receita bruta;Salão;Recebimentos do salão;Dinheiro, PIX e débito;1434,67;2026-01;2026-01
678;14/01/2026;14/02/2026;18/02/2026;Recebido;Vendas do salão em 14/01/26: cartão de crédito;Operadora da maquininha;Vendas salão (cartão de crédito);Salão;Receita bruta;Salão;Recebimentos do salão;Cartão de crédito;2270,03;2026-01;2026-02
679;14/01/2026;10/02/2026;10/02/2026;Recebido;Pedidos do iFood em 14/01/26;iFood;Vendas iFood;Delivery;Receita bruta;Delivery (iFood);Repasses do iFood;Repasse do iFood;806,15;2026-01;2026-02
680;14/01/2026;14/02/2026;18/02/2026;Pago;Compra de carnes e aves: NF 25128;Frigorífico Serra Nobre;Carnes e aves;Geral;Custos variáveis;CMV (insumos);Fornecedores (insumos e embalagens);Boleto;-3023,66;2026-01;2026-02
681;14/01/2026;14/02/2026;18/02/2026;Pago;Taxa da maquininha sobre as vendas de 14/01/26;Operadora da maquininha;Taxas da maquininha (3%);Salão;Custos variáveis;Taxas de cartão;Recebimentos do salão;Descontada no repasse do cartão;-111,14;2026-01;2026-02
682;15/01/2026;15/01/2026;15/01/2026;Recebido;Vendas do salão em 15/01/26: dinheiro, PIX e débito;Clientes do salão;Vendas salão (dinheiro, PIX e débito);Salão;Receita bruta;Salão;Recebimentos do salão;Dinheiro, PIX e débito;1712,44;2026-01;2026-01
683;15/01/2026;15/02/2026;18/02/2026;Recebido;Vendas do salão em 15/01/26: cartão de crédito;Operadora da maquininha;Vendas salão (cartão de crédito);Salão;Receita bruta;Salão;Recebimentos do salão;Cartão de crédito;3186,89;2026-01;2026-02
684;15/01/2026;10/02/2026;10/02/2026;Recebido;Pedidos do iFood em 15/01/26;iFood;Vendas iFood;Delivery;Receita bruta;Delivery (iFood);Repasses do iFood;Repasse do iFood;889,52;2026-01;2026-02
685;15/01/2026;15/02/2026;18/02/2026;Pago;Compra de hortifrúti: NF 24336;Hortifrúti Bom Plantio;Hortifrúti;Geral;Custos variáveis;CMV (insumos);Fornecedores (insumos e embalagens);Boleto;-490,27;2026-01;2026-02
686;15/01/2026;15/02/2026;18/02/2026;Pago;Taxa da maquininha sobre as vendas de 15/01/26;Operadora da maquininha;Taxas da maquininha (3%);Salão;Custos variáveis;Taxas de cartão;Recebimentos do salão;Descontada no repasse do cartão;-146,98;2026-01;2026-02
687;15/01/2026;15/01/2026;15/01/2026;Pago;Conta de energia elétrica, jan/26;Distribuidora de energia;Energia elétrica;Geral;Despesas fixas;Energia, gás e água;Energia, gás e água;Débito automático;-4453,21;2026-01;2026-01
688;15/01/2026;15/01/2026;15/01/2026;Pago;Internet e telefone, jan/26;NetSerra Telecom;Internet e telefone;Geral;Despesas fixas;Contabilidade, sistemas e outros;Contabilidade, manutenção e outros;Débito automático;-249,90;2026-01;2026-01
689;15/01/2026;15/01/2026;15/01/2026;Pago;Manutenção do cilindro de massas;TecForno Assistência Técnica;Manutenção e reparos;Geral;Despesas fixas;Manutenção;Contabilidade, manutenção e outros;PIX;-433,77;2026-01;2026-01
690;15/01/2026;15/01/2026;15/01/2026;Pago;Parcela 1/24 do empréstimo: juros;Banco Horizonte;Juros do empréstimo;Geral;Depreciação e juros;Juros do empréstimo;Parcela do empréstimo;Débito em conta;-2441,00;2026-01;2026-01
691;15/01/2026;15/01/2026;15/01/2026;Pago;Parcela 1/24 do empréstimo: amortização;Banco Horizonte;Amortização do empréstimo;Geral;Fora do DRE;Fora do DRE;Parcela do empréstimo;Débito em conta;-5159,00;2026-01;2026-01
692;16/01/2026;16/01/2026;16/01/2026;Recebido;Vendas do salão em 16/01/26: dinheiro, PIX e débito;Clientes do salão;Vendas salão (dinheiro, PIX e débito);Salão;Receita bruta;Salão;Recebimentos do salão;Dinheiro, PIX e débito;2640,83;2026-01;2026-01
693;16/01/2026;16/02/2026;18/02/2026;Recebido;Vendas do salão em 16/01/26: cartão de crédito;Operadora da maquininha;Vendas salão (cartão de crédito);Salão;Receita bruta;Salão;Recebimentos do salão;Cartão de crédito;4207,70;2026-01;2026-02
694;16/01/2026;10/02/2026;10/02/2026;Recebido;Pedidos do iFood em 16/01/26;iFood;Vendas iFood;Delivery;Receita bruta;Delivery (iFood);Repasses do iFood;Repasse do iFood;1273,42;2026-01;2026-02
695;16/01/2026;16/02/2026;18/02/2026;Pago;Compra de laticínios: NF 47129;Laticínios Vale Serrano;Laticínios;Geral;Custos variáveis;CMV (insumos);Fornecedores (insumos e embalagens);Boleto;-1731,29;2026-01;2026-02
696;16/01/2026;16/02/2026;18/02/2026;Pago;Taxa da maquininha sobre as vendas de 16/01/26;Operadora da maquininha;Taxas da maquininha (3%);Salão;Custos variáveis;Taxas de cartão;Recebimentos do salão;Descontada no repasse do cartão;-205,46;2026-01;2026-02
697;17/01/2026;17/01/2026;17/01/2026;Recebido;Vendas do salão em 17/01/26: dinheiro, PIX e débito;Clientes do salão;Vendas salão (dinheiro, PIX e débito);Salão;Receita bruta;Salão;Recebimentos do salão;Dinheiro, PIX e débito;3253,55;2026-01;2026-01
698;17/01/2026;17/02/2026;18/02/2026;Recebido;Vendas do salão em 17/01/26: cartão de crédito;Operadora da maquininha;Vendas salão (cartão de crédito);Salão;Receita bruta;Salão;Recebimentos do salão;Cartão de crédito;4721,30;2026-01;2026-02
699;17/01/2026;10/02/2026;10/02/2026;Recebido;Pedidos do iFood em 17/01/26;iFood;Vendas iFood;Delivery;Receita bruta;Delivery (iFood);Repasses do iFood;Repasse do iFood;1524,41;2026-01;2026-02
700;17/01/2026;17/02/2026;18/02/2026;Pago;Compra de hortifrúti: NF 24372;Hortifrúti Bom Plantio;Hortifrúti;Geral;Custos variáveis;CMV (insumos);Fornecedores (insumos e embalagens);Boleto;-412,09;2026-01;2026-02
701;17/01/2026;17/02/2026;18/02/2026;Pago;Taxa da maquininha sobre as vendas de 17/01/26;Operadora da maquininha;Taxas da maquininha (3%);Salão;Custos variáveis;Taxas de cartão;Recebimentos do salão;Descontada no repasse do cartão;-239,24;2026-01;2026-02
702;18/01/2026;18/01/2026;18/01/2026;Recebido;Vendas do salão em 18/01/26: dinheiro, PIX e débito;Clientes do salão;Vendas salão (dinheiro, PIX e débito);Salão;Receita bruta;Salão;Recebimentos do salão;Dinheiro, PIX e débito;2865,75;2026-01;2026-01
703;18/01/2026;18/02/2026;18/02/2026;Recebido;Vendas do salão em 18/01/26: cartão de crédito;Operadora da maquininha;Vendas salão (cartão de crédito);Salão;Receita bruta;Salão;Recebimentos do salão;Cartão de crédito;4042,48;2026-01;2026-02
704;18/01/2026;10/02/2026;10/02/2026;Recebido;Pedidos do iFood em 18/01/26;iFood;Vendas iFood;Delivery;Receita bruta;Delivery (iFood);Repasses do iFood;Repasse do iFood;1471,58;2026-01;2026-02
705;18/01/2026;18/02/2026;18/02/2026;Pago;Taxa da maquininha sobre as vendas de 18/01/26;Operadora da maquininha;Taxas da maquininha (3%);Salão;Custos variáveis;Taxas de cartão;Recebimentos do salão;Descontada no repasse do cartão;-207,25;2026-01;2026-02
706;20/01/2026;20/01/2026;20/01/2026;Recebido;Vendas do salão em 20/01/26: dinheiro, PIX e débito;Clientes do salão;Vendas salão (dinheiro, PIX e débito);Salão;Receita bruta;Salão;Recebimentos do salão;Dinheiro, PIX e débito;1556,47;2026-01;2026-01
707;20/01/2026;20/02/2026;20/02/2026;Recebido;Vendas do salão em 20/01/26: cartão de crédito;Operadora da maquininha;Vendas salão (cartão de crédito);Salão;Receita bruta;Salão;Recebimentos do salão;Cartão de crédito;2800,51;2026-01;2026-02
708;20/01/2026;10/02/2026;10/02/2026;Recebido;Pedidos do iFood em 20/01/26;iFood;Vendas iFood;Delivery;Receita bruta;Delivery (iFood);Repasses do iFood;Repasse do iFood;893,05;2026-01;2026-02
709;20/01/2026;20/02/2026;20/02/2026;Pago;Compra de laticínios: NF 47178;Laticínios Vale Serrano;Laticínios;Geral;Custos variáveis;CMV (insumos);Fornecedores (insumos e embalagens);Boleto;-2108,00;2026-01;2026-02
710;20/01/2026;20/02/2026;20/02/2026;Pago;Compra de hortifrúti: NF 24412;Hortifrúti Bom Plantio;Hortifrúti;Geral;Custos variáveis;CMV (insumos);Fornecedores (insumos e embalagens);Boleto;-448,43;2026-01;2026-02
711;20/01/2026;20/02/2026;20/02/2026;Pago;Taxa da maquininha sobre as vendas de 20/01/26;Operadora da maquininha;Taxas da maquininha (3%);Salão;Custos variáveis;Taxas de cartão;Recebimentos do salão;Descontada no repasse do cartão;-130,71;2026-01;2026-02
712;20/01/2026;20/01/2026;20/01/2026;Pago;Gás de cozinha (GLP), jan/26;Gás Chama Azul;Gás;Geral;Despesas fixas;Energia, gás e água;Energia, gás e água;Boleto;-2342,11;2026-01;2026-01
713;20/01/2026;20/01/2026;20/01/2026;Pago;Controle de pragas (contrato), jan/26;Dedetizadora Sem Praga;Controle de pragas;Geral;Despesas fixas;Contabilidade, sistemas e outros;Contabilidade, manutenção e outros;PIX;-150,00;2026-01;2026-01
714;21/01/2026;21/01/2026;21/01/2026;Recebido;Vendas do salão em 21/01/26: dinheiro, PIX e débito;Clientes do salão;Vendas salão (dinheiro, PIX e débito);Salão;Receita bruta;Salão;Recebimentos do salão;Dinheiro, PIX e débito;1737,47;2026-01;2026-01
715;21/01/2026;21/02/2026;23/02/2026;Recebido;Vendas do salão em 21/01/26: cartão de crédito;Operadora da maquininha;Vendas salão (cartão de crédito);Salão;Receita bruta;Salão;Recebimentos do salão;Cartão de crédito;2776,59;2026-01;2026-02
716;21/01/2026;10/02/2026;10/02/2026;Recebido;Pedidos do iFood em 21/01/26;iFood;Vendas iFood;Delivery;Receita bruta;Delivery (iFood);Repasses do iFood;Repasse do iFood;1015,55;2026-01;2026-02
717;21/01/2026;21/02/2026;23/02/2026;Pago;Compra de carnes e aves: NF 25190;Frigorífico Serra Nobre;Carnes e aves;Geral;Custos variáveis;CMV (insumos);Fornecedores (insumos e embalagens);Boleto;-3161,37;2026-01;2026-02
718;21/01/2026;21/02/2026;23/02/2026;Pago;Compra de bebidas: NF 35088;Adega & Cia Bebidas;Bebidas;Geral;Custos variáveis;CMV (insumos);Fornecedores (insumos e embalagens);Boleto;-6071,46;2026-01;2026-02
719;21/01/2026;21/02/2026;23/02/2026;Pago;Compra de embalagens de delivery: NF 11067;Pack Mais Embalagens;Embalagens de delivery;Delivery;Custos variáveis;Embalagens do delivery;Fornecedores (insumos e embalagens);Boleto;-712,44;2026-01;2026-02
720;21/01/2026;21/02/2026;23/02/2026;Pago;Taxa da maquininha sobre as vendas de 21/01/26;Operadora da maquininha;Taxas da maquininha (3%);Salão;Custos variáveis;Taxas de cartão;Recebimentos do salão;Descontada no repasse do cartão;-135,42;2026-01;2026-02
721;21/01/2026;21/01/2026;21/01/2026;Pago;Conserto do forno combinado;TecForno Assistência Técnica;Manutenção e reparos;Geral;Despesas fixas;Manutenção;Contabilidade, manutenção e outros;PIX;-650,65;2026-01;2026-01
722;22/01/2026;22/01/2026;22/01/2026;Recebido;Vendas do salão em 22/01/26: dinheiro, PIX e débito;Clientes do salão;Vendas salão (dinheiro, PIX e débito);Salão;Receita bruta;Salão;Recebimentos do salão;Dinheiro, PIX e débito;1877,90;2026-01;2026-01
723;22/01/2026;22/02/2026;23/02/2026;Recebido;Vendas do salão em 22/01/26: cartão de crédito;Operadora da maquininha;Vendas salão (cartão de crédito);Salão;Receita bruta;Salão;Recebimentos do salão;Cartão de crédito;2532,01;2026-01;2026-02
724;22/01/2026;10/02/2026;10/02/2026;Recebido;Pedidos do iFood em 22/01/26;iFood;Vendas iFood;Delivery;Receita bruta;Delivery (iFood);Repasses do iFood;Repasse do iFood;1077,99;2026-01;2026-02
725;22/01/2026;22/02/2026;23/02/2026;Pago;Compra de hortifrúti: NF 24434;Hortifrúti Bom Plantio;Hortifrúti;Geral;Custos variáveis;CMV (insumos);Fornecedores (insumos e embalagens);Boleto;-411,16;2026-01;2026-02
726;22/01/2026;22/02/2026;23/02/2026;Pago;Compra de mercearia: NF 23991;Empório Grão Fino;Mercearia (massas, grãos e secos);Geral;Custos variáveis;CMV (insumos);Fornecedores (insumos e embalagens);Boleto;-4290,17;2026-01;2026-02
727;22/01/2026;22/02/2026;23/02/2026;Pago;Taxa da maquininha sobre as vendas de 22/01/26;Operadora da maquininha;Taxas da maquininha (3%);Salão;Custos variáveis;Taxas de cartão;Recebimentos do salão;Descontada no repasse do cartão;-132,30;2026-01;2026-02
728;23/01/2026;23/01/2026;23/01/2026;Recebido;Vendas do salão em 23/01/26: dinheiro, PIX e débito;Clientes do salão;Vendas salão (dinheiro, PIX e débito);Salão;Receita bruta;Salão;Recebimentos do salão;Dinheiro, PIX e débito;3074,93;2026-01;2026-01
729;23/01/2026;23/02/2026;23/02/2026;Recebido;Vendas do salão em 23/01/26: cartão de crédito;Operadora da maquininha;Vendas salão (cartão de crédito);Salão;Receita bruta;Salão;Recebimentos do salão;Cartão de crédito;4209,53;2026-01;2026-02
730;23/01/2026;10/02/2026;10/02/2026;Recebido;Pedidos do iFood em 23/01/26;iFood;Vendas iFood;Delivery;Receita bruta;Delivery (iFood);Repasses do iFood;Repasse do iFood;1270,52;2026-01;2026-02
731;23/01/2026;23/02/2026;23/02/2026;Pago;Compra de laticínios: NF 47239;Laticínios Vale Serrano;Laticínios;Geral;Custos variáveis;CMV (insumos);Fornecedores (insumos e embalagens);Boleto;-2194,17;2026-01;2026-02
732;23/01/2026;23/02/2026;23/02/2026;Pago;Taxa da maquininha sobre as vendas de 23/01/26;Operadora da maquininha;Taxas da maquininha (3%);Salão;Custos variáveis;Taxas de cartão;Recebimentos do salão;Descontada no repasse do cartão;-218,53;2026-01;2026-02
733;24/01/2026;24/01/2026;24/01/2026;Recebido;Vendas do salão em 24/01/26: dinheiro, PIX e débito;Clientes do salão;Vendas salão (dinheiro, PIX e débito);Salão;Receita bruta;Salão;Recebimentos do salão;Dinheiro, PIX e débito;3308,66;2026-01;2026-01
734;24/01/2026;24/02/2026;24/02/2026;Recebido;Vendas do salão em 24/01/26: cartão de crédito;Operadora da maquininha;Vendas salão (cartão de crédito);Salão;Receita bruta;Salão;Recebimentos do salão;Cartão de crédito;5304,02;2026-01;2026-02
735;24/01/2026;10/02/2026;10/02/2026;Recebido;Pedidos do iFood em 24/01/26;iFood;Vendas iFood;Delivery;Receita bruta;Delivery (iFood);Repasses do iFood;Repasse do iFood;1292,45;2026-01;2026-02
736;24/01/2026;24/02/2026;24/02/2026;Pago;Compra de hortifrúti: NF 24507;Hortifrúti Bom Plantio;Hortifrúti;Geral;Custos variáveis;CMV (insumos);Fornecedores (insumos e embalagens);Boleto;-400,56;2026-01;2026-02
737;24/01/2026;24/02/2026;24/02/2026;Pago;Taxa da maquininha sobre as vendas de 24/01/26;Operadora da maquininha;Taxas da maquininha (3%);Salão;Custos variáveis;Taxas de cartão;Recebimentos do salão;Descontada no repasse do cartão;-258,38;2026-01;2026-02
738;25/01/2026;25/01/2026;25/01/2026;Recebido;Vendas do salão em 25/01/26: dinheiro, PIX e débito;Clientes do salão;Vendas salão (dinheiro, PIX e débito);Salão;Receita bruta;Salão;Recebimentos do salão;Dinheiro, PIX e débito;3301,10;2026-01;2026-01
739;25/01/2026;25/02/2026;25/02/2026;Recebido;Vendas do salão em 25/01/26: cartão de crédito;Operadora da maquininha;Vendas salão (cartão de crédito);Salão;Receita bruta;Salão;Recebimentos do salão;Cartão de crédito;5447,14;2026-01;2026-02
740;25/01/2026;10/02/2026;10/02/2026;Recebido;Pedidos do iFood em 25/01/26;iFood;Vendas iFood;Delivery;Receita bruta;Delivery (iFood);Repasses do iFood;Repasse do iFood;1215,92;2026-01;2026-02
741;25/01/2026;25/02/2026;25/02/2026;Pago;Taxa da maquininha sobre as vendas de 25/01/26;Operadora da maquininha;Taxas da maquininha (3%);Salão;Custos variáveis;Taxas de cartão;Recebimentos do salão;Descontada no repasse do cartão;-262,45;2026-01;2026-02
742;25/01/2026;25/01/2026;26/01/2026;Pago;Lavanderia de toalhas e uniformes, jan/26;Lavanderia Branco Neve;Lavanderia;Geral;Despesas fixas;Contabilidade, sistemas e outros;Contabilidade, manutenção e outros;PIX;-420,00;2026-01;2026-01
743;27/01/2026;27/01/2026;27/01/2026;Recebido;Vendas do salão em 27/01/26: dinheiro, PIX e débito;Clientes do salão;Vendas salão (dinheiro, PIX e débito);Salão;Receita bruta;Salão;Recebimentos do salão;Dinheiro, PIX e débito;1779,49;2026-01;2026-01
744;27/01/2026;27/02/2026;27/02/2026;Recebido;Vendas do salão em 27/01/26: cartão de crédito;Operadora da maquininha;Vendas salão (cartão de crédito);Salão;Receita bruta;Salão;Recebimentos do salão;Cartão de crédito;2264,30;2026-01;2026-02
745;27/01/2026;10/02/2026;10/02/2026;Recebido;Pedidos do iFood em 27/01/26;iFood;Vendas iFood;Delivery;Receita bruta;Delivery (iFood);Repasses do iFood;Repasse do iFood;953,09;2026-01;2026-02
746;27/01/2026;27/02/2026;27/02/2026;Pago;Compra de laticínios: NF 47254;Laticínios Vale Serrano;Laticínios;Geral;Custos variáveis;CMV (insumos);Fornecedores (insumos e embalagens);Boleto;-1662,49;2026-01;2026-02
747;27/01/2026;27/02/2026;27/02/2026;Pago;Compra de hortifrúti: NF 24519;Hortifrúti Bom Plantio;Hortifrúti;Geral;Custos variáveis;CMV (insumos);Fornecedores (insumos e embalagens);Boleto;-563,42;2026-01;2026-02
748;27/01/2026;27/02/2026;27/02/2026;Pago;Taxa da maquininha sobre as vendas de 27/01/26;Operadora da maquininha;Taxas da maquininha (3%);Salão;Custos variáveis;Taxas de cartão;Recebimentos do salão;Descontada no repasse do cartão;-121,31;2026-01;2026-02
749;28/01/2026;28/01/2026;28/01/2026;Recebido;Vendas do salão em 28/01/26: dinheiro, PIX e débito;Clientes do salão;Vendas salão (dinheiro, PIX e débito);Salão;Receita bruta;Salão;Recebimentos do salão;Dinheiro, PIX e débito;1664,04;2026-01;2026-01
750;28/01/2026;28/02/2026;27/02/2026;Recebido;Vendas do salão em 28/01/26: cartão de crédito;Operadora da maquininha;Vendas salão (cartão de crédito);Salão;Receita bruta;Salão;Recebimentos do salão;Cartão de crédito;2182,86;2026-01;2026-02
751;28/01/2026;10/02/2026;10/02/2026;Recebido;Pedidos do iFood em 28/01/26;iFood;Vendas iFood;Delivery;Receita bruta;Delivery (iFood);Repasses do iFood;Repasse do iFood;1059,18;2026-01;2026-02
752;28/01/2026;28/02/2026;27/02/2026;Pago;Compra de carnes e aves: NF 25233;Frigorífico Serra Nobre;Carnes e aves;Geral;Custos variáveis;CMV (insumos);Fornecedores (insumos e embalagens);Boleto;-2743,85;2026-01;2026-02
753;28/01/2026;28/02/2026;27/02/2026;Pago;Taxa da maquininha sobre as vendas de 28/01/26;Operadora da maquininha;Taxas da maquininha (3%);Salão;Custos variáveis;Taxas de cartão;Recebimentos do salão;Descontada no repasse do cartão;-115,41;2026-01;2026-02
754;29/01/2026;29/01/2026;29/01/2026;Recebido;Vendas do salão em 29/01/26: dinheiro, PIX e débito;Clientes do salão;Vendas salão (dinheiro, PIX e débito);Salão;Receita bruta;Salão;Recebimentos do salão;Dinheiro, PIX e débito;2121,80;2026-01;2026-01
755;29/01/2026;28/02/2026;27/02/2026;Recebido;Vendas do salão em 29/01/26: cartão de crédito;Operadora da maquininha;Vendas salão (cartão de crédito);Salão;Receita bruta;Salão;Recebimentos do salão;Cartão de crédito;3145,75;2026-01;2026-02
756;29/01/2026;10/02/2026;10/02/2026;Recebido;Pedidos do iFood em 29/01/26;iFood;Vendas iFood;Delivery;Receita bruta;Delivery (iFood);Repasses do iFood;Repasse do iFood;1118,42;2026-01;2026-02
757;29/01/2026;28/02/2026;27/02/2026;Pago;Compra de hortifrúti: NF 24578;Hortifrúti Bom Plantio;Hortifrúti;Geral;Custos variáveis;CMV (insumos);Fornecedores (insumos e embalagens);Boleto;-601,39;2026-01;2026-02
758;29/01/2026;28/02/2026;27/02/2026;Pago;Taxa da maquininha sobre as vendas de 29/01/26;Operadora da maquininha;Taxas da maquininha (3%);Salão;Custos variáveis;Taxas de cartão;Recebimentos do salão;Descontada no repasse do cartão;-158,03;2026-01;2026-02
759;30/01/2026;30/01/2026;30/01/2026;Recebido;Vendas do salão em 30/01/26: dinheiro, PIX e débito;Clientes do salão;Vendas salão (dinheiro, PIX e débito);Salão;Receita bruta;Salão;Recebimentos do salão;Dinheiro, PIX e débito;2441,34;2026-01;2026-01
760;30/01/2026;28/02/2026;27/02/2026;Recebido;Vendas do salão em 30/01/26: cartão de crédito;Operadora da maquininha;Vendas salão (cartão de crédito);Salão;Receita bruta;Salão;Recebimentos do salão;Cartão de crédito;4386,40;2026-01;2026-02
761;30/01/2026;10/02/2026;10/02/2026;Recebido;Pedidos do iFood em 30/01/26;iFood;Vendas iFood;Delivery;Receita bruta;Delivery (iFood);Repasses do iFood;Repasse do iFood;1323,06;2026-01;2026-02
762;30/01/2026;28/02/2026;27/02/2026;Pago;Compra de laticínios: NF 47294;Laticínios Vale Serrano;Laticínios;Geral;Custos variáveis;CMV (insumos);Fornecedores (insumos e embalagens);Boleto;-2373,13;2026-01;2026-02
763;30/01/2026;28/02/2026;27/02/2026;Pago;Taxa da maquininha sobre as vendas de 30/01/26;Operadora da maquininha;Taxas da maquininha (3%);Salão;Custos variáveis;Taxas de cartão;Recebimentos do salão;Descontada no repasse do cartão;-204,83;2026-01;2026-02
764;30/01/2026;30/01/2026;30/01/2026;Pago;Pró-labore de Júlia, jan/26;Júlia;Pró-labore;Geral;Despesas fixas;Pró-labore;Pró-labore;PIX;-8000,00;2026-01;2026-01
765;30/01/2026;30/01/2026;30/01/2026;Pago;Pró-labore de Marco, jan/26;Marco;Pró-labore;Geral;Despesas fixas;Pró-labore;Pró-labore;PIX;-8000,00;2026-01;2026-01
766;31/01/2026;31/01/2026;31/01/2026;Recebido;Vendas do salão em 31/01/26: dinheiro, PIX e débito;Clientes do salão;Vendas salão (dinheiro, PIX e débito);Salão;Receita bruta;Salão;Recebimentos do salão;Dinheiro, PIX e débito;3406,01;2026-01;2026-01
767;31/01/2026;28/02/2026;27/02/2026;Recebido;Vendas do salão em 31/01/26: cartão de crédito;Operadora da maquininha;Vendas salão (cartão de crédito);Salão;Receita bruta;Salão;Recebimentos do salão;Cartão de crédito;5066,23;2026-01;2026-02
768;31/01/2026;10/02/2026;10/02/2026;Recebido;Pedidos do iFood em 31/01/26;iFood;Vendas iFood;Delivery;Receita bruta;Delivery (iFood);Repasses do iFood;Repasse do iFood;1435,79;2026-01;2026-02
769;31/01/2026;20/02/2026;20/02/2026;Pago;DAS do Simples Nacional, competência jan/26;Receita Federal;Simples Nacional;Geral;Custos variáveis;Simples Nacional;Simples Nacional;Guia DAS;-15200,00;2026-01;2026-02
770;31/01/2026;28/02/2026;27/02/2026;Pago;Compra de hortifrúti: NF 24598;Hortifrúti Bom Plantio;Hortifrúti;Geral;Custos variáveis;CMV (insumos);Fornecedores (insumos e embalagens);Boleto;-419,93;2026-01;2026-02
771;31/01/2026;10/02/2026;10/02/2026;Pago;Comissão do iFood (23%) sobre os pedidos de jan/26;iFood;Comissão iFood (23%);Delivery;Custos variáveis;Comissão e taxas iFood;Repasses do iFood;Descontada no repasse do iFood;-6900,00;2026-01;2026-02
772;31/01/2026;10/02/2026;10/02/2026;Pago;Pagamento online do iFood (3,2%) sobre os pedidos de jan/26;iFood;Pagamento online iFood (3,2%);Delivery;Custos variáveis;Comissão e taxas iFood;Repasses do iFood;Descontada no repasse do iFood;-960,00;2026-01;2026-02
773;31/01/2026;28/02/2026;27/02/2026;Pago;Taxa da maquininha sobre as vendas de 31/01/26;Operadora da maquininha;Taxas da maquininha (3%);Salão;Custos variáveis;Taxas de cartão;Recebimentos do salão;Descontada no repasse do cartão;-254,17;2026-01;2026-02
774;31/01/2026;06/02/2026;06/02/2026;Pago;Salários da cozinha, folha de jan/26;Funcionários da cozinha;Salários da cozinha;Geral;Despesas fixas;Folha e encargos;Folha e encargos;Transferência bancária;-12480,00;2026-01;2026-02
775;31/01/2026;06/02/2026;06/02/2026;Pago;Salários do salão e da administração, folha de jan/26;Funcionários do salão e da administração;Salários do salão e administração;Geral;Despesas fixas;Folha e encargos;Folha e encargos;Transferência bancária;-21420,00;2026-01;2026-02
776;31/01/2026;20/02/2026;20/02/2026;Pago;INSS e IRRF retidos dos funcionários, folha de jan/26;Receita Federal;INSS e IRRF retidos;Geral;Despesas fixas;Folha e encargos;Folha e encargos;Guia DCTFWeb;-3330,00;2026-01;2026-02
777;31/01/2026;20/02/2026;20/02/2026;Pago;FGTS, folha de jan/26;FGTS (Caixa);FGTS;Geral;Despesas fixas;Folha e encargos;Folha e encargos;Guia FGTS Digital;-2978,40;2026-01;2026-02
778;31/01/2026;06/02/2026;06/02/2026;Pago;Vale-transporte, folha de jan/26;Operadora de vale-transporte;Vale-transporte;Geral;Despesas fixas;Folha e encargos;Folha e encargos;Boleto;-1791,60;2026-01;2026-02
779;31/01/2026;;;Sem efeito no caixa;Depreciação da reforma do salão (R$ 150 mil em 10 anos), jan/26;;Depreciação da reforma;Geral;Depreciação e juros;Depreciação da reforma;Fora do caixa;;-1250,00;2026-01;
780;01/02/2026;01/02/2026;01/02/2026;Recebido;Vendas do salão em 01/02/26: dinheiro, PIX e débito;Clientes do salão;Vendas salão (dinheiro, PIX e débito);Salão;Receita bruta;Salão;Recebimentos do salão;Dinheiro, PIX e débito;4174,85;2026-02;2026-02
781;01/02/2026;01/03/2026;02/03/2026;Recebido;Vendas do salão em 01/02/26: cartão de crédito;Operadora da maquininha;Vendas salão (cartão de crédito);Salão;Receita bruta;Salão;Recebimentos do salão;Cartão de crédito;4997,78;2026-02;2026-03
782;01/02/2026;10/03/2026;10/03/2026;Recebido;Pedidos do iFood em 01/02/26;iFood;Vendas iFood;Delivery;Receita bruta;Delivery (iFood);Repasses do iFood;Repasse do iFood;2025,55;2026-02;2026-03
783;01/02/2026;01/03/2026;02/03/2026;Pago;Taxa da maquininha sobre as vendas de 01/02/26;Operadora da maquininha;Taxas da maquininha (3%);Salão;Custos variáveis;Taxas de cartão;Recebimentos do salão;Descontada no repasse do cartão;-275,18;2026-02;2026-03
784;01/02/2026;01/02/2026;02/02/2026;Pago;Tarifas bancárias, fev/26;Banco Horizonte;Tarifas bancárias;Geral;Despesas fixas;Contabilidade, sistemas e outros;Contabilidade, manutenção e outros;Débito em conta;-60,20;2026-02;2026-02
785;02/02/2026;02/02/2026;02/02/2026;Pago;Anúncios no Instagram e no Facebook, fev/26;Meta (anúncios);Anúncios em redes sociais;Geral;Despesas fixas;Marketing;Marketing;PIX;-2000,00;2026-02;2026-02
786;03/02/2026;03/02/2026;03/02/2026;Recebido;Vendas do salão em 03/02/26: dinheiro, PIX e débito;Clientes do salão;Vendas salão (dinheiro, PIX e débito);Salão;Receita bruta;Salão;Recebimentos do salão;Dinheiro, PIX e débito;1774,87;2026-02;2026-02
787;03/02/2026;03/03/2026;03/03/2026;Recebido;Vendas do salão em 03/02/26: cartão de crédito;Operadora da maquininha;Vendas salão (cartão de crédito);Salão;Receita bruta;Salão;Recebimentos do salão;Cartão de crédito;2165,95;2026-02;2026-03
788;03/02/2026;10/03/2026;10/03/2026;Recebido;Pedidos do iFood em 03/02/26;iFood;Vendas iFood;Delivery;Receita bruta;Delivery (iFood);Repasses do iFood;Repasse do iFood;1154,33;2026-02;2026-03
789;03/02/2026;03/03/2026;03/03/2026;Pago;Compra de laticínios: NF 47329;Laticínios Vale Serrano;Laticínios;Geral;Custos variáveis;CMV (insumos);Fornecedores (insumos e embalagens);Boleto;-2400,39;2026-02;2026-03
790;03/02/2026;03/03/2026;03/03/2026;Pago;Compra de hortifrúti: NF 24688;Hortifrúti Bom Plantio;Hortifrúti;Geral;Custos variáveis;CMV (insumos);Fornecedores (insumos e embalagens);Boleto;-654,22;2026-02;2026-03
791;03/02/2026;03/03/2026;03/03/2026;Pago;Taxa da maquininha sobre as vendas de 03/02/26;Operadora da maquininha;Taxas da maquininha (3%);Salão;Custos variáveis;Taxas de cartão;Recebimentos do salão;Descontada no repasse do cartão;-118,22;2026-02;2026-03
792;04/02/2026;04/02/2026;04/02/2026;Recebido;Vendas do salão em 04/02/26: dinheiro, PIX e débito;Clientes do salão;Vendas salão (dinheiro, PIX e débito);Salão;Receita bruta;Salão;Recebimentos do salão;Dinheiro, PIX e débito;2340,35;2026-02;2026-02
793;04/02/2026;04/03/2026;04/03/2026;Recebido;Vendas do salão em 04/02/26: cartão de crédito;Operadora da maquininha;Vendas salão (cartão de crédito);Salão;Receita bruta;Salão;Recebimentos do salão;Cartão de crédito;2784,53;2026-02;2026-03
794;04/02/2026;10/03/2026;10/03/2026;Recebido;Pedidos do iFood em 04/02/26;iFood;Vendas iFood;Delivery;Receita bruta;Delivery (iFood);Repasses do iFood;Repasse do iFood;1248,40;2026-02;2026-03
795;04/02/2026;04/03/2026;04/03/2026;Pago;Compra de carnes e aves: NF 25298;Frigorífico Serra Nobre;Carnes e aves;Geral;Custos variáveis;CMV (insumos);Fornecedores (insumos e embalagens);Boleto;-2754,97;2026-02;2026-03
796;04/02/2026;04/03/2026;04/03/2026;Pago;Compra de bebidas: NF 35105;Adega & Cia Bebidas;Bebidas;Geral;Custos variáveis;CMV (insumos);Fornecedores (insumos e embalagens);Boleto;-5760,57;2026-02;2026-03
797;04/02/2026;04/03/2026;04/03/2026;Pago;Compra de embalagens de delivery: NF 11124;Pack Mais Embalagens;Embalagens de delivery;Delivery;Custos variáveis;Embalagens do delivery;Fornecedores (insumos e embalagens);Boleto;-1006,94;2026-02;2026-03
798;04/02/2026;04/03/2026;04/03/2026;Pago;Taxa da maquininha sobre as vendas de 04/02/26;Operadora da maquininha;Taxas da maquininha (3%);Salão;Custos variáveis;Taxas de cartão;Recebimentos do salão;Descontada no repasse do cartão;-153,75;2026-02;2026-03
799;05/02/2026;05/02/2026;05/02/2026;Recebido;Vendas do salão em 05/02/26: dinheiro, PIX e débito;Clientes do salão;Vendas salão (dinheiro, PIX e débito);Salão;Receita bruta;Salão;Recebimentos do salão;Dinheiro, PIX e débito;2063,35;2026-02;2026-02
800;05/02/2026;05/03/2026;05/03/2026;Recebido;Vendas do salão em 05/02/26: cartão de crédito;Operadora da maquininha;Vendas salão (cartão de crédito);Salão;Receita bruta;Salão;Recebimentos do salão;Cartão de crédito;3538,54;2026-02;2026-03
801;05/02/2026;10/03/2026;10/03/2026;Recebido;Pedidos do iFood em 05/02/26;iFood;Vendas iFood;Delivery;Receita bruta;Delivery (iFood);Repasses do iFood;Repasse do iFood;1205,33;2026-02;2026-03
802;05/02/2026;05/03/2026;05/03/2026;Pago;Compra de hortifrúti: NF 24755;Hortifrúti Bom Plantio;Hortifrúti;Geral;Custos variáveis;CMV (insumos);Fornecedores (insumos e embalagens);Boleto;-496,85;2026-02;2026-03
803;05/02/2026;05/03/2026;05/03/2026;Pago;Compra de mercearia: NF 24026;Empório Grão Fino;Mercearia (massas, grãos e secos);Geral;Custos variáveis;CMV (insumos);Fornecedores (insumos e embalagens);Boleto;-6329,31;2026-02;2026-03
804;05/02/2026;05/03/2026;05/03/2026;Pago;Taxa da maquininha sobre as vendas de 05/02/26;Operadora da maquininha;Taxas da maquininha (3%);Salão;Custos variáveis;Taxas de cartão;Recebimentos do salão;Descontada no repasse do cartão;-168,06;2026-02;2026-03
805;05/02/2026;05/02/2026;05/02/2026;Pago;Gestão das redes sociais, fev/26;Agência Manjericão Digital;Agência de redes sociais;Geral;Despesas fixas;Marketing;Marketing;Boleto;-2000,00;2026-02;2026-02
806;05/02/2026;05/02/2026;05/02/2026;Pago;Mensalidade do sistema de PDV e gestão, fev/26;GestPDV Sistemas;Sistema de PDV e gestão;Geral;Despesas fixas;Contabilidade, sistemas e outros;Contabilidade, manutenção e outros;Débito automático;-389,90;2026-02;2026-02
807;05/02/2026;05/02/2026;05/02/2026;Pago;Limpeza e higienização (contrato), fev/26;Limpa Bem Higienização;Limpeza e higienização;Geral;Despesas fixas;Contabilidade, sistemas e outros;Contabilidade, manutenção e outros;Boleto;-780,00;2026-02;2026-02
808;06/02/2026;06/02/2026;06/02/2026;Recebido;Vendas do salão em 06/02/26: dinheiro, PIX e débito;Clientes do salão;Vendas salão (dinheiro, PIX e débito);Salão;Receita bruta;Salão;Recebimentos do salão;Dinheiro, PIX e débito;3114,82;2026-02;2026-02
809;06/02/2026;06/03/2026;06/03/2026;Recebido;Vendas do salão em 06/02/26: cartão de crédito;Operadora da maquininha;Vendas salão (cartão de crédito);Salão;Receita bruta;Salão;Recebimentos do salão;Cartão de crédito;4461,77;2026-02;2026-03
810;06/02/2026;10/03/2026;10/03/2026;Recebido;Pedidos do iFood em 06/02/26;iFood;Vendas iFood;Delivery;Receita bruta;Delivery (iFood);Repasses do iFood;Repasse do iFood;1955,99;2026-02;2026-03
811;06/02/2026;06/03/2026;06/03/2026;Pago;Compra de laticínios: NF 47352;Laticínios Vale Serrano;Laticínios;Geral;Custos variáveis;CMV (insumos);Fornecedores (insumos e embalagens);Boleto;-3185,73;2026-02;2026-03
812;06/02/2026;06/03/2026;06/03/2026;Pago;Taxa da maquininha sobre as vendas de 06/02/26;Operadora da maquininha;Taxas da maquininha (3%);Salão;Custos variáveis;Taxas de cartão;Recebimentos do salão;Descontada no repasse do cartão;-227,30;2026-02;2026-03
813;06/02/2026;06/02/2026;06/02/2026;Pago;Retirada de Júlia, fev/26;Júlia;Retirada dos sócios;Geral;Fora do DRE;Fora do DRE;Retirada dos sócios;PIX;-6000,00;2026-02;2026-02
814;06/02/2026;06/02/2026;06/02/2026;Pago;Retirada de Marco, fev/26;Marco;Retirada dos sócios;Geral;Fora do DRE;Fora do DRE;Retirada dos sócios;PIX;-6000,00;2026-02;2026-02
815;07/02/2026;07/02/2026;07/02/2026;Recebido;Vendas do salão em 07/02/26: dinheiro, PIX e débito;Clientes do salão;Vendas salão (dinheiro, PIX e débito);Salão;Receita bruta;Salão;Recebimentos do salão;Dinheiro, PIX e débito;3763,32;2026-02;2026-02
816;07/02/2026;07/03/2026;09/03/2026;Recebido;Vendas do salão em 07/02/26: cartão de crédito;Operadora da maquininha;Vendas salão (cartão de crédito);Salão;Receita bruta;Salão;Recebimentos do salão;Cartão de crédito;5163,60;2026-02;2026-03
817;07/02/2026;10/03/2026;10/03/2026;Recebido;Pedidos do iFood em 07/02/26;iFood;Vendas iFood;Delivery;Receita bruta;Delivery (iFood);Repasses do iFood;Repasse do iFood;1708,98;2026-02;2026-03
818;07/02/2026;07/03/2026;09/03/2026;Pago;Compra de hortifrúti: NF 24835;Hortifrúti Bom Plantio;Hortifrúti;Geral;Custos variáveis;CMV (insumos);Fornecedores (insumos e embalagens);Boleto;-692,42;2026-02;2026-03
819;07/02/2026;07/03/2026;09/03/2026;Pago;Taxa da maquininha sobre as vendas de 07/02/26;Operadora da maquininha;Taxas da maquininha (3%);Salão;Custos variáveis;Taxas de cartão;Recebimentos do salão;Descontada no repasse do cartão;-267,81;2026-02;2026-03
820;08/02/2026;08/02/2026;08/02/2026;Recebido;Vendas do salão em 08/02/26: dinheiro, PIX e débito;Clientes do salão;Vendas salão (dinheiro, PIX e débito);Salão;Receita bruta;Salão;Recebimentos do salão;Dinheiro, PIX e débito;3191,30;2026-02;2026-02
821;08/02/2026;08/03/2026;09/03/2026;Recebido;Vendas do salão em 08/02/26: cartão de crédito;Operadora da maquininha;Vendas salão (cartão de crédito);Salão;Receita bruta;Salão;Recebimentos do salão;Cartão de crédito;4659,61;2026-02;2026-03
822;08/02/2026;10/03/2026;10/03/2026;Recebido;Pedidos do iFood em 08/02/26;iFood;Vendas iFood;Delivery;Receita bruta;Delivery (iFood);Repasses do iFood;Repasse do iFood;1766,74;2026-02;2026-03
823;08/02/2026;08/03/2026;09/03/2026;Pago;Taxa da maquininha sobre as vendas de 08/02/26;Operadora da maquininha;Taxas da maquininha (3%);Salão;Custos variáveis;Taxas de cartão;Recebimentos do salão;Descontada no repasse do cartão;-235,53;2026-02;2026-03
824;10/02/2026;10/02/2026;10/02/2026;Recebido;Vendas do salão em 10/02/26: dinheiro, PIX e débito;Clientes do salão;Vendas salão (dinheiro, PIX e débito);Salão;Receita bruta;Salão;Recebimentos do salão;Dinheiro, PIX e débito;1722,28;2026-02;2026-02
825;10/02/2026;10/03/2026;10/03/2026;Recebido;Vendas do salão em 10/02/26: cartão de crédito;Operadora da maquininha;Vendas salão (cartão de crédito);Salão;Receita bruta;Salão;Recebimentos do salão;Cartão de crédito;2834,33;2026-02;2026-03
826;10/02/2026;10/03/2026;10/03/2026;Recebido;Pedidos do iFood em 10/02/26;iFood;Vendas iFood;Delivery;Receita bruta;Delivery (iFood);Repasses do iFood;Repasse do iFood;1146,85;2026-02;2026-03
827;10/02/2026;10/03/2026;10/03/2026;Pago;Compra de laticínios: NF 47432;Laticínios Vale Serrano;Laticínios;Geral;Custos variáveis;CMV (insumos);Fornecedores (insumos e embalagens);Boleto;-2861,17;2026-02;2026-03
828;10/02/2026;10/03/2026;10/03/2026;Pago;Compra de hortifrúti: NF 24874;Hortifrúti Bom Plantio;Hortifrúti;Geral;Custos variáveis;CMV (insumos);Fornecedores (insumos e embalagens);Boleto;-468,02;2026-02;2026-03
829;10/02/2026;10/03/2026;10/03/2026;Pago;Taxa da maquininha sobre as vendas de 10/02/26;Operadora da maquininha;Taxas da maquininha (3%);Salão;Custos variáveis;Taxas de cartão;Recebimentos do salão;Descontada no repasse do cartão;-136,70;2026-02;2026-03
830;10/02/2026;10/02/2026;10/02/2026;Pago;Aluguel do imóvel, fev/26;Imobiliária Pedra Alta;Aluguel;Geral;Despesas fixas;Aluguel;Aluguel;Boleto;-14000,00;2026-02;2026-02
831;10/02/2026;10/02/2026;10/02/2026;Pago;Honorários contábeis, fev/26;Escritório Contábil Exato;Contabilidade;Geral;Despesas fixas;Contabilidade, sistemas e outros;Contabilidade, manutenção e outros;Boleto;-1450,00;2026-02;2026-02
832;11/02/2026;11/02/2026;11/02/2026;Recebido;Vendas do salão em 11/02/26: dinheiro, PIX e débito;Clientes do salão;Vendas salão (dinheiro, PIX e débito);Salão;Receita bruta;Salão;Recebimentos do salão;Dinheiro, PIX e débito;1801,71;2026-02;2026-02
833;11/02/2026;11/03/2026;11/03/2026;Recebido;Vendas do salão em 11/02/26: cartão de crédito;Operadora da maquininha;Vendas salão (cartão de crédito);Salão;Receita bruta;Salão;Recebimentos do salão;Cartão de crédito;2787,30;2026-02;2026-03
834;11/02/2026;10/03/2026;10/03/2026;Recebido;Pedidos do iFood em 11/02/26;iFood;Vendas iFood;Delivery;Receita bruta;Delivery (iFood);Repasses do iFood;Repasse do iFood;1305,49;2026-02;2026-03
835;11/02/2026;11/03/2026;11/03/2026;Pago;Compra de carnes e aves: NF 25352;Frigorífico Serra Nobre;Carnes e aves;Geral;Custos variáveis;CMV (insumos);Fornecedores (insumos e embalagens);Boleto;-2893,08;2026-02;2026-03
836;11/02/2026;11/03/2026;11/03/2026;Pago;Taxa da maquininha sobre as vendas de 11/02/26;Operadora da maquininha;Taxas da maquininha (3%);Salão;Custos variáveis;Taxas de cartão;Recebimentos do salão;Descontada no repasse do cartão;-137,67;2026-02;2026-03
837;12/02/2026;12/02/2026;12/02/2026;Recebido;Vendas do salão em 12/02/26: dinheiro, PIX e débito;Clientes do salão;Vendas salão (dinheiro, PIX e débito);Salão;Receita bruta;Salão;Recebimentos do salão;Dinheiro, PIX e débito;2465,89;2026-02;2026-02
838;12/02/2026;12/03/2026;12/03/2026;Recebido;Vendas do salão em 12/02/26: cartão de crédito;Operadora da maquininha;Vendas salão (cartão de crédito);Salão;Receita bruta;Salão;Recebimentos do salão;Cartão de crédito;3289,63;2026-02;2026-03
839;12/02/2026;10/03/2026;10/03/2026;Recebido;Pedidos do iFood em 12/02/26;iFood;Vendas iFood;Delivery;Receita bruta;Delivery (iFood);Repasses do iFood;Repasse do iFood;1367,46;2026-02;2026-03
840;12/02/2026;12/03/2026;12/03/2026;Pago;Compra de hortifrúti: NF 24935;Hortifrúti Bom Plantio;Hortifrúti;Geral;Custos variáveis;CMV (insumos);Fornecedores (insumos e embalagens);Boleto;-648,15;2026-02;2026-03
841;12/02/2026;12/03/2026;12/03/2026;Pago;Taxa da maquininha sobre as vendas de 12/02/26;Operadora da maquininha;Taxas da maquininha (3%);Salão;Custos variáveis;Taxas de cartão;Recebimentos do salão;Descontada no repasse do cartão;-172,67;2026-02;2026-03
842;12/02/2026;12/02/2026;12/02/2026;Pago;Conta de água e esgoto, fev/26;Companhia de saneamento;Água e esgoto;Geral;Despesas fixas;Energia, gás e água;Energia, gás e água;Débito automático;-1234,63;2026-02;2026-02
843;13/02/2026;13/02/2026;13/02/2026;Recebido;Vendas do salão em 13/02/26: dinheiro, PIX e débito;Clientes do salão;Vendas salão (dinheiro, PIX e débito);Salão;Receita bruta;Salão;Recebimentos do salão;Dinheiro, PIX e débito;2543,97;2026-02;2026-02
844;13/02/2026;13/03/2026;13/03/2026;Recebido;Vendas do salão em 13/02/26: cartão de crédito;Operadora da maquininha;Vendas salão (cartão de crédito);Salão;Receita bruta;Salão;Recebimentos do salão;Cartão de crédito;4683,09;2026-02;2026-03
845;13/02/2026;10/03/2026;10/03/2026;Recebido;Pedidos do iFood em 13/02/26;iFood;Vendas iFood;Delivery;Receita bruta;Delivery (iFood);Repasses do iFood;Repasse do iFood;1670,15;2026-02;2026-03
846;13/02/2026;13/03/2026;13/03/2026;Pago;Compra de laticínios: NF 47454;Laticínios Vale Serrano;Laticínios;Geral;Custos variáveis;CMV (insumos);Fornecedores (insumos e embalagens);Boleto;-2179,67;2026-02;2026-03
847;13/02/2026;13/03/2026;13/03/2026;Pago;Taxa da maquininha sobre as vendas de 13/02/26;Operadora da maquininha;Taxas da maquininha (3%);Salão;Custos variáveis;Taxas de cartão;Recebimentos do salão;Descontada no repasse do cartão;-216,81;2026-02;2026-03
848;14/02/2026;14/02/2026;14/02/2026;Recebido;Vendas do salão em 14/02/26: dinheiro, PIX e débito;Clientes do salão;Vendas salão (dinheiro, PIX e débito);Salão;Receita bruta;Salão;Recebimentos do salão;Dinheiro, PIX e débito;3189,33;2026-02;2026-02
849;14/02/2026;14/03/2026;16/03/2026;Recebido;Vendas do salão em 14/02/26: cartão de crédito;Operadora da maquininha;Vendas salão (cartão de crédito);Salão;Receita bruta;Salão;Recebimentos do salão;Cartão de crédito;5427,49;2026-02;2026-03
850;14/02/2026;10/03/2026;10/03/2026;Recebido;Pedidos do iFood em 14/02/26;iFood;Vendas iFood;Delivery;Receita bruta;Delivery (iFood);Repasses do iFood;Repasse do iFood;1888,85;2026-02;2026-03
851;14/02/2026;14/03/2026;16/03/2026;Pago;Compra de hortifrúti: NF 24954;Hortifrúti Bom Plantio;Hortifrúti;Geral;Custos variáveis;CMV (insumos);Fornecedores (insumos e embalagens);Boleto;-599,99;2026-02;2026-03
852;14/02/2026;14/03/2026;16/03/2026;Pago;Taxa da maquininha sobre as vendas de 14/02/26;Operadora da maquininha;Taxas da maquininha (3%);Salão;Custos variáveis;Taxas de cartão;Recebimentos do salão;Descontada no repasse do cartão;-258,50;2026-02;2026-03
853;15/02/2026;15/02/2026;15/02/2026;Recebido;Vendas do salão em 15/02/26: dinheiro, PIX e débito;Clientes do salão;Vendas salão (dinheiro, PIX e débito);Salão;Receita bruta;Salão;Recebimentos do salão;Dinheiro, PIX e débito;2845,31;2026-02;2026-02
854;15/02/2026;15/03/2026;16/03/2026;Recebido;Vendas do salão em 15/02/26: cartão de crédito;Operadora da maquininha;Vendas salão (cartão de crédito);Salão;Receita bruta;Salão;Recebimentos do salão;Cartão de crédito;5031,22;2026-02;2026-03
855;15/02/2026;10/03/2026;10/03/2026;Recebido;Pedidos do iFood em 15/02/26;iFood;Vendas iFood;Delivery;Receita bruta;Delivery (iFood);Repasses do iFood;Repasse do iFood;2095,83;2026-02;2026-03
856;15/02/2026;15/03/2026;16/03/2026;Pago;Taxa da maquininha sobre as vendas de 15/02/26;Operadora da maquininha;Taxas da maquininha (3%);Salão;Custos variáveis;Taxas de cartão;Recebimentos do salão;Descontada no repasse do cartão;-236,30;2026-02;2026-03
857;15/02/2026;15/02/2026;18/02/2026;Pago;Conta de energia elétrica, fev/26;Distribuidora de energia;Energia elétrica;Geral;Despesas fixas;Energia, gás e água;Energia, gás e água;Débito automático;-4133,55;2026-02;2026-02
858;15/02/2026;15/02/2026;18/02/2026;Pago;Internet e telefone, fev/26;NetSerra Telecom;Internet e telefone;Geral;Despesas fixas;Contabilidade, sistemas e outros;Contabilidade, manutenção e outros;Débito automático;-249,90;2026-02;2026-02
859;15/02/2026;15/02/2026;18/02/2026;Pago;Parcela 2/24 do empréstimo: juros;Banco Horizonte;Juros do empréstimo;Geral;Depreciação e juros;Juros do empréstimo;Parcela do empréstimo;Débito em conta;-2357,00;2026-02;2026-02
860;15/02/2026;15/02/2026;18/02/2026;Pago;Parcela 2/24 do empréstimo: amortização;Banco Horizonte;Amortização do empréstimo;Geral;Fora do DRE;Fora do DRE;Parcela do empréstimo;Débito em conta;-5243,00;2026-02;2026-02
861;17/02/2026;17/02/2026;17/02/2026;Recebido;Vendas do salão em 17/02/26: dinheiro, PIX e débito;Clientes do salão;Vendas salão (dinheiro, PIX e débito);Salão;Receita bruta;Salão;Recebimentos do salão;Dinheiro, PIX e débito;1473,51;2026-02;2026-02
862;17/02/2026;17/03/2026;17/03/2026;Recebido;Vendas do salão em 17/02/26: cartão de crédito;Operadora da maquininha;Vendas salão (cartão de crédito);Salão;Receita bruta;Salão;Recebimentos do salão;Cartão de crédito;2381,79;2026-02;2026-03
863;17/02/2026;10/03/2026;10/03/2026;Recebido;Pedidos do iFood em 17/02/26;iFood;Vendas iFood;Delivery;Receita bruta;Delivery (iFood);Repasses do iFood;Repasse do iFood;1333,94;2026-02;2026-03
864;17/02/2026;17/03/2026;17/03/2026;Pago;Taxa da maquininha sobre as vendas de 17/02/26;Operadora da maquininha;Taxas da maquininha (3%);Salão;Custos variáveis;Taxas de cartão;Recebimentos do salão;Descontada no repasse do cartão;-115,66;2026-02;2026-03
865;18/02/2026;18/02/2026;18/02/2026;Recebido;Vendas do salão em 18/02/26: dinheiro, PIX e débito;Clientes do salão;Vendas salão (dinheiro, PIX e débito);Salão;Receita bruta;Salão;Recebimentos do salão;Dinheiro, PIX e débito;1988,95;2026-02;2026-02
866;18/02/2026;18/03/2026;18/03/2026;Recebido;Vendas do salão em 18/02/26: cartão de crédito;Operadora da maquininha;Vendas salão (cartão de crédito);Salão;Receita bruta;Salão;Recebimentos do salão;Cartão de crédito;3021,89;2026-02;2026-03
867;18/02/2026;10/03/2026;10/03/2026;Recebido;Pedidos do iFood em 18/02/26;iFood;Vendas iFood;Delivery;Receita bruta;Delivery (iFood);Repasses do iFood;Repasse do iFood;1259,91;2026-02;2026-03
868;18/02/2026;18/03/2026;18/03/2026;Pago;Compra de carnes e aves: NF 25404;Frigorífico Serra Nobre;Carnes e aves;Geral;Custos variáveis;CMV (insumos);Fornecedores (insumos e embalagens);Boleto;-3296,20;2026-02;2026-03
869;18/02/2026;18/03/2026;18/03/2026;Pago;Compra de bebidas: NF 35161;Adega & Cia Bebidas;Bebidas;Geral;Custos variáveis;CMV (insumos);Fornecedores (insumos e embalagens);Boleto;-5535,70;2026-02;2026-03
870;18/02/2026;18/03/2026;18/03/2026;Pago;Compra de embalagens de delivery: NF 11175;Pack Mais Embalagens;Embalagens de delivery;Delivery;Custos variáveis;Embalagens do delivery;Fornecedores (insumos e embalagens);Boleto;-893,06;2026-02;2026-03
871;18/02/2026;18/03/2026;18/03/2026;Pago;Taxa da maquininha sobre as vendas de 18/02/26;Operadora da maquininha;Taxas da maquininha (3%);Salão;Custos variáveis;Taxas de cartão;Recebimentos do salão;Descontada no repasse do cartão;-150,32;2026-02;2026-03
872;19/02/2026;19/02/2026;19/02/2026;Recebido;Vendas do salão em 19/02/26: dinheiro, PIX e débito;Clientes do salão;Vendas salão (dinheiro, PIX e débito);Salão;Receita bruta;Salão;Recebimentos do salão;Dinheiro, PIX e débito;2662,94;2026-02;2026-02
873;19/02/2026;19/03/2026;19/03/2026;Recebido;Vendas do salão em 19/02/26: cartão de crédito;Operadora da maquininha;Vendas salão (cartão de crédito);Salão;Receita bruta;Salão;Recebimentos do salão;Cartão de crédito;3067,35;2026-02;2026-03
874;19/02/2026;10/03/2026;10/03/2026;Recebido;Pedidos do iFood em 19/02/26;iFood;Vendas iFood;Delivery;Receita bruta;Delivery (iFood);Repasses do iFood;Repasse do iFood;1272,06;2026-02;2026-03
875;19/02/2026;19/03/2026;19/03/2026;Pago;Compra de hortifrúti: NF 25009;Hortifrúti Bom Plantio;Hortifrúti;Geral;Custos variáveis;CMV (insumos);Fornecedores (insumos e embalagens);Boleto;-626,74;2026-02;2026-03
876;19/02/2026;19/03/2026;19/03/2026;Pago;Compra de mercearia: NF 24044;Empório Grão Fino;Mercearia (massas, grãos e secos);Geral;Custos variáveis;CMV (insumos);Fornecedores (insumos e embalagens);Boleto;-5100,24;2026-02;2026-03
877;19/02/2026;19/03/2026;19/03/2026;Pago;Taxa da maquininha sobre as vendas de 19/02/26;Operadora da maquininha;Taxas da maquininha (3%);Salão;Custos variáveis;Taxas de cartão;Recebimentos do salão;Descontada no repasse do cartão;-171,91;2026-02;2026-03
878;19/02/2026;19/02/2026;19/02/2026;Pago;Afiação de facas e reparo de utensílios;Afiação Fio Certo;Manutenção e reparos;Geral;Despesas fixas;Manutenção;Contabilidade, manutenção e outros;PIX;-572,24;2026-02;2026-02
879;20/02/2026;20/02/2026;20/02/2026;Recebido;Vendas do salão em 20/02/26: dinheiro, PIX e débito;Clientes do salão;Vendas salão (dinheiro, PIX e débito);Salão;Receita bruta;Salão;Recebimentos do salão;Dinheiro, PIX e débito;3052,37;2026-02;2026-02
880;20/02/2026;20/03/2026;20/03/2026;Recebido;Vendas do salão em 20/02/26: cartão de crédito;Operadora da maquininha;Vendas salão (cartão de crédito);Salão;Receita bruta;Salão;Recebimentos do salão;Cartão de crédito;4524,95;2026-02;2026-03
881;20/02/2026;10/03/2026;10/03/2026;Recebido;Pedidos do iFood em 20/02/26;iFood;Vendas iFood;Delivery;Receita bruta;Delivery (iFood);Repasses do iFood;Repasse do iFood;1947,12;2026-02;2026-03
882;20/02/2026;20/03/2026;20/03/2026;Pago;Compra de laticínios: NF 47522;Laticínios Vale Serrano;Laticínios;Geral;Custos variáveis;CMV (insumos);Fornecedores (insumos e embalagens);Boleto;-2639,35;2026-02;2026-03
883;20/02/2026;20/03/2026;20/03/2026;Pago;Taxa da maquininha sobre as vendas de 20/02/26;Operadora da maquininha;Taxas da maquininha (3%);Salão;Custos variáveis;Taxas de cartão;Recebimentos do salão;Descontada no repasse do cartão;-227,32;2026-02;2026-03
884;20/02/2026;20/02/2026;20/02/2026;Pago;Gás de cozinha (GLP), fev/26;Gás Chama Azul;Gás;Geral;Despesas fixas;Energia, gás e água;Energia, gás e água;Boleto;-2446,82;2026-02;2026-02
885;20/02/2026;20/02/2026;20/02/2026;Pago;Controle de pragas (contrato), fev/26;Dedetizadora Sem Praga;Controle de pragas;Geral;Despesas fixas;Contabilidade, sistemas e outros;Contabilidade, manutenção e outros;PIX;-150,00;2026-02;2026-02
886;20/02/2026;20/02/2026;20/02/2026;Pago;Desentupimento da caixa de gordura;Hidráulica Serra;Manutenção e reparos;Geral;Despesas fixas;Manutenção;Contabilidade, manutenção e outros;PIX;-778,76;2026-02;2026-02
887;21/02/2026;21/02/2026;21/02/2026;Recebido;Vendas do salão em 21/02/26: dinheiro, PIX e débito;Clientes do salão;Vendas salão (dinheiro, PIX e débito);Salão;Receita bruta;Salão;Recebimentos do salão;Dinheiro, PIX e débito;3668,72;2026-02;2026-02
888;21/02/2026;21/03/2026;23/03/2026;Recebido;Vendas do salão em 21/02/26: cartão de crédito;Operadora da maquininha;Vendas salão (cartão de crédito);Salão;Receita bruta;Salão;Recebimentos do salão;Cartão de crédito;5943,03;2026-02;2026-03
889;21/02/2026;10/03/2026;10/03/2026;Recebido;Pedidos do iFood em 21/02/26;iFood;Vendas iFood;Delivery;Receita bruta;Delivery (iFood);Repasses do iFood;Repasse do iFood;1925,00;2026-02;2026-03
890;21/02/2026;21/03/2026;23/03/2026;Pago;Compra de hortifrúti: NF 25015;Hortifrúti Bom Plantio;Hortifrúti;Geral;Custos variáveis;CMV (insumos);Fornecedores (insumos e embalagens);Boleto;-539,00;2026-02;2026-03
891;21/02/2026;21/03/2026;23/03/2026;Pago;Taxa da maquininha sobre as vendas de 21/02/26;Operadora da maquininha;Taxas da maquininha (3%);Salão;Custos variáveis;Taxas de cartão;Recebimentos do salão;Descontada no repasse do cartão;-288,35;2026-02;2026-03
892;22/02/2026;22/02/2026;22/02/2026;Recebido;Vendas do salão em 22/02/26: dinheiro, PIX e débito;Clientes do salão;Vendas salão (dinheiro, PIX e débito);Salão;Receita bruta;Salão;Recebimentos do salão;Dinheiro, PIX e débito;3325,45;2026-02;2026-02
893;22/02/2026;22/03/2026;23/03/2026;Recebido;Vendas do salão em 22/02/26: cartão de crédito;Operadora da maquininha;Vendas salão (cartão de crédito);Salão;Receita bruta;Salão;Recebimentos do salão;Cartão de crédito;4580,66;2026-02;2026-03
894;22/02/2026;10/03/2026;10/03/2026;Recebido;Pedidos do iFood em 22/02/26;iFood;Vendas iFood;Delivery;Receita bruta;Delivery (iFood);Repasses do iFood;Repasse do iFood;2028,28;2026-02;2026-03
895;22/02/2026;22/03/2026;23/03/2026;Pago;Taxa da maquininha sobre as vendas de 22/02/26;Operadora da maquininha;Taxas da maquininha (3%);Salão;Custos variáveis;Taxas de cartão;Recebimentos do salão;Descontada no repasse do cartão;-237,18;2026-02;2026-03
896;24/02/2026;24/02/2026;24/02/2026;Recebido;Vendas do salão em 24/02/26: dinheiro, PIX e débito;Clientes do salão;Vendas salão (dinheiro, PIX e débito);Salão;Receita bruta;Salão;Recebimentos do salão;Dinheiro, PIX e débito;1743,76;2026-02;2026-02
897;24/02/2026;24/03/2026;24/03/2026;Recebido;Vendas do salão em 24/02/26: cartão de crédito;Operadora da maquininha;Vendas salão (cartão de crédito);Salão;Receita bruta;Salão;Recebimentos do salão;Cartão de crédito;2447,93;2026-02;2026-03
898;24/02/2026;10/03/2026;10/03/2026;Recebido;Pedidos do iFood em 24/02/26;iFood;Vendas iFood;Delivery;Receita bruta;Delivery (iFood);Repasses do iFood;Repasse do iFood;1212,09;2026-02;2026-03
899;24/02/2026;24/03/2026;24/03/2026;Pago;Compra de laticínios: NF 47601;Laticínios Vale Serrano;Laticínios;Geral;Custos variáveis;CMV (insumos);Fornecedores (insumos e embalagens);Boleto;-3177,34;2026-02;2026-03
900;24/02/2026;24/03/2026;24/03/2026;Pago;Compra de hortifrúti: NF 25059;Hortifrúti Bom Plantio;Hortifrúti;Geral;Custos variáveis;CMV (insumos);Fornecedores (insumos e embalagens);Boleto;-609,95;2026-02;2026-03
901;24/02/2026;24/03/2026;24/03/2026;Pago;Taxa da maquininha sobre as vendas de 24/02/26;Operadora da maquininha;Taxas da maquininha (3%);Salão;Custos variáveis;Taxas de cartão;Recebimentos do salão;Descontada no repasse do cartão;-125,75;2026-02;2026-03
902;25/02/2026;25/02/2026;25/02/2026;Recebido;Vendas do salão em 25/02/26: dinheiro, PIX e débito;Clientes do salão;Vendas salão (dinheiro, PIX e débito);Salão;Receita bruta;Salão;Recebimentos do salão;Dinheiro, PIX e débito;1909,90;2026-02;2026-02
903;25/02/2026;25/03/2026;25/03/2026;Recebido;Vendas do salão em 25/02/26: cartão de crédito;Operadora da maquininha;Vendas salão (cartão de crédito);Salão;Receita bruta;Salão;Recebimentos do salão;Cartão de crédito;2567,19;2026-02;2026-03
904;25/02/2026;10/03/2026;10/03/2026;Recebido;Pedidos do iFood em 25/02/26;iFood;Vendas iFood;Delivery;Receita bruta;Delivery (iFood);Repasses do iFood;Repasse do iFood;1214,96;2026-02;2026-03
905;25/02/2026;25/03/2026;25/03/2026;Pago;Compra de carnes e aves: NF 25418;Frigorífico Serra Nobre;Carnes e aves;Geral;Custos variáveis;CMV (insumos);Fornecedores (insumos e embalagens);Boleto;-2846,76;2026-02;2026-03
906;25/02/2026;25/03/2026;25/03/2026;Pago;Taxa da maquininha sobre as vendas de 25/02/26;Operadora da maquininha;Taxas da maquininha (3%);Salão;Custos variáveis;Taxas de cartão;Recebimentos do salão;Descontada no repasse do cartão;-134,31;2026-02;2026-03
907;25/02/2026;25/02/2026;25/02/2026;Pago;Lavanderia de toalhas e uniformes, fev/26;Lavanderia Branco Neve;Lavanderia;Geral;Despesas fixas;Contabilidade, sistemas e outros;Contabilidade, manutenção e outros;PIX;-420,00;2026-02;2026-02
908;26/02/2026;26/02/2026;26/02/2026;Recebido;Vendas do salão em 26/02/26: dinheiro, PIX e débito;Clientes do salão;Vendas salão (dinheiro, PIX e débito);Salão;Receita bruta;Salão;Recebimentos do salão;Dinheiro, PIX e débito;2129,38;2026-02;2026-02
909;26/02/2026;26/03/2026;26/03/2026;Recebido;Vendas do salão em 26/02/26: cartão de crédito;Operadora da maquininha;Vendas salão (cartão de crédito);Salão;Receita bruta;Salão;Recebimentos do salão;Cartão de crédito;3403,72;2026-02;2026-03
910;26/02/2026;10/03/2026;10/03/2026;Recebido;Pedidos do iFood em 26/02/26;iFood;Vendas iFood;Delivery;Receita bruta;Delivery (iFood);Repasses do iFood;Repasse do iFood;1445,96;2026-02;2026-03
911;26/02/2026;26/03/2026;26/03/2026;Pago;Compra de hortifrúti: NF 25116;Hortifrúti Bom Plantio;Hortifrúti;Geral;Custos variáveis;CMV (insumos);Fornecedores (insumos e embalagens);Boleto;-509,20;2026-02;2026-03
912;26/02/2026;26/03/2026;26/03/2026;Pago;Taxa da maquininha sobre as vendas de 26/02/26;Operadora da maquininha;Taxas da maquininha (3%);Salão;Custos variáveis;Taxas de cartão;Recebimentos do salão;Descontada no repasse do cartão;-165,99;2026-02;2026-03
913;27/02/2026;27/02/2026;27/02/2026;Recebido;Vendas do salão em 27/02/26: dinheiro, PIX e débito;Clientes do salão;Vendas salão (dinheiro, PIX e débito);Salão;Receita bruta;Salão;Recebimentos do salão;Dinheiro, PIX e débito;2751,26;2026-02;2026-02
914;27/02/2026;27/03/2026;27/03/2026;Recebido;Vendas do salão em 27/02/26: cartão de crédito;Operadora da maquininha;Vendas salão (cartão de crédito);Salão;Receita bruta;Salão;Recebimentos do salão;Cartão de crédito;4772,07;2026-02;2026-03
915;27/02/2026;10/03/2026;10/03/2026;Recebido;Pedidos do iFood em 27/02/26;iFood;Vendas iFood;Delivery;Receita bruta;Delivery (iFood);Repasses do iFood;Repasse do iFood;1921,38;2026-02;2026-03
916;27/02/2026;27/03/2026;27/03/2026;Pago;Compra de laticínios: NF 47635;Laticínios Vale Serrano;Laticínios;Geral;Custos variáveis;CMV (insumos);Fornecedores (insumos e embalagens);Boleto;-2358,56;2026-02;2026-03
917;27/02/2026;27/03/2026;27/03/2026;Pago;Taxa da maquininha sobre as vendas de 27/02/26;Operadora da maquininha;Taxas da maquininha (3%);Salão;Custos variáveis;Taxas de cartão;Recebimentos do salão;Descontada no repasse do cartão;-225,70;2026-02;2026-03
918;27/02/2026;27/02/2026;27/02/2026;Pago;Pró-labore de Júlia, fev/26;Júlia;Pró-labore;Geral;Despesas fixas;Pró-labore;Pró-labore;PIX;-8000,00;2026-02;2026-02
919;27/02/2026;27/02/2026;27/02/2026;Pago;Pró-labore de Marco, fev/26;Marco;Pró-labore;Geral;Despesas fixas;Pró-labore;Pró-labore;PIX;-8000,00;2026-02;2026-02
920;28/02/2026;28/02/2026;28/02/2026;Recebido;Vendas do salão em 28/02/26: dinheiro, PIX e débito;Clientes do salão;Vendas salão (dinheiro, PIX e débito);Salão;Receita bruta;Salão;Recebimentos do salão;Dinheiro, PIX e débito;3502,41;2026-02;2026-02
921;28/02/2026;28/03/2026;30/03/2026;Recebido;Vendas do salão em 28/02/26: cartão de crédito;Operadora da maquininha;Vendas salão (cartão de crédito);Salão;Receita bruta;Salão;Recebimentos do salão;Cartão de crédito;6264,58;2026-02;2026-03
922;28/02/2026;10/03/2026;10/03/2026;Recebido;Pedidos do iFood em 28/02/26;iFood;Vendas iFood;Delivery;Receita bruta;Delivery (iFood);Repasses do iFood;Repasse do iFood;1899,35;2026-02;2026-03
923;28/02/2026;20/03/2026;20/03/2026;Pago;DAS do Simples Nacional, competência fev/26;Receita Federal;Simples Nacional;Geral;Custos variáveis;Simples Nacional;Simples Nacional;Guia DAS;-15680,00;2026-02;2026-03
924;28/02/2026;28/03/2026;30/03/2026;Pago;Compra de hortifrúti: NF 25176;Hortifrúti Bom Plantio;Hortifrúti;Geral;Custos variáveis;CMV (insumos);Fornecedores (insumos e embalagens);Boleto;-724,42;2026-02;2026-03
925;28/02/2026;10/03/2026;10/03/2026;Pago;Comissão do iFood (23%) sobre os pedidos de fev/26;iFood;Comissão iFood (23%);Delivery;Custos variáveis;Comissão e taxas iFood;Repasses do iFood;Descontada no repasse do iFood;-8740,00;2026-02;2026-03
926;28/02/2026;10/03/2026;10/03/2026;Pago;Pagamento online do iFood (3,2%) sobre os pedidos de fev/26;iFood;Pagamento online iFood (3,2%);Delivery;Custos variáveis;Comissão e taxas iFood;Repasses do iFood;Descontada no repasse do iFood;-1216,00;2026-02;2026-03
927;28/02/2026;28/03/2026;30/03/2026;Pago;Taxa da maquininha sobre as vendas de 28/02/26;Operadora da maquininha;Taxas da maquininha (3%);Salão;Custos variáveis;Taxas de cartão;Recebimentos do salão;Descontada no repasse do cartão;-293,01;2026-02;2026-03
928;28/02/2026;06/03/2026;06/03/2026;Pago;Salários da cozinha, folha de fev/26;Funcionários da cozinha;Salários da cozinha;Geral;Despesas fixas;Folha e encargos;Folha e encargos;Transferência bancária;-12480,00;2026-02;2026-03
929;28/02/2026;06/03/2026;06/03/2026;Pago;Salários do salão e da administração, folha de fev/26;Funcionários do salão e da administração;Salários do salão e administração;Geral;Despesas fixas;Folha e encargos;Folha e encargos;Transferência bancária;-21420,00;2026-02;2026-03
930;28/02/2026;20/03/2026;20/03/2026;Pago;INSS e IRRF retidos dos funcionários, folha de fev/26;Receita Federal;INSS e IRRF retidos;Geral;Despesas fixas;Folha e encargos;Folha e encargos;Guia DCTFWeb;-3330,00;2026-02;2026-03
931;28/02/2026;20/03/2026;20/03/2026;Pago;FGTS, folha de fev/26;FGTS (Caixa);FGTS;Geral;Despesas fixas;Folha e encargos;Folha e encargos;Guia FGTS Digital;-2978,40;2026-02;2026-03
932;28/02/2026;06/03/2026;06/03/2026;Pago;Vale-transporte, folha de fev/26;Operadora de vale-transporte;Vale-transporte;Geral;Despesas fixas;Folha e encargos;Folha e encargos;Boleto;-1791,60;2026-02;2026-03
933;28/02/2026;;;Sem efeito no caixa;Depreciação da reforma do salão (R$ 150 mil em 10 anos), fev/26;;Depreciação da reforma;Geral;Depreciação e juros;Depreciação da reforma;Fora do caixa;;-1250,00;2026-02;
934;01/03/2026;01/03/2026;01/03/2026;Recebido;Vendas do salão em 01/03/26: dinheiro, PIX e débito;Clientes do salão;Vendas salão (dinheiro, PIX e débito);Salão;Receita bruta;Salão;Recebimentos do salão;Dinheiro, PIX e débito;3127,67;2026-03;2026-03
935;01/03/2026;01/04/2026;01/04/2026;Recebido;Vendas do salão em 01/03/26: cartão de crédito;Operadora da maquininha;Vendas salão (cartão de crédito);Salão;Receita bruta;Salão;Recebimentos do salão;Cartão de crédito;5151,63;2026-03;2026-04
936;01/03/2026;10/04/2026;10/04/2026;Recebido;Pedidos do iFood em 01/03/26;iFood;Vendas iFood;Delivery;Receita bruta;Delivery (iFood);Repasses do iFood;Repasse do iFood;1792,18;2026-03;2026-04
937;01/03/2026;01/04/2026;01/04/2026;Pago;Taxa da maquininha sobre as vendas de 01/03/26;Operadora da maquininha;Taxas da maquininha (3%);Salão;Custos variáveis;Taxas de cartão;Recebimentos do salão;Descontada no repasse do cartão;-248,38;2026-03;2026-04
938;01/03/2026;01/03/2026;02/03/2026;Pago;Tarifas bancárias, mar/26;Banco Horizonte;Tarifas bancárias;Geral;Despesas fixas;Contabilidade, sistemas e outros;Contabilidade, manutenção e outros;Débito em conta;-60,20;2026-03;2026-03
939;02/03/2026;02/03/2026;02/03/2026;Pago;Anúncios no Instagram e no Facebook, mar/26;Meta (anúncios);Anúncios em redes sociais;Geral;Despesas fixas;Marketing;Marketing;PIX;-2000,00;2026-03;2026-03
940;03/03/2026;03/03/2026;03/03/2026;Recebido;Vendas do salão em 03/03/26: dinheiro, PIX e débito;Clientes do salão;Vendas salão (dinheiro, PIX e débito);Salão;Receita bruta;Salão;Recebimentos do salão;Dinheiro, PIX e débito;1779,40;2026-03;2026-03
941;03/03/2026;03/04/2026;06/04/2026;Recebido;Vendas do salão em 03/03/26: cartão de crédito;Operadora da maquininha;Vendas salão (cartão de crédito);Salão;Receita bruta;Salão;Recebimentos do salão;Cartão de crédito;2367,74;2026-03;2026-04
942;03/03/2026;10/04/2026;10/04/2026;Recebido;Pedidos do iFood em 03/03/26;iFood;Vendas iFood;Delivery;Receita bruta;Delivery (iFood);Repasses do iFood;Repasse do iFood;1297,13;2026-03;2026-04
943;03/03/2026;03/04/2026;06/04/2026;Pago;Compra de laticínios: NF 47668;Laticínios Vale Serrano;Laticínios;Geral;Custos variáveis;CMV (insumos);Fornecedores (insumos e embalagens);Boleto;-1950,08;2026-03;2026-04
944;03/03/2026;03/04/2026;06/04/2026;Pago;Compra de hortifrúti: NF 25242;Hortifrúti Bom Plantio;Hortifrúti;Geral;Custos variáveis;CMV (insumos);Fornecedores (insumos e embalagens);Boleto;-544,85;2026-03;2026-04
945;03/03/2026;03/04/2026;06/04/2026;Pago;Taxa da maquininha sobre as vendas de 03/03/26;Operadora da maquininha;Taxas da maquininha (3%);Salão;Custos variáveis;Taxas de cartão;Recebimentos do salão;Descontada no repasse do cartão;-124,41;2026-03;2026-04
946;04/03/2026;04/03/2026;04/03/2026;Recebido;Vendas do salão em 04/03/26: dinheiro, PIX e débito;Clientes do salão;Vendas salão (dinheiro, PIX e débito);Salão;Receita bruta;Salão;Recebimentos do salão;Dinheiro, PIX e débito;1634,40;2026-03;2026-03
947;04/03/2026;04/04/2026;06/04/2026;Recebido;Vendas do salão em 04/03/26: cartão de crédito;Operadora da maquininha;Vendas salão (cartão de crédito);Salão;Receita bruta;Salão;Recebimentos do salão;Cartão de crédito;2492,13;2026-03;2026-04
948;04/03/2026;10/04/2026;10/04/2026;Recebido;Pedidos do iFood em 04/03/26;iFood;Vendas iFood;Delivery;Receita bruta;Delivery (iFood);Repasses do iFood;Repasse do iFood;1347,54;2026-03;2026-04
949;04/03/2026;04/04/2026;06/04/2026;Pago;Compra de carnes e aves: NF 25466;Frigorífico Serra Nobre;Carnes e aves;Geral;Custos variáveis;CMV (insumos);Fornecedores (insumos e embalagens);Boleto;-2958,02;2026-03;2026-04
950;04/03/2026;04/04/2026;06/04/2026;Pago;Compra de bebidas: NF 35223;Adega & Cia Bebidas;Bebidas;Geral;Custos variáveis;CMV (insumos);Fornecedores (insumos e embalagens);Boleto;-6259,25;2026-03;2026-04
951;04/03/2026;04/04/2026;06/04/2026;Pago;Compra de embalagens de delivery: NF 11258;Pack Mais Embalagens;Embalagens de delivery;Delivery;Custos variáveis;Embalagens do delivery;Fornecedores (insumos e embalagens);Boleto;-1130,04;2026-03;2026-04
952;04/03/2026;04/04/2026;06/04/2026;Pago;Taxa da maquininha sobre as vendas de 04/03/26;Operadora da maquininha;Taxas da maquininha (3%);Salão;Custos variáveis;Taxas de cartão;Recebimentos do salão;Descontada no repasse do cartão;-123,80;2026-03;2026-04
953;05/03/2026;05/03/2026;05/03/2026;Recebido;Vendas do salão em 05/03/26: dinheiro, PIX e débito;Clientes do salão;Vendas salão (dinheiro, PIX e débito);Salão;Receita bruta;Salão;Recebimentos do salão;Dinheiro, PIX e débito;2502,05;2026-03;2026-03
954;05/03/2026;05/04/2026;06/04/2026;Recebido;Vendas do salão em 05/03/26: cartão de crédito;Operadora da maquininha;Vendas salão (cartão de crédito);Salão;Receita bruta;Salão;Recebimentos do salão;Cartão de crédito;3062,09;2026-03;2026-04
955;05/03/2026;10/04/2026;10/04/2026;Recebido;Pedidos do iFood em 05/03/26;iFood;Vendas iFood;Delivery;Receita bruta;Delivery (iFood);Repasses do iFood;Repasse do iFood;1465,83;2026-03;2026-04
956;05/03/2026;05/04/2026;06/04/2026;Pago;Compra de hortifrúti: NF 25298;Hortifrúti Bom Plantio;Hortifrúti;Geral;Custos variáveis;CMV (insumos);Fornecedores (insumos e embalagens);Boleto;-635,59;2026-03;2026-04
957;05/03/2026;05/04/2026;06/04/2026;Pago;Compra de mercearia: NF 24100;Empório Grão Fino;Mercearia (massas, grãos e secos);Geral;Custos variáveis;CMV (insumos);Fornecedores (insumos e embalagens);Boleto;-6368,71;2026-03;2026-04
958;05/03/2026;05/04/2026;06/04/2026;Pago;Taxa da maquininha sobre as vendas de 05/03/26;Operadora da maquininha;Taxas da maquininha (3%);Salão;Custos variáveis;Taxas de cartão;Recebimentos do salão;Descontada no repasse do cartão;-166,92;2026-03;2026-04
959;05/03/2026;05/03/2026;05/03/2026;Pago;Gestão das redes sociais, mar/26;Agência Manjericão Digital;Agência de redes sociais;Geral;Despesas fixas;Marketing;Marketing;Boleto;-2000,00;2026-03;2026-03
960;05/03/2026;05/03/2026;05/03/2026;Pago;Mensalidade do sistema de PDV e gestão, mar/26;GestPDV Sistemas;Sistema de PDV e gestão;Geral;Despesas fixas;Contabilidade, sistemas e outros;Contabilidade, manutenção e outros;Débito automático;-389,90;2026-03;2026-03
961;05/03/2026;05/03/2026;05/03/2026;Pago;Limpeza e higienização (contrato), mar/26;Limpa Bem Higienização;Limpeza e higienização;Geral;Despesas fixas;Contabilidade, sistemas e outros;Contabilidade, manutenção e outros;Boleto;-780,00;2026-03;2026-03
962;06/03/2026;06/03/2026;06/03/2026;Recebido;Vendas do salão em 06/03/26: dinheiro, PIX e débito;Clientes do salão;Vendas salão (dinheiro, PIX e débito);Salão;Receita bruta;Salão;Recebimentos do salão;Dinheiro, PIX e débito;2926,10;2026-03;2026-03
963;06/03/2026;06/04/2026;06/04/2026;Recebido;Vendas do salão em 06/03/26: cartão de crédito;Operadora da maquininha;Vendas salão (cartão de crédito);Salão;Receita bruta;Salão;Recebimentos do salão;Cartão de crédito;5053,37;2026-03;2026-04
964;06/03/2026;10/04/2026;10/04/2026;Recebido;Pedidos do iFood em 06/03/26;iFood;Vendas iFood;Delivery;Receita bruta;Delivery (iFood);Repasses do iFood;Repasse do iFood;1759,03;2026-03;2026-04
965;06/03/2026;06/04/2026;06/04/2026;Pago;Compra de laticínios: NF 47708;Laticínios Vale Serrano;Laticínios;Geral;Custos variáveis;CMV (insumos);Fornecedores (insumos e embalagens);Boleto;-2291,67;2026-03;2026-04
966;06/03/2026;06/04/2026;06/04/2026;Pago;Taxa da maquininha sobre as vendas de 06/03/26;Operadora da maquininha;Taxas da maquininha (3%);Salão;Custos variáveis;Taxas de cartão;Recebimentos do salão;Descontada no repasse do cartão;-239,38;2026-03;2026-04
967;06/03/2026;06/03/2026;06/03/2026;Pago;Retirada de Júlia, mar/26;Júlia;Retirada dos sócios;Geral;Fora do DRE;Fora do DRE;Retirada dos sócios;PIX;-6000,00;2026-03;2026-03
968;06/03/2026;06/03/2026;06/03/2026;Pago;Retirada de Marco, mar/26;Marco;Retirada dos sócios;Geral;Fora do DRE;Fora do DRE;Retirada dos sócios;PIX;-6000,00;2026-03;2026-03
969;07/03/2026;07/03/2026;07/03/2026;Recebido;Vendas do salão em 07/03/26: dinheiro, PIX e débito;Clientes do salão;Vendas salão (dinheiro, PIX e débito);Salão;Receita bruta;Salão;Recebimentos do salão;Dinheiro, PIX e débito;3360,46;2026-03;2026-03
970;07/03/2026;07/04/2026;07/04/2026;Recebido;Vendas do salão em 07/03/26: cartão de crédito;Operadora da maquininha;Vendas salão (cartão de crédito);Salão;Receita bruta;Salão;Recebimentos do salão;Cartão de crédito;5715,05;2026-03;2026-04
971;07/03/2026;10/04/2026;10/04/2026;Recebido;Pedidos do iFood em 07/03/26;iFood;Vendas iFood;Delivery;Receita bruta;Delivery (iFood);Repasses do iFood;Repasse do iFood;1884,03;2026-03;2026-04
972;07/03/2026;07/04/2026;07/04/2026;Pago;Compra de hortifrúti: NF 25311;Hortifrúti Bom Plantio;Hortifrúti;Geral;Custos variáveis;CMV (insumos);Fornecedores (insumos e embalagens);Boleto;-485,39;2026-03;2026-04
973;07/03/2026;07/04/2026;07/04/2026;Pago;Taxa da maquininha sobre as vendas de 07/03/26;Operadora da maquininha;Taxas da maquininha (3%);Salão;Custos variáveis;Taxas de cartão;Recebimentos do salão;Descontada no repasse do cartão;-272,27;2026-03;2026-04
974;08/03/2026;08/03/2026;08/03/2026;Recebido;Vendas do salão em 08/03/26: dinheiro, PIX e débito;Clientes do salão;Vendas salão (dinheiro, PIX e débito);Salão;Receita bruta;Salão;Recebimentos do salão;Dinheiro, PIX e débito;3195,65;2026-03;2026-03
975;08/03/2026;08/04/2026;08/04/2026;Recebido;Vendas do salão em 08/03/26: cartão de crédito;Operadora da maquininha;Vendas salão (cartão de crédito);Salão;Receita bruta;Salão;Recebimentos do salão;Cartão de crédito;5698,91;2026-03;2026-04
976;08/03/2026;10/04/2026;10/04/2026;Recebido;Pedidos do iFood em 08/03/26;iFood;Vendas iFood;Delivery;Receita bruta;Delivery (iFood);Repasses do iFood;Repasse do iFood;1957,83;2026-03;2026-04
977;08/03/2026;08/04/2026;08/04/2026;Pago;Taxa da maquininha sobre as vendas de 08/03/26;Operadora da maquininha;Taxas da maquininha (3%);Salão;Custos variáveis;Taxas de cartão;Recebimentos do salão;Descontada no repasse do cartão;-266,84;2026-03;2026-04
978;10/03/2026;10/03/2026;10/03/2026;Recebido;Vendas do salão em 10/03/26: dinheiro, PIX e débito;Clientes do salão;Vendas salão (dinheiro, PIX e débito);Salão;Receita bruta;Salão;Recebimentos do salão;Dinheiro, PIX e débito;1730,84;2026-03;2026-03
979;10/03/2026;10/04/2026;10/04/2026;Recebido;Vendas do salão em 10/03/26: cartão de crédito;Operadora da maquininha;Vendas salão (cartão de crédito);Salão;Receita bruta;Salão;Recebimentos do salão;Cartão de crédito;2136,51;2026-03;2026-04
980;10/03/2026;10/04/2026;10/04/2026;Recebido;Pedidos do iFood em 10/03/26;iFood;Vendas iFood;Delivery;Receita bruta;Delivery (iFood);Repasses do iFood;Repasse do iFood;1535,03;2026-03;2026-04
981;10/03/2026;10/04/2026;10/04/2026;Pago;Compra de laticínios: NF 47723;Laticínios Vale Serrano;Laticínios;Geral;Custos variáveis;CMV (insumos);Fornecedores (insumos e embalagens);Boleto;-2051,03;2026-03;2026-04
982;10/03/2026;10/04/2026;10/04/2026;Pago;Compra de hortifrúti: NF 25327;Hortifrúti Bom Plantio;Hortifrúti;Geral;Custos variáveis;CMV (insumos);Fornecedores (insumos e embalagens);Boleto;-417,25;2026-03;2026-04
983;10/03/2026;10/04/2026;10/04/2026;Pago;Taxa da maquininha sobre as vendas de 10/03/26;Operadora da maquininha;Taxas da maquininha (3%);Salão;Custos variáveis;Taxas de cartão;Recebimentos do salão;Descontada no repasse do cartão;-116,02;2026-03;2026-04
984;10/03/2026;10/03/2026;10/03/2026;Pago;Aluguel do imóvel, mar/26;Imobiliária Pedra Alta;Aluguel;Geral;Despesas fixas;Aluguel;Aluguel;Boleto;-14000,00;2026-03;2026-03
985;10/03/2026;10/03/2026;10/03/2026;Pago;Honorários contábeis, mar/26;Escritório Contábil Exato;Contabilidade;Geral;Despesas fixas;Contabilidade, sistemas e outros;Contabilidade, manutenção e outros;Boleto;-1450,00;2026-03;2026-03
986;10/03/2026;10/03/2026;10/03/2026;Pago;Reparo hidráulico na cozinha;Hidráulica Serra;Manutenção e reparos;Geral;Despesas fixas;Manutenção;Contabilidade, manutenção e outros;PIX;-895,98;2026-03;2026-03
987;11/03/2026;11/03/2026;11/03/2026;Recebido;Vendas do salão em 11/03/26: dinheiro, PIX e débito;Clientes do salão;Vendas salão (dinheiro, PIX e débito);Salão;Receita bruta;Salão;Recebimentos do salão;Dinheiro, PIX e débito;2115,35;2026-03;2026-03
988;11/03/2026;11/04/2026;13/04/2026;Recebido;Vendas do salão em 11/03/26: cartão de crédito;Operadora da maquininha;Vendas salão (cartão de crédito);Salão;Receita bruta;Salão;Recebimentos do salão;Cartão de crédito;2837,59;2026-03;2026-04
989;11/03/2026;10/04/2026;10/04/2026;Recebido;Pedidos do iFood em 11/03/26;iFood;Vendas iFood;Delivery;Receita bruta;Delivery (iFood);Repasses do iFood;Repasse do iFood;1564,89;2026-03;2026-04
990;11/03/2026;11/04/2026;13/04/2026;Pago;Compra de carnes e aves: NF 25514;Frigorífico Serra Nobre;Carnes e aves;Geral;Custos variáveis;CMV (insumos);Fornecedores (insumos e embalagens);Boleto;-2974,12;2026-03;2026-04
991;11/03/2026;11/04/2026;13/04/2026;Pago;Taxa da maquininha sobre as vendas de 11/03/26;Operadora da maquininha;Taxas da maquininha (3%);Salão;Custos variáveis;Taxas de cartão;Recebimentos do salão;Descontada no repasse do cartão;-148,59;2026-03;2026-04
992;12/03/2026;12/03/2026;12/03/2026;Recebido;Vendas do salão em 12/03/26: dinheiro, PIX e débito;Clientes do salão;Vendas salão (dinheiro, PIX e débito);Salão;Receita bruta;Salão;Recebimentos do salão;Dinheiro, PIX e débito;1901,23;2026-03;2026-03
993;12/03/2026;12/04/2026;13/04/2026;Recebido;Vendas do salão em 12/03/26: cartão de crédito;Operadora da maquininha;Vendas salão (cartão de crédito);Salão;Receita bruta;Salão;Recebimentos do salão;Cartão de crédito;3445,42;2026-03;2026-04
994;12/03/2026;10/04/2026;10/04/2026;Recebido;Pedidos do iFood em 12/03/26;iFood;Vendas iFood;Delivery;Receita bruta;Delivery (iFood);Repasses do iFood;Repasse do iFood;1408,92;2026-03;2026-04
995;12/03/2026;12/04/2026;13/04/2026;Pago;Compra de hortifrúti: NF 25390;Hortifrúti Bom Plantio;Hortifrúti;Geral;Custos variáveis;CMV (insumos);Fornecedores (insumos e embalagens);Boleto;-465,41;2026-03;2026-04
996;12/03/2026;12/04/2026;13/04/2026;Pago;Taxa da maquininha sobre as vendas de 12/03/26;Operadora da maquininha;Taxas da maquininha (3%);Salão;Custos variáveis;Taxas de cartão;Recebimentos do salão;Descontada no repasse do cartão;-160,40;2026-03;2026-04
997;12/03/2026;12/03/2026;12/03/2026;Pago;Conta de água e esgoto, mar/26;Companhia de saneamento;Água e esgoto;Geral;Despesas fixas;Energia, gás e água;Energia, gás e água;Débito automático;-1270,34;2026-03;2026-03
998;13/03/2026;13/03/2026;13/03/2026;Recebido;Vendas do salão em 13/03/26: dinheiro, PIX e débito;Clientes do salão;Vendas salão (dinheiro, PIX e débito);Salão;Receita bruta;Salão;Recebimentos do salão;Dinheiro, PIX e débito;2615,42;2026-03;2026-03
999;13/03/2026;13/04/2026;13/04/2026;Recebido;Vendas do salão em 13/03/26: cartão de crédito;Operadora da maquininha;Vendas salão (cartão de crédito);Salão;Receita bruta;Salão;Recebimentos do salão;Cartão de crédito;4390,15;2026-03;2026-04
1000;13/03/2026;10/04/2026;10/04/2026;Recebido;Pedidos do iFood em 13/03/26;iFood;Vendas iFood;Delivery;Receita bruta;Delivery (iFood);Repasses do iFood;Repasse do iFood;2223,19;2026-03;2026-04
1001;13/03/2026;13/04/2026;13/04/2026;Pago;Compra de laticínios: NF 47734;Laticínios Vale Serrano;Laticínios;Geral;Custos variáveis;CMV (insumos);Fornecedores (insumos e embalagens);Boleto;-2646,58;2026-03;2026-04
1002;13/03/2026;13/04/2026;13/04/2026;Pago;Taxa da maquininha sobre as vendas de 13/03/26;Operadora da maquininha;Taxas da maquininha (3%);Salão;Custos variáveis;Taxas de cartão;Recebimentos do salão;Descontada no repasse do cartão;-210,17;2026-03;2026-04
1003;14/03/2026;14/03/2026;14/03/2026;Recebido;Vendas do salão em 14/03/26: dinheiro, PIX e débito;Clientes do salão;Vendas salão (dinheiro, PIX e débito);Salão;Receita bruta;Salão;Recebimentos do salão;Dinheiro, PIX e débito;3618,16;2026-03;2026-03
1004;14/03/2026;14/04/2026;14/04/2026;Recebido;Vendas do salão em 14/03/26: cartão de crédito;Operadora da maquininha;Vendas salão (cartão de crédito);Salão;Receita bruta;Salão;Recebimentos do salão;Cartão de crédito;4810,11;2026-03;2026-04
1005;14/03/2026;10/04/2026;10/04/2026;Recebido;Pedidos do iFood em 14/03/26;iFood;Vendas iFood;Delivery;Receita bruta;Delivery (iFood);Repasses do iFood;Repasse do iFood;2246,01;2026-03;2026-04
1006;14/03/2026;14/04/2026;14/04/2026;Pago;Compra de hortifrúti: NF 25418;Hortifrúti Bom Plantio;Hortifrúti;Geral;Custos variáveis;CMV (insumos);Fornecedores (insumos e embalagens);Boleto;-530,04;2026-03;2026-04
1007;14/03/2026;14/04/2026;14/04/2026;Pago;Taxa da maquininha sobre as vendas de 14/03/26;Operadora da maquininha;Taxas da maquininha (3%);Salão;Custos variáveis;Taxas de cartão;Recebimentos do salão;Descontada no repasse do cartão;-252,85;2026-03;2026-04
1008;15/03/2026;15/03/2026;15/03/2026;Recebido;Vendas do salão em 15/03/26: dinheiro, PIX e débito;Clientes do salão;Vendas salão (dinheiro, PIX e débito);Salão;Receita bruta;Salão;Recebimentos do salão;Dinheiro, PIX e débito;3910,83;2026-03;2026-03
1009;15/03/2026;15/04/2026;15/04/2026;Recebido;Vendas do salão em 15/03/26: cartão de crédito;Operadora da maquininha;Vendas salão (cartão de crédito);Salão;Receita bruta;Salão;Recebimentos do salão;Cartão de crédito;5419,91;2026-03;2026-04
1010;15/03/2026;10/04/2026;10/04/2026;Recebido;Pedidos do iFood em 15/03/26;iFood;Vendas iFood;Delivery;Receita bruta;Delivery (iFood);Repasses do iFood;Repasse do iFood;2263,51;2026-03;2026-04
1011;15/03/2026;15/04/2026;15/04/2026;Pago;Taxa da maquininha sobre as vendas de 15/03/26;Operadora da maquininha;Taxas da maquininha (3%);Salão;Custos variáveis;Taxas de cartão;Recebimentos do salão;Descontada no repasse do cartão;-279,92;2026-03;2026-04
1012;15/03/2026;15/03/2026;16/03/2026;Pago;Conta de energia elétrica, mar/26;Distribuidora de energia;Energia elétrica;Geral;Despesas fixas;Energia, gás e água;Energia, gás e água;Débito automático;-4292,62;2026-03;2026-03
1013;15/03/2026;15/03/2026;16/03/2026;Pago;Internet e telefone, mar/26;NetSerra Telecom;Internet e telefone;Geral;Despesas fixas;Contabilidade, sistemas e outros;Contabilidade, manutenção e outros;Débito automático;-249,90;2026-03;2026-03
1014;15/03/2026;15/03/2026;16/03/2026;Pago;Parcela 3/24 do empréstimo: juros;Banco Horizonte;Juros do empréstimo;Geral;Depreciação e juros;Juros do empréstimo;Parcela do empréstimo;Débito em conta;-2272,00;2026-03;2026-03
1015;15/03/2026;15/03/2026;16/03/2026;Pago;Parcela 3/24 do empréstimo: amortização;Banco Horizonte;Amortização do empréstimo;Geral;Fora do DRE;Fora do DRE;Parcela do empréstimo;Débito em conta;-5328,00;2026-03;2026-03
1016;17/03/2026;17/03/2026;17/03/2026;Recebido;Vendas do salão em 17/03/26: dinheiro, PIX e débito;Clientes do salão;Vendas salão (dinheiro, PIX e débito);Salão;Receita bruta;Salão;Recebimentos do salão;Dinheiro, PIX e débito;1647,51;2026-03;2026-03
1017;17/03/2026;17/04/2026;17/04/2026;Recebido;Vendas do salão em 17/03/26: cartão de crédito;Operadora da maquininha;Vendas salão (cartão de crédito);Salão;Receita bruta;Salão;Recebimentos do salão;Cartão de crédito;2469,73;2026-03;2026-04
1018;17/03/2026;10/04/2026;10/04/2026;Recebido;Pedidos do iFood em 17/03/26;iFood;Vendas iFood;Delivery;Receita bruta;Delivery (iFood);Repasses do iFood;Repasse do iFood;1567,24;2026-03;2026-04
1019;17/03/2026;17/04/2026;17/04/2026;Pago;Compra de laticínios: NF 47789;Laticínios Vale Serrano;Laticínios;Geral;Custos variáveis;CMV (insumos);Fornecedores (insumos e embalagens);Boleto;-2458,11;2026-03;2026-04
1020;17/03/2026;17/04/2026;17/04/2026;Pago;Compra de hortifrúti: NF 25502;Hortifrúti Bom Plantio;Hortifrúti;Geral;Custos variáveis;CMV (insumos);Fornecedores (insumos e embalagens);Boleto;-544,62;2026-03;2026-04
1021;17/03/2026;17/04/2026;17/04/2026;Pago;Taxa da maquininha sobre as vendas de 17/03/26;Operadora da maquininha;Taxas da maquininha (3%);Salão;Custos variáveis;Taxas de cartão;Recebimentos do salão;Descontada no repasse do cartão;-123,52;2026-03;2026-04
1022;18/03/2026;18/03/2026;18/03/2026;Recebido;Vendas do salão em 18/03/26: dinheiro, PIX e débito;Clientes do salão;Vendas salão (dinheiro, PIX e débito);Salão;Receita bruta;Salão;Recebimentos do salão;Dinheiro, PIX e débito;1727,40;2026-03;2026-03
1023;18/03/2026;18/04/2026;20/04/2026;Recebido;Vendas do salão em 18/03/26: cartão de crédito;Operadora da maquininha;Vendas salão (cartão de crédito);Salão;Receita bruta;Salão;Recebimentos do salão;Cartão de crédito;2658,11;2026-03;2026-04
1024;18/03/2026;10/04/2026;10/04/2026;Recebido;Pedidos do iFood em 18/03/26;iFood;Vendas iFood;Delivery;Receita bruta;Delivery (iFood);Repasses do iFood;Repasse do iFood;1264,79;2026-03;2026-04
1025;18/03/2026;18/04/2026;20/04/2026;Pago;Compra de carnes e aves: NF 25524;Frigorífico Serra Nobre;Carnes e aves;Geral;Custos variáveis;CMV (insumos);Fornecedores (insumos e embalagens);Boleto;-3349,62;2026-03;2026-04
1026;18/03/2026;18/04/2026;20/04/2026;Pago;Compra de bebidas: NF 35285;Adega & Cia Bebidas;Bebidas;Geral;Custos variáveis;CMV (insumos);Fornecedores (insumos e embalagens);Boleto;-5738,68;2026-03;2026-04
1027;18/03/2026;18/04/2026;20/04/2026;Pago;Compra de embalagens de delivery: NF 11327;Pack Mais Embalagens;Embalagens de delivery;Delivery;Custos variáveis;Embalagens do delivery;Fornecedores (insumos e embalagens);Boleto;-1119,96;2026-03;2026-04
1028;18/03/2026;18/04/2026;20/04/2026;Pago;Taxa da maquininha sobre as vendas de 18/03/26;Operadora da maquininha;Taxas da maquininha (3%);Salão;Custos variáveis;Taxas de cartão;Recebimentos do salão;Descontada no repasse do cartão;-131,57;2026-03;2026-04
1029;19/03/2026;19/03/2026;19/03/2026;Recebido;Vendas do salão em 19/03/26: dinheiro, PIX e débito;Clientes do salão;Vendas salão (dinheiro, PIX e débito);Salão;Receita bruta;Salão;Recebimentos do salão;Dinheiro, PIX e débito;1759,72;2026-03;2026-03
1030;19/03/2026;19/04/2026;20/04/2026;Recebido;Vendas do salão em 19/03/26: cartão de crédito;Operadora da maquininha;Vendas salão (cartão de crédito);Salão;Receita bruta;Salão;Recebimentos do salão;Cartão de crédito;2837,77;2026-03;2026-04
1031;19/03/2026;10/04/2026;10/04/2026;Recebido;Pedidos do iFood em 19/03/26;iFood;Vendas iFood;Delivery;Receita bruta;Delivery (iFood);Repasses do iFood;Repasse do iFood;1560,07;2026-03;2026-04
1032;19/03/2026;19/04/2026;20/04/2026;Pago;Compra de hortifrúti: NF 25516;Hortifrúti Bom Plantio;Hortifrúti;Geral;Custos variáveis;CMV (insumos);Fornecedores (insumos e embalagens);Boleto;-420,57;2026-03;2026-04
1033;19/03/2026;19/04/2026;20/04/2026;Pago;Compra de mercearia: NF 24160;Empório Grão Fino;Mercearia (massas, grãos e secos);Geral;Custos variáveis;CMV (insumos);Fornecedores (insumos e embalagens);Boleto;-6148,22;2026-03;2026-04
1034;19/03/2026;19/04/2026;20/04/2026;Pago;Taxa da maquininha sobre as vendas de 19/03/26;Operadora da maquininha;Taxas da maquininha (3%);Salão;Custos variáveis;Taxas de cartão;Recebimentos do salão;Descontada no repasse do cartão;-137,93;2026-03;2026-04
1035;20/03/2026;20/03/2026;20/03/2026;Recebido;Vendas do salão em 20/03/26: dinheiro, PIX e débito;Clientes do salão;Vendas salão (dinheiro, PIX e débito);Salão;Receita bruta;Salão;Recebimentos do salão;Dinheiro, PIX e débito;2837,01;2026-03;2026-03
1036;20/03/2026;20/04/2026;20/04/2026;Recebido;Vendas do salão em 20/03/26: cartão de crédito;Operadora da maquininha;Vendas salão (cartão de crédito);Salão;Receita bruta;Salão;Recebimentos do salão;Cartão de crédito;3778,12;2026-03;2026-04
1037;20/03/2026;10/04/2026;10/04/2026;Recebido;Pedidos do iFood em 20/03/26;iFood;Vendas iFood;Delivery;Receita bruta;Delivery (iFood);Repasses do iFood;Repasse do iFood;2253,57;2026-03;2026-04
1038;20/03/2026;20/04/2026;20/04/2026;Pago;Compra de laticínios: NF 47840;Laticínios Vale Serrano;Laticínios;Geral;Custos variáveis;CMV (insumos);Fornecedores (insumos e embalagens);Boleto;-2472,53;2026-03;2026-04
1039;20/03/2026;20/04/2026;20/04/2026;Pago;Taxa da maquininha sobre as vendas de 20/03/26;Operadora da maquininha;Taxas da maquininha (3%);Salão;Custos variáveis;Taxas de cartão;Recebimentos do salão;Descontada no repasse do cartão;-198,45;2026-03;2026-04
1040;20/03/2026;20/03/2026;20/03/2026;Pago;Gás de cozinha (GLP), mar/26;Gás Chama Azul;Gás;Geral;Despesas fixas;Energia, gás e água;Energia, gás e água;Boleto;-2632,04;2026-03;2026-03
1041;20/03/2026;20/03/2026;20/03/2026;Pago;Controle de pragas (contrato), mar/26;Dedetizadora Sem Praga;Controle de pragas;Geral;Despesas fixas;Contabilidade, sistemas e outros;Contabilidade, manutenção e outros;PIX;-150,00;2026-03;2026-03
1042;21/03/2026;21/03/2026;21/03/2026;Recebido;Vendas do salão em 21/03/26: dinheiro, PIX e débito;Clientes do salão;Vendas salão (dinheiro, PIX e débito);Salão;Receita bruta;Salão;Recebimentos do salão;Dinheiro, PIX e débito;3791,03;2026-03;2026-03
1043;21/03/2026;21/04/2026;22/04/2026;Recebido;Vendas do salão em 21/03/26: cartão de crédito;Operadora da maquininha;Vendas salão (cartão de crédito);Salão;Receita bruta;Salão;Recebimentos do salão;Cartão de crédito;4635,56;2026-03;2026-04
1044;21/03/2026;10/04/2026;10/04/2026;Recebido;Pedidos do iFood em 21/03/26;iFood;Vendas iFood;Delivery;Receita bruta;Delivery (iFood);Repasses do iFood;Repasse do iFood;1957,74;2026-03;2026-04
1045;21/03/2026;21/04/2026;22/04/2026;Pago;Compra de hortifrúti: NF 25548;Hortifrúti Bom Plantio;Hortifrúti;Geral;Custos variáveis;CMV (insumos);Fornecedores (insumos e embalagens);Boleto;-678,73;2026-03;2026-04
1046;21/03/2026;21/04/2026;22/04/2026;Pago;Taxa da maquininha sobre as vendas de 21/03/26;Operadora da maquininha;Taxas da maquininha (3%);Salão;Custos variáveis;Taxas de cartão;Recebimentos do salão;Descontada no repasse do cartão;-252,80;2026-03;2026-04
1047;22/03/2026;22/03/2026;22/03/2026;Recebido;Vendas do salão em 22/03/26: dinheiro, PIX e débito;Clientes do salão;Vendas salão (dinheiro, PIX e débito);Salão;Receita bruta;Salão;Recebimentos do salão;Dinheiro, PIX e débito;3057,99;2026-03;2026-03
1048;22/03/2026;22/04/2026;22/04/2026;Recebido;Vendas do salão em 22/03/26: cartão de crédito;Operadora da maquininha;Vendas salão (cartão de crédito);Salão;Receita bruta;Salão;Recebimentos do salão;Cartão de crédito;5560,74;2026-03;2026-04
1049;22/03/2026;10/04/2026;10/04/2026;Recebido;Pedidos do iFood em 22/03/26;iFood;Vendas iFood;Delivery;Receita bruta;Delivery (iFood);Repasses do iFood;Repasse do iFood;2063,24;2026-03;2026-04
1050;22/03/2026;22/04/2026;22/04/2026;Pago;Taxa da maquininha sobre as vendas de 22/03/26;Operadora da maquininha;Taxas da maquininha (3%);Salão;Custos variáveis;Taxas de cartão;Recebimentos do salão;Descontada no repasse do cartão;-258,56;2026-03;2026-04
1051;24/03/2026;24/03/2026;24/03/2026;Recebido;Vendas do salão em 24/03/26: dinheiro, PIX e débito;Clientes do salão;Vendas salão (dinheiro, PIX e débito);Salão;Receita bruta;Salão;Recebimentos do salão;Dinheiro, PIX e débito;1561,61;2026-03;2026-03
1052;24/03/2026;24/04/2026;24/04/2026;Recebido;Vendas do salão em 24/03/26: cartão de crédito;Operadora da maquininha;Vendas salão (cartão de crédito);Salão;Receita bruta;Salão;Recebimentos do salão;Cartão de crédito;2298,52;2026-03;2026-04
1053;24/03/2026;10/04/2026;10/04/2026;Recebido;Pedidos do iFood em 24/03/26;iFood;Vendas iFood;Delivery;Receita bruta;Delivery (iFood);Repasses do iFood;Repasse do iFood;1510,78;2026-03;2026-04
1054;24/03/2026;24/04/2026;24/04/2026;Pago;Compra de laticínios: NF 47884;Laticínios Vale Serrano;Laticínios;Geral;Custos variáveis;CMV (insumos);Fornecedores (insumos e embalagens);Boleto;-1769,20;2026-03;2026-04
1055;24/03/2026;24/04/2026;24/04/2026;Pago;Compra de hortifrúti: NF 25614;Hortifrúti Bom Plantio;Hortifrúti;Geral;Custos variáveis;CMV (insumos);Fornecedores (insumos e embalagens);Boleto;-598,79;2026-03;2026-04
1056;24/03/2026;24/04/2026;24/04/2026;Pago;Taxa da maquininha sobre as vendas de 24/03/26;Operadora da maquininha;Taxas da maquininha (3%);Salão;Custos variáveis;Taxas de cartão;Recebimentos do salão;Descontada no repasse do cartão;-115,80;2026-03;2026-04
1057;24/03/2026;24/03/2026;24/03/2026;Pago;Conserto de mesas e cadeiras;Marcenaria Pinho Nobre;Manutenção e reparos;Geral;Despesas fixas;Manutenção;Contabilidade, manutenção e outros;PIX;-904,02;2026-03;2026-03
1058;25/03/2026;25/03/2026;25/03/2026;Recebido;Vendas do salão em 25/03/26: dinheiro, PIX e débito;Clientes do salão;Vendas salão (dinheiro, PIX e débito);Salão;Receita bruta;Salão;Recebimentos do salão;Dinheiro, PIX e débito;1628,60;2026-03;2026-03
1059;25/03/2026;25/04/2026;27/04/2026;Recebido;Vendas do salão em 25/03/26: cartão de crédito;Operadora da maquininha;Vendas salão (cartão de crédito);Salão;Receita bruta;Salão;Recebimentos do salão;Cartão de crédito;2622,19;2026-03;2026-04
1060;25/03/2026;10/04/2026;10/04/2026;Recebido;Pedidos do iFood em 25/03/26;iFood;Vendas iFood;Delivery;Receita bruta;Delivery (iFood);Repasses do iFood;Repasse do iFood;1561,00;2026-03;2026-04
1061;25/03/2026;25/04/2026;27/04/2026;Pago;Compra de carnes e aves: NF 25587;Frigorífico Serra Nobre;Carnes e aves;Geral;Custos variáveis;CMV (insumos);Fornecedores (insumos e embalagens);Boleto;-3464,14;2026-03;2026-04
1062;25/03/2026;25/04/2026;27/04/2026;Pago;Taxa da maquininha sobre as vendas de 25/03/26;Operadora da maquininha;Taxas da maquininha (3%);Salão;Custos variáveis;Taxas de cartão;Recebimentos do salão;Descontada no repasse do cartão;-127,52;2026-03;2026-04
1063;25/03/2026;25/03/2026;25/03/2026;Pago;Lavanderia de toalhas e uniformes, mar/26;Lavanderia Branco Neve;Lavanderia;Geral;Despesas fixas;Contabilidade, sistemas e outros;Contabilidade, manutenção e outros;PIX;-420,00;2026-03;2026-03
1064;26/03/2026;26/03/2026;26/03/2026;Recebido;Vendas do salão em 26/03/26: dinheiro, PIX e débito;Clientes do salão;Vendas salão (dinheiro, PIX e débito);Salão;Receita bruta;Salão;Recebimentos do salão;Dinheiro, PIX e débito;2008,99;2026-03;2026-03
1065;26/03/2026;26/04/2026;27/04/2026;Recebido;Vendas do salão em 26/03/26: cartão de crédito;Operadora da maquininha;Vendas salão (cartão de crédito);Salão;Receita bruta;Salão;Recebimentos do salão;Cartão de crédito;2532,02;2026-03;2026-04
1066;26/03/2026;10/04/2026;10/04/2026;Recebido;Pedidos do iFood em 26/03/26;iFood;Vendas iFood;Delivery;Receita bruta;Delivery (iFood);Repasses do iFood;Repasse do iFood;1385,48;2026-03;2026-04
1067;26/03/2026;26/04/2026;27/04/2026;Pago;Compra de hortifrúti: NF 25622;Hortifrúti Bom Plantio;Hortifrúti;Geral;Custos variáveis;CMV (insumos);Fornecedores (insumos e embalagens);Boleto;-561,30;2026-03;2026-04
1068;26/03/2026;26/04/2026;27/04/2026;Pago;Taxa da maquininha sobre as vendas de 26/03/26;Operadora da maquininha;Taxas da maquininha (3%);Salão;Custos variáveis;Taxas de cartão;Recebimentos do salão;Descontada no repasse do cartão;-136,23;2026-03;2026-04
1069;27/03/2026;27/03/2026;27/03/2026;Recebido;Vendas do salão em 27/03/26: dinheiro, PIX e débito;Clientes do salão;Vendas salão (dinheiro, PIX e débito);Salão;Receita bruta;Salão;Recebimentos do salão;Dinheiro, PIX e débito;2800,12;2026-03;2026-03
1070;27/03/2026;27/04/2026;27/04/2026;Recebido;Vendas do salão em 27/03/26: cartão de crédito;Operadora da maquininha;Vendas salão (cartão de crédito);Salão;Receita bruta;Salão;Recebimentos do salão;Cartão de crédito;4142,58;2026-03;2026-04
1071;27/03/2026;10/04/2026;10/04/2026;Recebido;Pedidos do iFood em 27/03/26;iFood;Vendas iFood;Delivery;Receita bruta;Delivery (iFood);Repasses do iFood;Repasse do iFood;1679,33;2026-03;2026-04
1072;27/03/2026;27/04/2026;27/04/2026;Pago;Compra de laticínios: NF 47943;Laticínios Vale Serrano;Laticínios;Geral;Custos variáveis;CMV (insumos);Fornecedores (insumos e embalagens);Boleto;-2216,32;2026-03;2026-04
1073;27/03/2026;27/04/2026;27/04/2026;Pago;Taxa da maquininha sobre as vendas de 27/03/26;Operadora da maquininha;Taxas da maquininha (3%);Salão;Custos variáveis;Taxas de cartão;Recebimentos do salão;Descontada no repasse do cartão;-208,28;2026-03;2026-04
1074;28/03/2026;28/03/2026;28/03/2026;Recebido;Vendas do salão em 28/03/26: dinheiro, PIX e débito;Clientes do salão;Vendas salão (dinheiro, PIX e débito);Salão;Receita bruta;Salão;Recebimentos do salão;Dinheiro, PIX e débito;3195,29;2026-03;2026-03
1075;28/03/2026;28/04/2026;28/04/2026;Recebido;Vendas do salão em 28/03/26: cartão de crédito;Operadora da maquininha;Vendas salão (cartão de crédito);Salão;Receita bruta;Salão;Recebimentos do salão;Cartão de crédito;5995,92;2026-03;2026-04
1076;28/03/2026;10/04/2026;10/04/2026;Recebido;Pedidos do iFood em 28/03/26;iFood;Vendas iFood;Delivery;Receita bruta;Delivery (iFood);Repasses do iFood;Repasse do iFood;2391,42;2026-03;2026-04
1077;28/03/2026;28/04/2026;28/04/2026;Pago;Compra de hortifrúti: NF 25680;Hortifrúti Bom Plantio;Hortifrúti;Geral;Custos variáveis;CMV (insumos);Fornecedores (insumos e embalagens);Boleto;-548,69;2026-03;2026-04
1078;28/03/2026;28/04/2026;28/04/2026;Pago;Taxa da maquininha sobre as vendas de 28/03/26;Operadora da maquininha;Taxas da maquininha (3%);Salão;Custos variáveis;Taxas de cartão;Recebimentos do salão;Descontada no repasse do cartão;-275,74;2026-03;2026-04
1079;29/03/2026;29/03/2026;29/03/2026;Recebido;Vendas do salão em 29/03/26: dinheiro, PIX e débito;Clientes do salão;Vendas salão (dinheiro, PIX e débito);Salão;Receita bruta;Salão;Recebimentos do salão;Dinheiro, PIX e débito;3695,33;2026-03;2026-03
1080;29/03/2026;29/04/2026;29/04/2026;Recebido;Vendas do salão em 29/03/26: cartão de crédito;Operadora da maquininha;Vendas salão (cartão de crédito);Salão;Receita bruta;Salão;Recebimentos do salão;Cartão de crédito;4569,49;2026-03;2026-04
1081;29/03/2026;10/04/2026;10/04/2026;Recebido;Pedidos do iFood em 29/03/26;iFood;Vendas iFood;Delivery;Receita bruta;Delivery (iFood);Repasses do iFood;Repasse do iFood;1798,91;2026-03;2026-04
1082;29/03/2026;29/04/2026;29/04/2026;Pago;Taxa da maquininha sobre as vendas de 29/03/26;Operadora da maquininha;Taxas da maquininha (3%);Salão;Custos variáveis;Taxas de cartão;Recebimentos do salão;Descontada no repasse do cartão;-247,94;2026-03;2026-04
1083;31/03/2026;31/03/2026;31/03/2026;Recebido;Vendas do salão em 31/03/26: dinheiro, PIX e débito;Clientes do salão;Vendas salão (dinheiro, PIX e débito);Salão;Receita bruta;Salão;Recebimentos do salão;Dinheiro, PIX e débito;1871,84;2026-03;2026-03
1084;31/03/2026;30/04/2026;30/04/2026;Recebido;Vendas do salão em 31/03/26: cartão de crédito;Operadora da maquininha;Vendas salão (cartão de crédito);Salão;Receita bruta;Salão;Recebimentos do salão;Cartão de crédito;2318,64;2026-03;2026-04
1085;31/03/2026;10/04/2026;10/04/2026;Recebido;Pedidos do iFood em 31/03/26;iFood;Vendas iFood;Delivery;Receita bruta;Delivery (iFood);Repasses do iFood;Repasse do iFood;1261,31;2026-03;2026-04
1086;31/03/2026;20/04/2026;20/04/2026;Pago;DAS do Simples Nacional, competência mar/26;Receita Federal;Simples Nacional;Geral;Custos variáveis;Simples Nacional;Simples Nacional;Guia DAS;-16800,00;2026-03;2026-04
1087;31/03/2026;30/04/2026;30/04/2026;Pago;Compra de laticínios: NF 47978;Laticínios Vale Serrano;Laticínios;Geral;Custos variáveis;CMV (insumos);Fornecedores (insumos e embalagens);Boleto;-2583,71;2026-03;2026-04
1088;31/03/2026;30/04/2026;30/04/2026;Pago;Compra de hortifrúti: NF 25741;Hortifrúti Bom Plantio;Hortifrúti;Geral;Custos variáveis;CMV (insumos);Fornecedores (insumos e embalagens);Boleto;-666,78;2026-03;2026-04
1089;31/03/2026;10/04/2026;10/04/2026;Pago;Comissão do iFood (23%) sobre os pedidos de mar/26;iFood;Comissão iFood (23%);Delivery;Custos variáveis;Comissão e taxas iFood;Repasses do iFood;Descontada no repasse do iFood;-10350,00;2026-03;2026-04
1090;31/03/2026;10/04/2026;10/04/2026;Pago;Pagamento online do iFood (3,2%) sobre os pedidos de mar/26;iFood;Pagamento online iFood (3,2%);Delivery;Custos variáveis;Comissão e taxas iFood;Repasses do iFood;Descontada no repasse do iFood;-1440,00;2026-03;2026-04
1091;31/03/2026;30/04/2026;30/04/2026;Pago;Taxa da maquininha sobre as vendas de 31/03/26;Operadora da maquininha;Taxas da maquininha (3%);Salão;Custos variáveis;Taxas de cartão;Recebimentos do salão;Descontada no repasse do cartão;-125,71;2026-03;2026-04
1092;31/03/2026;08/04/2026;08/04/2026;Pago;Salários da cozinha, folha de mar/26;Funcionários da cozinha;Salários da cozinha;Geral;Despesas fixas;Folha e encargos;Folha e encargos;Transferência bancária;-18530,00;2026-03;2026-04
1093;31/03/2026;08/04/2026;08/04/2026;Pago;Salários do salão e da administração, folha de mar/26;Funcionários do salão e da administração;Salários do salão e administração;Geral;Despesas fixas;Folha e encargos;Folha e encargos;Transferência bancária;-21420,00;2026-03;2026-04
1094;31/03/2026;20/04/2026;20/04/2026;Pago;INSS e IRRF retidos dos funcionários, folha de mar/26;Receita Federal;INSS e IRRF retidos;Geral;Despesas fixas;Folha e encargos;Folha e encargos;Guia DCTFWeb;-3890,00;2026-03;2026-04
1095;31/03/2026;20/04/2026;20/04/2026;Pago;FGTS, folha de mar/26;FGTS (Caixa);FGTS;Geral;Despesas fixas;Folha e encargos;Folha e encargos;Guia FGTS Digital;-3507,20;2026-03;2026-04
1096;31/03/2026;08/04/2026;08/04/2026;Pago;Vale-transporte, folha de mar/26;Operadora de vale-transporte;Vale-transporte;Geral;Despesas fixas;Folha e encargos;Folha e encargos;Boleto;-2652,80;2026-03;2026-04
1097;31/03/2026;31/03/2026;31/03/2026;Pago;Pró-labore de Júlia, mar/26;Júlia;Pró-labore;Geral;Despesas fixas;Pró-labore;Pró-labore;PIX;-8000,00;2026-03;2026-03
1098;31/03/2026;31/03/2026;31/03/2026;Pago;Pró-labore de Marco, mar/26;Marco;Pró-labore;Geral;Despesas fixas;Pró-labore;Pró-labore;PIX;-8000,00;2026-03;2026-03
1099;31/03/2026;;;Sem efeito no caixa;Depreciação da reforma do salão (R$ 150 mil em 10 anos), mar/26;;Depreciação da reforma;Geral;Depreciação e juros;Depreciação da reforma;Fora do caixa;;-1250,00;2026-03;
1100;01/04/2026;01/04/2026;01/04/2026;Recebido;Vendas do salão em 01/04/26: dinheiro, PIX e débito;Clientes do salão;Vendas salão (dinheiro, PIX e débito);Salão;Receita bruta;Salão;Recebimentos do salão;Dinheiro, PIX e débito;1955,78;2026-04;2026-04
1101;01/04/2026;01/05/2026;04/05/2026;Recebido;Vendas do salão em 01/04/26: cartão de crédito;Operadora da maquininha;Vendas salão (cartão de crédito);Salão;Receita bruta;Salão;Recebimentos do salão;Cartão de crédito;2739,71;2026-04;2026-05
1102;01/04/2026;10/05/2026;11/05/2026;Recebido;Pedidos do iFood em 01/04/26;iFood;Vendas iFood;Delivery;Receita bruta;Delivery (iFood);Repasses do iFood;Repasse do iFood;1674,53;2026-04;2026-05
1103;01/04/2026;01/05/2026;04/05/2026;Pago;Compra de carnes e aves: NF 25671;Frigorífico Serra Nobre;Carnes e aves;Geral;Custos variáveis;CMV (insumos);Fornecedores (insumos e embalagens);Boleto;-2525,09;2026-04;2026-05
1104;01/04/2026;01/05/2026;04/05/2026;Pago;Compra de bebidas: NF 35357;Adega & Cia Bebidas;Bebidas;Geral;Custos variáveis;CMV (insumos);Fornecedores (insumos e embalagens);Boleto;-4656,62;2026-04;2026-05
1105;01/04/2026;01/05/2026;04/05/2026;Pago;Compra de embalagens de delivery: NF 11356;Pack Mais Embalagens;Embalagens de delivery;Delivery;Custos variáveis;Embalagens do delivery;Fornecedores (insumos e embalagens);Boleto;-756,99;2026-04;2026-05
1106;01/04/2026;01/05/2026;04/05/2026;Pago;Taxa da maquininha sobre as vendas de 01/04/26;Operadora da maquininha;Taxas da maquininha (3%);Salão;Custos variáveis;Taxas de cartão;Recebimentos do salão;Descontada no repasse do cartão;-140,87;2026-04;2026-05
1107;01/04/2026;01/04/2026;01/04/2026;Pago;Anúncios no Instagram e no Facebook, abr/26;Meta (anúncios);Anúncios em redes sociais;Geral;Despesas fixas;Marketing;Marketing;PIX;-2000,00;2026-04;2026-04
1108;01/04/2026;01/04/2026;01/04/2026;Pago;Tarifas bancárias, abr/26;Banco Horizonte;Tarifas bancárias;Geral;Despesas fixas;Contabilidade, sistemas e outros;Contabilidade, manutenção e outros;Débito em conta;-60,20;2026-04;2026-04
1109;02/04/2026;02/04/2026;02/04/2026;Recebido;Vendas do salão em 02/04/26: dinheiro, PIX e débito;Clientes do salão;Vendas salão (dinheiro, PIX e débito);Salão;Receita bruta;Salão;Recebimentos do salão;Dinheiro, PIX e débito;2368,64;2026-04;2026-04
1110;02/04/2026;02/05/2026;04/05/2026;Recebido;Vendas do salão em 02/04/26: cartão de crédito;Operadora da maquininha;Vendas salão (cartão de crédito);Salão;Receita bruta;Salão;Recebimentos do salão;Cartão de crédito;3223,44;2026-04;2026-05
1111;02/04/2026;10/05/2026;11/05/2026;Recebido;Pedidos do iFood em 02/04/26;iFood;Vendas iFood;Delivery;Receita bruta;Delivery (iFood);Repasses do iFood;Repasse do iFood;1828,07;2026-04;2026-05
1112;02/04/2026;02/05/2026;04/05/2026;Pago;Compra de hortifrúti: NF 25828;Hortifrúti Bom Plantio;Hortifrúti;Geral;Custos variáveis;CMV (insumos);Fornecedores (insumos e embalagens);Boleto;-549,96;2026-04;2026-05
1113;02/04/2026;02/05/2026;04/05/2026;Pago;Compra de mercearia: NF 24166;Empório Grão Fino;Mercearia (massas, grãos e secos);Geral;Custos variáveis;CMV (insumos);Fornecedores (insumos e embalagens);Boleto;-5254,50;2026-04;2026-05
1114;02/04/2026;02/05/2026;04/05/2026;Pago;Taxa da maquininha sobre as vendas de 02/04/26;Operadora da maquininha;Taxas da maquininha (3%);Salão;Custos variáveis;Taxas de cartão;Recebimentos do salão;Descontada no repasse do cartão;-167,76;2026-04;2026-05
1115;03/04/2026;03/04/2026;03/04/2026;Recebido;Vendas do salão em 03/04/26: dinheiro, PIX e débito;Clientes do salão;Vendas salão (dinheiro, PIX e débito);Salão;Receita bruta;Salão;Recebimentos do salão;Dinheiro, PIX e débito;2804,90;2026-04;2026-04
1116;03/04/2026;03/05/2026;04/05/2026;Recebido;Vendas do salão em 03/04/26: cartão de crédito;Operadora da maquininha;Vendas salão (cartão de crédito);Salão;Receita bruta;Salão;Recebimentos do salão;Cartão de crédito;5405,03;2026-04;2026-05
1117;03/04/2026;10/05/2026;11/05/2026;Recebido;Pedidos do iFood em 03/04/26;iFood;Vendas iFood;Delivery;Receita bruta;Delivery (iFood);Repasses do iFood;Repasse do iFood;1913,50;2026-04;2026-05
1118;03/04/2026;03/05/2026;04/05/2026;Pago;Taxa da maquininha sobre as vendas de 03/04/26;Operadora da maquininha;Taxas da maquininha (3%);Salão;Custos variáveis;Taxas de cartão;Recebimentos do salão;Descontada no repasse do cartão;-246,30;2026-04;2026-05
1119;04/04/2026;04/04/2026;04/04/2026;Recebido;Vendas do salão em 04/04/26: dinheiro, PIX e débito;Clientes do salão;Vendas salão (dinheiro, PIX e débito);Salão;Receita bruta;Salão;Recebimentos do salão;Dinheiro, PIX e débito;3994,50;2026-04;2026-04
1120;04/04/2026;04/05/2026;04/05/2026;Recebido;Vendas do salão em 04/04/26: cartão de crédito;Operadora da maquininha;Vendas salão (cartão de crédito);Salão;Receita bruta;Salão;Recebimentos do salão;Cartão de crédito;5512,63;2026-04;2026-05
1121;04/04/2026;10/05/2026;11/05/2026;Recebido;Pedidos do iFood em 04/04/26;iFood;Vendas iFood;Delivery;Receita bruta;Delivery (iFood);Repasses do iFood;Repasse do iFood;2170,24;2026-04;2026-05
1122;04/04/2026;04/05/2026;04/05/2026;Pago;Compra de hortifrúti: NF 25839;Hortifrúti Bom Plantio;Hortifrúti;Geral;Custos variáveis;CMV (insumos);Fornecedores (insumos e embalagens);Boleto;-430,98;2026-04;2026-05
1123;04/04/2026;04/05/2026;04/05/2026;Pago;Taxa da maquininha sobre as vendas de 04/04/26;Operadora da maquininha;Taxas da maquininha (3%);Salão;Custos variáveis;Taxas de cartão;Recebimentos do salão;Descontada no repasse do cartão;-285,21;2026-04;2026-05
1124;05/04/2026;05/04/2026;05/04/2026;Recebido;Vendas do salão em 05/04/26: dinheiro, PIX e débito;Clientes do salão;Vendas salão (dinheiro, PIX e débito);Salão;Receita bruta;Salão;Recebimentos do salão;Dinheiro, PIX e débito;2847,19;2026-04;2026-04
1125;05/04/2026;05/05/2026;05/05/2026;Recebido;Vendas do salão em 05/04/26: cartão de crédito;Operadora da maquininha;Vendas salão (cartão de crédito);Salão;Receita bruta;Salão;Recebimentos do salão;Cartão de crédito;5512,19;2026-04;2026-05
1126;05/04/2026;10/05/2026;11/05/2026;Recebido;Pedidos do iFood em 05/04/26;iFood;Vendas iFood;Delivery;Receita bruta;Delivery (iFood);Repasses do iFood;Repasse do iFood;2005,75;2026-04;2026-05
1127;05/04/2026;05/05/2026;05/05/2026;Pago;Taxa da maquininha sobre as vendas de 05/04/26;Operadora da maquininha;Taxas da maquininha (3%);Salão;Custos variáveis;Taxas de cartão;Recebimentos do salão;Descontada no repasse do cartão;-250,78;2026-04;2026-05
1128;05/04/2026;05/04/2026;06/04/2026;Pago;Gestão das redes sociais, abr/26;Agência Manjericão Digital;Agência de redes sociais;Geral;Despesas fixas;Marketing;Marketing;Boleto;-2000,00;2026-04;2026-04
1129;05/04/2026;05/04/2026;06/04/2026;Pago;Mensalidade do sistema de PDV e gestão, abr/26;GestPDV Sistemas;Sistema de PDV e gestão;Geral;Despesas fixas;Contabilidade, sistemas e outros;Contabilidade, manutenção e outros;Débito automático;-389,90;2026-04;2026-04
1130;05/04/2026;05/04/2026;06/04/2026;Pago;Limpeza e higienização (contrato), abr/26;Limpa Bem Higienização;Limpeza e higienização;Geral;Despesas fixas;Contabilidade, sistemas e outros;Contabilidade, manutenção e outros;Boleto;-780,00;2026-04;2026-04
1131;07/04/2026;07/04/2026;07/04/2026;Recebido;Vendas do salão em 07/04/26: dinheiro, PIX e débito;Clientes do salão;Vendas salão (dinheiro, PIX e débito);Salão;Receita bruta;Salão;Recebimentos do salão;Dinheiro, PIX e débito;1753,86;2026-04;2026-04
1132;07/04/2026;07/05/2026;07/05/2026;Recebido;Vendas do salão em 07/04/26: cartão de crédito;Operadora da maquininha;Vendas salão (cartão de crédito);Salão;Receita bruta;Salão;Recebimentos do salão;Cartão de crédito;3022,03;2026-04;2026-05
1133;07/04/2026;10/05/2026;11/05/2026;Recebido;Pedidos do iFood em 07/04/26;iFood;Vendas iFood;Delivery;Receita bruta;Delivery (iFood);Repasses do iFood;Repasse do iFood;1490,62;2026-04;2026-05
1134;07/04/2026;07/05/2026;07/05/2026;Pago;Compra de laticínios: NF 47987;Laticínios Vale Serrano;Laticínios;Geral;Custos variáveis;CMV (insumos);Fornecedores (insumos e embalagens);Boleto;-3786,38;2026-04;2026-05
1135;07/04/2026;07/05/2026;07/05/2026;Pago;Compra de hortifrúti: NF 25884;Hortifrúti Bom Plantio;Hortifrúti;Geral;Custos variáveis;CMV (insumos);Fornecedores (insumos e embalagens);Boleto;-697,05;2026-04;2026-05
1136;07/04/2026;07/05/2026;07/05/2026;Pago;Taxa da maquininha sobre as vendas de 07/04/26;Operadora da maquininha;Taxas da maquininha (3%);Salão;Custos variáveis;Taxas de cartão;Recebimentos do salão;Descontada no repasse do cartão;-143,28;2026-04;2026-05
1137;07/04/2026;07/04/2026;07/04/2026;Pago;Reparo elétrico no salão;Eletricista Souza;Manutenção e reparos;Geral;Despesas fixas;Manutenção;Contabilidade, manutenção e outros;PIX;-466,85;2026-04;2026-04
1138;08/04/2026;08/04/2026;08/04/2026;Recebido;Vendas do salão em 08/04/26: dinheiro, PIX e débito;Clientes do salão;Vendas salão (dinheiro, PIX e débito);Salão;Receita bruta;Salão;Recebimentos do salão;Dinheiro, PIX e débito;1963,50;2026-04;2026-04
1139;08/04/2026;08/05/2026;08/05/2026;Recebido;Vendas do salão em 08/04/26: cartão de crédito;Operadora da maquininha;Vendas salão (cartão de crédito);Salão;Receita bruta;Salão;Recebimentos do salão;Cartão de crédito;2487,65;2026-04;2026-05
1140;08/04/2026;10/05/2026;11/05/2026;Recebido;Pedidos do iFood em 08/04/26;iFood;Vendas iFood;Delivery;Receita bruta;Delivery (iFood);Repasses do iFood;Repasse do iFood;1677,35;2026-04;2026-05
1141;08/04/2026;08/05/2026;08/05/2026;Pago;Compra de carnes e aves: NF 25693;Frigorífico Serra Nobre;Carnes e aves;Geral;Custos variáveis;CMV (insumos);Fornecedores (insumos e embalagens);Boleto;-2269,25;2026-04;2026-05
1142;08/04/2026;08/05/2026;08/05/2026;Pago;Taxa da maquininha sobre as vendas de 08/04/26;Operadora da maquininha;Taxas da maquininha (3%);Salão;Custos variáveis;Taxas de cartão;Recebimentos do salão;Descontada no repasse do cartão;-133,54;2026-04;2026-05
1143;08/04/2026;08/04/2026;08/04/2026;Pago;Retirada de Júlia, abr/26;Júlia;Retirada dos sócios;Geral;Fora do DRE;Fora do DRE;Retirada dos sócios;PIX;-6000,00;2026-04;2026-04
1144;08/04/2026;08/04/2026;08/04/2026;Pago;Retirada de Marco, abr/26;Marco;Retirada dos sócios;Geral;Fora do DRE;Fora do DRE;Retirada dos sócios;PIX;-6000,00;2026-04;2026-04
1145;09/04/2026;09/04/2026;09/04/2026;Recebido;Vendas do salão em 09/04/26: dinheiro, PIX e débito;Clientes do salão;Vendas salão (dinheiro, PIX e débito);Salão;Receita bruta;Salão;Recebimentos do salão;Dinheiro, PIX e débito;2168,02;2026-04;2026-04
1146;09/04/2026;09/05/2026;11/05/2026;Recebido;Vendas do salão em 09/04/26: cartão de crédito;Operadora da maquininha;Vendas salão (cartão de crédito);Salão;Receita bruta;Salão;Recebimentos do salão;Cartão de crédito;3528,44;2026-04;2026-05
1147;09/04/2026;10/05/2026;11/05/2026;Recebido;Pedidos do iFood em 09/04/26;iFood;Vendas iFood;Delivery;Receita bruta;Delivery (iFood);Repasses do iFood;Repasse do iFood;1742,02;2026-04;2026-05
1148;09/04/2026;09/05/2026;11/05/2026;Pago;Compra de hortifrúti: NF 25908;Hortifrúti Bom Plantio;Hortifrúti;Geral;Custos variáveis;CMV (insumos);Fornecedores (insumos e embalagens);Boleto;-656,99;2026-04;2026-05
1149;09/04/2026;09/05/2026;11/05/2026;Pago;Taxa da maquininha sobre as vendas de 09/04/26;Operadora da maquininha;Taxas da maquininha (3%);Salão;Custos variáveis;Taxas de cartão;Recebimentos do salão;Descontada no repasse do cartão;-170,89;2026-04;2026-05
1150;09/04/2026;09/04/2026;09/04/2026;Pago;Conserto de mesas e cadeiras;Marcenaria Pinho Nobre;Manutenção e reparos;Geral;Despesas fixas;Manutenção;Contabilidade, manutenção e outros;PIX;-1067,15;2026-04;2026-04
1151;10/04/2026;10/04/2026;10/04/2026;Recebido;Vendas do salão em 10/04/26: dinheiro, PIX e débito;Clientes do salão;Vendas salão (dinheiro, PIX e débito);Salão;Receita bruta;Salão;Recebimentos do salão;Dinheiro, PIX e débito;3184,36;2026-04;2026-04
1152;10/04/2026;10/05/2026;11/05/2026;Recebido;Vendas do salão em 10/04/26: cartão de crédito;Operadora da maquininha;Vendas salão (cartão de crédito);Salão;Receita bruta;Salão;Recebimentos do salão;Cartão de crédito;4388,62;2026-04;2026-05
1153;10/04/2026;10/05/2026;11/05/2026;Recebido;Pedidos do iFood em 10/04/26;iFood;Vendas iFood;Delivery;Receita bruta;Delivery (iFood);Repasses do iFood;Repasse do iFood;2387,37;2026-04;2026-05
1154;10/04/2026;10/05/2026;11/05/2026;Pago;Compra de laticínios: NF 48034;Laticínios Vale Serrano;Laticínios;Geral;Custos variáveis;CMV (insumos);Fornecedores (insumos e embalagens);Boleto;-3197,46;2026-04;2026-05
1155;10/04/2026;10/05/2026;11/05/2026;Pago;Taxa da maquininha sobre as vendas de 10/04/26;Operadora da maquininha;Taxas da maquininha (3%);Salão;Custos variáveis;Taxas de cartão;Recebimentos do salão;Descontada no repasse do cartão;-227,19;2026-04;2026-05
1156;10/04/2026;10/04/2026;10/04/2026;Pago;Aluguel do imóvel, abr/26;Imobiliária Pedra Alta;Aluguel;Geral;Despesas fixas;Aluguel;Aluguel;Boleto;-14000,00;2026-04;2026-04
1157;10/04/2026;10/04/2026;10/04/2026;Pago;Honorários contábeis, abr/26;Escritório Contábil Exato;Contabilidade;Geral;Despesas fixas;Contabilidade, sistemas e outros;Contabilidade, manutenção e outros;Boleto;-1450,00;2026-04;2026-04
1158;11/04/2026;11/04/2026;11/04/2026;Recebido;Vendas do salão em 11/04/26: dinheiro, PIX e débito;Clientes do salão;Vendas salão (dinheiro, PIX e débito);Salão;Receita bruta;Salão;Recebimentos do salão;Dinheiro, PIX e débito;3118,08;2026-04;2026-04
1159;11/04/2026;11/05/2026;11/05/2026;Recebido;Vendas do salão em 11/04/26: cartão de crédito;Operadora da maquininha;Vendas salão (cartão de crédito);Salão;Receita bruta;Salão;Recebimentos do salão;Cartão de crédito;5819,35;2026-04;2026-05
1160;11/04/2026;10/05/2026;11/05/2026;Recebido;Pedidos do iFood em 11/04/26;iFood;Vendas iFood;Delivery;Receita bruta;Delivery (iFood);Repasses do iFood;Repasse do iFood;2634,67;2026-04;2026-05
1161;11/04/2026;11/05/2026;11/05/2026;Pago;Compra de hortifrúti: NF 25945;Hortifrúti Bom Plantio;Hortifrúti;Geral;Custos variáveis;CMV (insumos);Fornecedores (insumos e embalagens);Boleto;-646,27;2026-04;2026-05
1162;11/04/2026;11/05/2026;11/05/2026;Pago;Taxa da maquininha sobre as vendas de 11/04/26;Operadora da maquininha;Taxas da maquininha (3%);Salão;Custos variáveis;Taxas de cartão;Recebimentos do salão;Descontada no repasse do cartão;-268,12;2026-04;2026-05
1163;12/04/2026;12/04/2026;12/04/2026;Recebido;Vendas do salão em 12/04/26: dinheiro, PIX e débito;Clientes do salão;Vendas salão (dinheiro, PIX e débito);Salão;Receita bruta;Salão;Recebimentos do salão;Dinheiro, PIX e débito;3532,50;2026-04;2026-04
1164;12/04/2026;12/05/2026;12/05/2026;Recebido;Vendas do salão em 12/04/26: cartão de crédito;Operadora da maquininha;Vendas salão (cartão de crédito);Salão;Receita bruta;Salão;Recebimentos do salão;Cartão de crédito;5227,68;2026-04;2026-05
1165;12/04/2026;10/05/2026;11/05/2026;Recebido;Pedidos do iFood em 12/04/26;iFood;Vendas iFood;Delivery;Receita bruta;Delivery (iFood);Repasses do iFood;Repasse do iFood;2133,95;2026-04;2026-05
1166;12/04/2026;12/05/2026;12/05/2026;Pago;Taxa da maquininha sobre as vendas de 12/04/26;Operadora da maquininha;Taxas da maquininha (3%);Salão;Custos variáveis;Taxas de cartão;Recebimentos do salão;Descontada no repasse do cartão;-262,81;2026-04;2026-05
1167;12/04/2026;12/04/2026;13/04/2026;Pago;Conta de água e esgoto, abr/26;Companhia de saneamento;Água e esgoto;Geral;Despesas fixas;Energia, gás e água;Energia, gás e água;Débito automático;-1272,59;2026-04;2026-04
1168;14/04/2026;14/04/2026;14/04/2026;Recebido;Vendas do salão em 14/04/26: dinheiro, PIX e débito;Clientes do salão;Vendas salão (dinheiro, PIX e débito);Salão;Receita bruta;Salão;Recebimentos do salão;Dinheiro, PIX e débito;1791,93;2026-04;2026-04
1169;14/04/2026;14/05/2026;14/05/2026;Recebido;Vendas do salão em 14/04/26: cartão de crédito;Operadora da maquininha;Vendas salão (cartão de crédito);Salão;Receita bruta;Salão;Recebimentos do salão;Cartão de crédito;2330,88;2026-04;2026-05
1170;14/04/2026;10/05/2026;11/05/2026;Recebido;Pedidos do iFood em 14/04/26;iFood;Vendas iFood;Delivery;Receita bruta;Delivery (iFood);Repasses do iFood;Repasse do iFood;1357,97;2026-04;2026-05
1171;14/04/2026;14/05/2026;14/05/2026;Pago;Compra de laticínios: NF 48111;Laticínios Vale Serrano;Laticínios;Geral;Custos variáveis;CMV (insumos);Fornecedores (insumos e embalagens);Boleto;-3115,75;2026-04;2026-05
1172;14/04/2026;14/05/2026;14/05/2026;Pago;Compra de hortifrúti: NF 25991;Hortifrúti Bom Plantio;Hortifrúti;Geral;Custos variáveis;CMV (insumos);Fornecedores (insumos e embalagens);Boleto;-584,16;2026-04;2026-05
1173;14/04/2026;14/05/2026;14/05/2026;Pago;Taxa da maquininha sobre as vendas de 14/04/26;Operadora da maquininha;Taxas da maquininha (3%);Salão;Custos variáveis;Taxas de cartão;Recebimentos do salão;Descontada no repasse do cartão;-123,68;2026-04;2026-05
1174;15/04/2026;15/04/2026;15/04/2026;Recebido;Vendas do salão em 15/04/26: dinheiro, PIX e débito;Clientes do salão;Vendas salão (dinheiro, PIX e débito);Salão;Receita bruta;Salão;Recebimentos do salão;Dinheiro, PIX e débito;2182,90;2026-04;2026-04
1175;15/04/2026;15/05/2026;15/05/2026;Recebido;Vendas do salão em 15/04/26: cartão de crédito;Operadora da maquininha;Vendas salão (cartão de crédito);Salão;Receita bruta;Salão;Recebimentos do salão;Cartão de crédito;2710,83;2026-04;2026-05
1176;15/04/2026;10/05/2026;11/05/2026;Recebido;Pedidos do iFood em 15/04/26;iFood;Vendas iFood;Delivery;Receita bruta;Delivery (iFood);Repasses do iFood;Repasse do iFood;1564,67;2026-04;2026-05
1177;15/04/2026;15/05/2026;15/05/2026;Pago;Compra de carnes e aves: NF 25768;Frigorífico Serra Nobre;Carnes e aves;Geral;Custos variáveis;CMV (insumos);Fornecedores (insumos e embalagens);Boleto;-2328,19;2026-04;2026-05
1178;15/04/2026;15/05/2026;15/05/2026;Pago;Compra de bebidas: NF 35414;Adega & Cia Bebidas;Bebidas;Geral;Custos variáveis;CMV (insumos);Fornecedores (insumos e embalagens);Boleto;-4327,35;2026-04;2026-05
1179;15/04/2026;15/05/2026;15/05/2026;Pago;Compra de embalagens de delivery: NF 11400;Pack Mais Embalagens;Embalagens de delivery;Delivery;Custos variáveis;Embalagens do delivery;Fornecedores (insumos e embalagens);Boleto;-812,76;2026-04;2026-05
1180;15/04/2026;15/05/2026;15/05/2026;Pago;Taxa da maquininha sobre as vendas de 15/04/26;Operadora da maquininha;Taxas da maquininha (3%);Salão;Custos variáveis;Taxas de cartão;Recebimentos do salão;Descontada no repasse do cartão;-146,81;2026-04;2026-05
1181;15/04/2026;15/04/2026;15/04/2026;Pago;Conta de energia elétrica, abr/26;Distribuidora de energia;Energia elétrica;Geral;Despesas fixas;Energia, gás e água;Energia, gás e água;Débito automático;-4304,51;2026-04;2026-04
1182;15/04/2026;15/04/2026;15/04/2026;Pago;Internet e telefone, abr/26;NetSerra Telecom;Internet e telefone;Geral;Despesas fixas;Contabilidade, sistemas e outros;Contabilidade, manutenção e outros;Débito automático;-249,90;2026-04;2026-04
1183;15/04/2026;15/04/2026;15/04/2026;Pago;Parcela 4/24 do empréstimo: juros;Banco Horizonte;Juros do empréstimo;Geral;Depreciação e juros;Juros do empréstimo;Parcela do empréstimo;Débito em conta;-2185,00;2026-04;2026-04
1184;15/04/2026;15/04/2026;15/04/2026;Pago;Parcela 4/24 do empréstimo: amortização;Banco Horizonte;Amortização do empréstimo;Geral;Fora do DRE;Fora do DRE;Parcela do empréstimo;Débito em conta;-5415,00;2026-04;2026-04
1185;16/04/2026;16/04/2026;16/04/2026;Recebido;Vendas do salão em 16/04/26: dinheiro, PIX e débito;Clientes do salão;Vendas salão (dinheiro, PIX e débito);Salão;Receita bruta;Salão;Recebimentos do salão;Dinheiro, PIX e débito;2420,51;2026-04;2026-04
1186;16/04/2026;16/05/2026;18/05/2026;Recebido;Vendas do salão em 16/04/26: cartão de crédito;Operadora da maquininha;Vendas salão (cartão de crédito);Salão;Receita bruta;Salão;Recebimentos do salão;Cartão de crédito;3133,11;2026-04;2026-05
1187;16/04/2026;10/05/2026;11/05/2026;Recebido;Pedidos do iFood em 16/04/26;iFood;Vendas iFood;Delivery;Receita bruta;Delivery (iFood);Repasses do iFood;Repasse do iFood;1490,35;2026-04;2026-05
1188;16/04/2026;16/05/2026;18/05/2026;Pago;Compra de hortifrúti: NF 26051;Hortifrúti Bom Plantio;Hortifrúti;Geral;Custos variáveis;CMV (insumos);Fornecedores (insumos e embalagens);Boleto;-597,16;2026-04;2026-05
1189;16/04/2026;16/05/2026;18/05/2026;Pago;Compra de mercearia: NF 24225;Empório Grão Fino;Mercearia (massas, grãos e secos);Geral;Custos variáveis;CMV (insumos);Fornecedores (insumos e embalagens);Boleto;-3355,92;2026-04;2026-05
1190;16/04/2026;16/05/2026;18/05/2026;Pago;Taxa da maquininha sobre as vendas de 16/04/26;Operadora da maquininha;Taxas da maquininha (3%);Salão;Custos variáveis;Taxas de cartão;Recebimentos do salão;Descontada no repasse do cartão;-166,61;2026-04;2026-05
1191;17/04/2026;17/04/2026;17/04/2026;Recebido;Vendas do salão em 17/04/26: dinheiro, PIX e débito;Clientes do salão;Vendas salão (dinheiro, PIX e débito);Salão;Receita bruta;Salão;Recebimentos do salão;Dinheiro, PIX e débito;2856,13;2026-04;2026-04
1192;17/04/2026;17/05/2026;18/05/2026;Recebido;Vendas do salão em 17/04/26: cartão de crédito;Operadora da maquininha;Vendas salão (cartão de crédito);Salão;Receita bruta;Salão;Recebimentos do salão;Cartão de crédito;4063,65;2026-04;2026-05
1193;17/04/2026;10/05/2026;11/05/2026;Recebido;Pedidos do iFood em 17/04/26;iFood;Vendas iFood;Delivery;Receita bruta;Delivery (iFood);Repasses do iFood;Repasse do iFood;2146,85;2026-04;2026-05
1194;17/04/2026;17/05/2026;18/05/2026;Pago;Compra de laticínios: NF 48174;Laticínios Vale Serrano;Laticínios;Geral;Custos variáveis;CMV (insumos);Fornecedores (insumos e embalagens);Boleto;-3345,48;2026-04;2026-05
1195;17/04/2026;17/05/2026;18/05/2026;Pago;Taxa da maquininha sobre as vendas de 17/04/26;Operadora da maquininha;Taxas da maquininha (3%);Salão;Custos variáveis;Taxas de cartão;Recebimentos do salão;Descontada no repasse do cartão;-207,59;2026-04;2026-05
1196;18/04/2026;18/04/2026;18/04/2026;Recebido;Vendas do salão em 18/04/26: dinheiro, PIX e débito;Clientes do salão;Vendas salão (dinheiro, PIX e débito);Salão;Receita bruta;Salão;Recebimentos do salão;Dinheiro, PIX e débito;3305,78;2026-04;2026-04
1197;18/04/2026;18/05/2026;18/05/2026;Recebido;Vendas do salão em 18/04/26: cartão de crédito;Operadora da maquininha;Vendas salão (cartão de crédito);Salão;Receita bruta;Salão;Recebimentos do salão;Cartão de crédito;5314,54;2026-04;2026-05
1198;18/04/2026;10/05/2026;11/05/2026;Recebido;Pedidos do iFood em 18/04/26;iFood;Vendas iFood;Delivery;Receita bruta;Delivery (iFood);Repasses do iFood;Repasse do iFood;2694,40;2026-04;2026-05
1199;18/04/2026;18/05/2026;18/05/2026;Pago;Compra de hortifrúti: NF 26101;Hortifrúti Bom Plantio;Hortifrúti;Geral;Custos variáveis;CMV (insumos);Fornecedores (insumos e embalagens);Boleto;-626,69;2026-04;2026-05
1200;18/04/2026;18/05/2026;18/05/2026;Pago;Taxa da maquininha sobre as vendas de 18/04/26;Operadora da maquininha;Taxas da maquininha (3%);Salão;Custos variáveis;Taxas de cartão;Recebimentos do salão;Descontada no repasse do cartão;-258,61;2026-04;2026-05
1201;19/04/2026;19/04/2026;19/04/2026;Recebido;Vendas do salão em 19/04/26: dinheiro, PIX e débito;Clientes do salão;Vendas salão (dinheiro, PIX e débito);Salão;Receita bruta;Salão;Recebimentos do salão;Dinheiro, PIX e débito;3927,28;2026-04;2026-04
1202;19/04/2026;19/05/2026;19/05/2026;Recebido;Vendas do salão em 19/04/26: cartão de crédito;Operadora da maquininha;Vendas salão (cartão de crédito);Salão;Receita bruta;Salão;Recebimentos do salão;Cartão de crédito;5046,23;2026-04;2026-05
1203;19/04/2026;10/05/2026;11/05/2026;Recebido;Pedidos do iFood em 19/04/26;iFood;Vendas iFood;Delivery;Receita bruta;Delivery (iFood);Repasses do iFood;Repasse do iFood;2343,89;2026-04;2026-05
1204;19/04/2026;19/05/2026;19/05/2026;Pago;Taxa da maquininha sobre as vendas de 19/04/26;Operadora da maquininha;Taxas da maquininha (3%);Salão;Custos variáveis;Taxas de cartão;Recebimentos do salão;Descontada no repasse do cartão;-269,21;2026-04;2026-05
1205;20/04/2026;20/04/2026;20/04/2026;Pago;Gás de cozinha (GLP), abr/26;Gás Chama Azul;Gás;Geral;Despesas fixas;Energia, gás e água;Energia, gás e água;Boleto;-2320,90;2026-04;2026-04
1206;20/04/2026;20/04/2026;20/04/2026;Pago;Controle de pragas (contrato), abr/26;Dedetizadora Sem Praga;Controle de pragas;Geral;Despesas fixas;Contabilidade, sistemas e outros;Contabilidade, manutenção e outros;PIX;-150,00;2026-04;2026-04
1207;21/04/2026;21/04/2026;21/04/2026;Recebido;Vendas do salão em 21/04/26: dinheiro, PIX e débito;Clientes do salão;Vendas salão (dinheiro, PIX e débito);Salão;Receita bruta;Salão;Recebimentos do salão;Dinheiro, PIX e débito;1645,23;2026-04;2026-04
1208;21/04/2026;21/05/2026;21/05/2026;Recebido;Vendas do salão em 21/04/26: cartão de crédito;Operadora da maquininha;Vendas salão (cartão de crédito);Salão;Receita bruta;Salão;Recebimentos do salão;Cartão de crédito;2624,01;2026-04;2026-05
1209;21/04/2026;10/05/2026;11/05/2026;Recebido;Pedidos do iFood em 21/04/26;iFood;Vendas iFood;Delivery;Receita bruta;Delivery (iFood);Repasses do iFood;Repasse do iFood;1509,94;2026-04;2026-05
1210;21/04/2026;21/05/2026;21/05/2026;Pago;Taxa da maquininha sobre as vendas de 21/04/26;Operadora da maquininha;Taxas da maquininha (3%);Salão;Custos variáveis;Taxas de cartão;Recebimentos do salão;Descontada no repasse do cartão;-128,08;2026-04;2026-05
1211;22/04/2026;22/04/2026;22/04/2026;Recebido;Vendas do salão em 22/04/26: dinheiro, PIX e débito;Clientes do salão;Vendas salão (dinheiro, PIX e débito);Salão;Receita bruta;Salão;Recebimentos do salão;Dinheiro, PIX e débito;1652,07;2026-04;2026-04
1212;22/04/2026;22/05/2026;22/05/2026;Recebido;Vendas do salão em 22/04/26: cartão de crédito;Operadora da maquininha;Vendas salão (cartão de crédito);Salão;Receita bruta;Salão;Recebimentos do salão;Cartão de crédito;3103,64;2026-04;2026-05
1213;22/04/2026;10/05/2026;11/05/2026;Recebido;Pedidos do iFood em 22/04/26;iFood;Vendas iFood;Delivery;Receita bruta;Delivery (iFood);Repasses do iFood;Repasse do iFood;1818,61;2026-04;2026-05
1214;22/04/2026;22/05/2026;22/05/2026;Pago;Compra de carnes e aves: NF 25818;Frigorífico Serra Nobre;Carnes e aves;Geral;Custos variáveis;CMV (insumos);Fornecedores (insumos e embalagens);Boleto;-2962,49;2026-04;2026-05
1215;22/04/2026;22/05/2026;22/05/2026;Pago;Taxa da maquininha sobre as vendas de 22/04/26;Operadora da maquininha;Taxas da maquininha (3%);Salão;Custos variáveis;Taxas de cartão;Recebimentos do salão;Descontada no repasse do cartão;-142,67;2026-04;2026-05
1216;23/04/2026;23/04/2026;23/04/2026;Recebido;Vendas do salão em 23/04/26: dinheiro, PIX e débito;Clientes do salão;Vendas salão (dinheiro, PIX e débito);Salão;Receita bruta;Salão;Recebimentos do salão;Dinheiro, PIX e débito;1946,67;2026-04;2026-04
1217;23/04/2026;23/05/2026;25/05/2026;Recebido;Vendas do salão em 23/04/26: cartão de crédito;Operadora da maquininha;Vendas salão (cartão de crédito);Salão;Receita bruta;Salão;Recebimentos do salão;Cartão de crédito;2939,70;2026-04;2026-05
1218;23/04/2026;10/05/2026;11/05/2026;Recebido;Pedidos do iFood em 23/04/26;iFood;Vendas iFood;Delivery;Receita bruta;Delivery (iFood);Repasses do iFood;Repasse do iFood;1846,68;2026-04;2026-05
1219;23/04/2026;23/05/2026;25/05/2026;Pago;Compra de hortifrúti: NF 26171;Hortifrúti Bom Plantio;Hortifrúti;Geral;Custos variáveis;CMV (insumos);Fornecedores (insumos e embalagens);Boleto;-479,72;2026-04;2026-05
1220;23/04/2026;23/05/2026;25/05/2026;Pago;Taxa da maquininha sobre as vendas de 23/04/26;Operadora da maquininha;Taxas da maquininha (3%);Salão;Custos variáveis;Taxas de cartão;Recebimentos do salão;Descontada no repasse do cartão;-146,59;2026-04;2026-05
1221;24/04/2026;24/04/2026;24/04/2026;Recebido;Vendas do salão em 24/04/26: dinheiro, PIX e débito;Clientes do salão;Vendas salão (dinheiro, PIX e débito);Salão;Receita bruta;Salão;Recebimentos do salão;Dinheiro, PIX e débito;2540,17;2026-04;2026-04
1222;24/04/2026;24/05/2026;25/05/2026;Recebido;Vendas do salão em 24/04/26: cartão de crédito;Operadora da maquininha;Vendas salão (cartão de crédito);Salão;Receita bruta;Salão;Recebimentos do salão;Cartão de crédito;4611,86;2026-04;2026-05
1223;24/04/2026;10/05/2026;11/05/2026;Recebido;Pedidos do iFood em 24/04/26;iFood;Vendas iFood;Delivery;Receita bruta;Delivery (iFood);Repasses do iFood;Repasse do iFood;1882,54;2026-04;2026-05
1224;24/04/2026;24/05/2026;25/05/2026;Pago;Compra de laticínios: NF 48225;Laticínios Vale Serrano;Laticínios;Geral;Custos variáveis;CMV (insumos);Fornecedores (insumos e embalagens);Boleto;-3572,49;2026-04;2026-05
1225;24/04/2026;24/05/2026;25/05/2026;Pago;Taxa da maquininha sobre as vendas de 24/04/26;Operadora da maquininha;Taxas da maquininha (3%);Salão;Custos variáveis;Taxas de cartão;Recebimentos do salão;Descontada no repasse do cartão;-214,56;2026-04;2026-05
1226;25/04/2026;25/04/2026;25/04/2026;Recebido;Vendas do salão em 25/04/26: dinheiro, PIX e débito;Clientes do salão;Vendas salão (dinheiro, PIX e débito);Salão;Receita bruta;Salão;Recebimentos do salão;Dinheiro, PIX e débito;4139,57;2026-04;2026-04
1227;25/04/2026;25/05/2026;25/05/2026;Recebido;Vendas do salão em 25/04/26: cartão de crédito;Operadora da maquininha;Vendas salão (cartão de crédito);Salão;Receita bruta;Salão;Recebimentos do salão;Cartão de crédito;5123,81;2026-04;2026-05
1228;25/04/2026;10/05/2026;11/05/2026;Recebido;Pedidos do iFood em 25/04/26;iFood;Vendas iFood;Delivery;Receita bruta;Delivery (iFood);Repasses do iFood;Repasse do iFood;2002,85;2026-04;2026-05
1229;25/04/2026;25/05/2026;25/05/2026;Pago;Compra de hortifrúti: NF 26182;Hortifrúti Bom Plantio;Hortifrúti;Geral;Custos variáveis;CMV (insumos);Fornecedores (insumos e embalagens);Boleto;-695,98;2026-04;2026-05
1230;25/04/2026;25/05/2026;25/05/2026;Pago;Taxa da maquininha sobre as vendas de 25/04/26;Operadora da maquininha;Taxas da maquininha (3%);Salão;Custos variáveis;Taxas de cartão;Recebimentos do salão;Descontada no repasse do cartão;-277,90;2026-04;2026-05
1231;25/04/2026;25/04/2026;27/04/2026;Pago;Lavanderia de toalhas e uniformes, abr/26;Lavanderia Branco Neve;Lavanderia;Geral;Despesas fixas;Contabilidade, sistemas e outros;Contabilidade, manutenção e outros;PIX;-420,00;2026-04;2026-04
1232;26/04/2026;26/04/2026;26/04/2026;Recebido;Vendas do salão em 26/04/26: dinheiro, PIX e débito;Clientes do salão;Vendas salão (dinheiro, PIX e débito);Salão;Receita bruta;Salão;Recebimentos do salão;Dinheiro, PIX e débito;3672,06;2026-04;2026-04
1233;26/04/2026;26/05/2026;26/05/2026;Recebido;Vendas do salão em 26/04/26: cartão de crédito;Operadora da maquininha;Vendas salão (cartão de crédito);Salão;Receita bruta;Salão;Recebimentos do salão;Cartão de crédito;4448,90;2026-04;2026-05
1234;26/04/2026;10/05/2026;11/05/2026;Recebido;Pedidos do iFood em 26/04/26;iFood;Vendas iFood;Delivery;Receita bruta;Delivery (iFood);Repasses do iFood;Repasse do iFood;2539,44;2026-04;2026-05
1235;26/04/2026;26/05/2026;26/05/2026;Pago;Taxa da maquininha sobre as vendas de 26/04/26;Operadora da maquininha;Taxas da maquininha (3%);Salão;Custos variáveis;Taxas de cartão;Recebimentos do salão;Descontada no repasse do cartão;-243,63;2026-04;2026-05
1236;28/04/2026;28/04/2026;28/04/2026;Recebido;Vendas do salão em 28/04/26: dinheiro, PIX e débito;Clientes do salão;Vendas salão (dinheiro, PIX e débito);Salão;Receita bruta;Salão;Recebimentos do salão;Dinheiro, PIX e débito;1535,82;2026-04;2026-04
1237;28/04/2026;28/05/2026;28/05/2026;Recebido;Vendas do salão em 28/04/26: cartão de crédito;Operadora da maquininha;Vendas salão (cartão de crédito);Salão;Receita bruta;Salão;Recebimentos do salão;Cartão de crédito;2961,58;2026-04;2026-05
1238;28/04/2026;10/05/2026;11/05/2026;Recebido;Pedidos do iFood em 28/04/26;iFood;Vendas iFood;Delivery;Receita bruta;Delivery (iFood);Repasses do iFood;Repasse do iFood;1512,00;2026-04;2026-05
1239;28/04/2026;28/05/2026;28/05/2026;Pago;Compra de laticínios: NF 48277;Laticínios Vale Serrano;Laticínios;Geral;Custos variáveis;CMV (insumos);Fornecedores (insumos e embalagens);Boleto;-3941,40;2026-04;2026-05
1240;28/04/2026;28/05/2026;28/05/2026;Pago;Compra de hortifrúti: NF 26258;Hortifrúti Bom Plantio;Hortifrúti;Geral;Custos variáveis;CMV (insumos);Fornecedores (insumos e embalagens);Boleto;-664,27;2026-04;2026-05
1241;28/04/2026;28/05/2026;28/05/2026;Pago;Taxa da maquininha sobre as vendas de 28/04/26;Operadora da maquininha;Taxas da maquininha (3%);Salão;Custos variáveis;Taxas de cartão;Recebimentos do salão;Descontada no repasse do cartão;-134,92;2026-04;2026-05
1242;29/04/2026;29/04/2026;29/04/2026;Recebido;Vendas do salão em 29/04/26: dinheiro, PIX e débito;Clientes do salão;Vendas salão (dinheiro, PIX e débito);Salão;Receita bruta;Salão;Recebimentos do salão;Dinheiro, PIX e débito;1788,90;2026-04;2026-04
1243;29/04/2026;29/05/2026;29/05/2026;Recebido;Vendas do salão em 29/04/26: cartão de crédito;Operadora da maquininha;Vendas salão (cartão de crédito);Salão;Receita bruta;Salão;Recebimentos do salão;Cartão de crédito;2549,20;2026-04;2026-05
1244;29/04/2026;10/05/2026;11/05/2026;Recebido;Pedidos do iFood em 29/04/26;iFood;Vendas iFood;Delivery;Receita bruta;Delivery (iFood);Repasses do iFood;Repasse do iFood;1785,32;2026-04;2026-05
1245;29/04/2026;29/05/2026;29/05/2026;Pago;Compra de carnes e aves: NF 25862;Frigorífico Serra Nobre;Carnes e aves;Geral;Custos variáveis;CMV (insumos);Fornecedores (insumos e embalagens);Boleto;-2931,30;2026-04;2026-05
1246;29/04/2026;29/05/2026;29/05/2026;Pago;Compra de bebidas: NF 35442;Adega & Cia Bebidas;Bebidas;Geral;Custos variáveis;CMV (insumos);Fornecedores (insumos e embalagens);Boleto;-3108,05;2026-04;2026-05
1247;29/04/2026;29/05/2026;29/05/2026;Pago;Compra de embalagens de delivery: NF 11485;Pack Mais Embalagens;Embalagens de delivery;Delivery;Custos variáveis;Embalagens do delivery;Fornecedores (insumos e embalagens);Boleto;-930,25;2026-04;2026-05
1248;29/04/2026;29/05/2026;29/05/2026;Pago;Taxa da maquininha sobre as vendas de 29/04/26;Operadora da maquininha;Taxas da maquininha (3%);Salão;Custos variáveis;Taxas de cartão;Recebimentos do salão;Descontada no repasse do cartão;-130,14;2026-04;2026-05
1249;30/04/2026;30/04/2026;30/04/2026;Recebido;Vendas do salão em 30/04/26: dinheiro, PIX e débito;Clientes do salão;Vendas salão (dinheiro, PIX e débito);Salão;Receita bruta;Salão;Recebimentos do salão;Dinheiro, PIX e débito;2103,65;2026-04;2026-04
1250;30/04/2026;30/05/2026;29/05/2026;Recebido;Vendas do salão em 30/04/26: cartão de crédito;Operadora da maquininha;Vendas salão (cartão de crédito);Salão;Receita bruta;Salão;Recebimentos do salão;Cartão de crédito;2971,29;2026-04;2026-05
1251;30/04/2026;10/05/2026;11/05/2026;Recebido;Pedidos do iFood em 30/04/26;iFood;Vendas iFood;Delivery;Receita bruta;Delivery (iFood);Repasses do iFood;Repasse do iFood;1846,42;2026-04;2026-05
1252;30/04/2026;20/05/2026;20/05/2026;Pago;DAS do Simples Nacional, competência abr/26;Receita Federal;Simples Nacional;Geral;Custos variáveis;Simples Nacional;Simples Nacional;Guia DAS;-17440,00;2026-04;2026-05
1253;30/04/2026;30/05/2026;29/05/2026;Pago;Compra de hortifrúti: NF 26324;Hortifrúti Bom Plantio;Hortifrúti;Geral;Custos variáveis;CMV (insumos);Fornecedores (insumos e embalagens);Boleto;-617,18;2026-04;2026-05
1254;30/04/2026;30/05/2026;29/05/2026;Pago;Compra de mercearia: NF 24270;Empório Grão Fino;Mercearia (massas, grãos e secos);Geral;Custos variáveis;CMV (insumos);Fornecedores (insumos e embalagens);Boleto;-4293,87;2026-04;2026-05
1255;30/04/2026;10/05/2026;11/05/2026;Pago;Comissão do iFood (23%) sobre os pedidos de abr/26;iFood;Comissão iFood (23%);Delivery;Custos variáveis;Comissão e taxas iFood;Repasses do iFood;Descontada no repasse do iFood;-11500,00;2026-04;2026-05
1256;30/04/2026;10/05/2026;11/05/2026;Pago;Pagamento online do iFood (3,2%) sobre os pedidos de abr/26;iFood;Pagamento online iFood (3,2%);Delivery;Custos variáveis;Comissão e taxas iFood;Repasses do iFood;Descontada no repasse do iFood;-1600,00;2026-04;2026-05
1257;30/04/2026;30/05/2026;29/05/2026;Pago;Taxa da maquininha sobre as vendas de 30/04/26;Operadora da maquininha;Taxas da maquininha (3%);Salão;Custos variáveis;Taxas de cartão;Recebimentos do salão;Descontada no repasse do cartão;-152,25;2026-04;2026-05
1258;30/04/2026;08/05/2026;08/05/2026;Pago;Salários da cozinha, folha de abr/26;Funcionários da cozinha;Salários da cozinha;Geral;Despesas fixas;Folha e encargos;Folha e encargos;Transferência bancária;-18530,00;2026-04;2026-05
1259;30/04/2026;08/05/2026;08/05/2026;Pago;Salários do salão e da administração, folha de abr/26;Funcionários do salão e da administração;Salários do salão e administração;Geral;Despesas fixas;Folha e encargos;Folha e encargos;Transferência bancária;-21420,00;2026-04;2026-05
1260;30/04/2026;20/05/2026;20/05/2026;Pago;INSS e IRRF retidos dos funcionários, folha de abr/26;Receita Federal;INSS e IRRF retidos;Geral;Despesas fixas;Folha e encargos;Folha e encargos;Guia DCTFWeb;-3890,00;2026-04;2026-05
1261;30/04/2026;20/05/2026;20/05/2026;Pago;FGTS, folha de abr/26;FGTS (Caixa);FGTS;Geral;Despesas fixas;Folha e encargos;Folha e encargos;Guia FGTS Digital;-3507,20;2026-04;2026-05
1262;30/04/2026;08/05/2026;08/05/2026;Pago;Vale-transporte, folha de abr/26;Operadora de vale-transporte;Vale-transporte;Geral;Despesas fixas;Folha e encargos;Folha e encargos;Boleto;-2652,80;2026-04;2026-05
1263;30/04/2026;30/04/2026;30/04/2026;Pago;Pró-labore de Júlia, abr/26;Júlia;Pró-labore;Geral;Despesas fixas;Pró-labore;Pró-labore;PIX;-8000,00;2026-04;2026-04
1264;30/04/2026;30/04/2026;30/04/2026;Pago;Pró-labore de Marco, abr/26;Marco;Pró-labore;Geral;Despesas fixas;Pró-labore;Pró-labore;PIX;-8000,00;2026-04;2026-04
1265;30/04/2026;;;Sem efeito no caixa;Depreciação da reforma do salão (R$ 150 mil em 10 anos), abr/26;;Depreciação da reforma;Geral;Depreciação e juros;Depreciação da reforma;Fora do caixa;;-1250,00;2026-04;
1266;01/05/2026;01/05/2026;01/05/2026;Recebido;Vendas do salão em 01/05/26: dinheiro, PIX e débito;Clientes do salão;Vendas salão (dinheiro, PIX e débito);Salão;Receita bruta;Salão;Recebimentos do salão;Dinheiro, PIX e débito;2924,38;2026-05;2026-05
1267;01/05/2026;01/06/2026;01/06/2026;Recebido;Vendas do salão em 01/05/26: cartão de crédito;Operadora da maquininha;Vendas salão (cartão de crédito);Salão;Receita bruta;Salão;Recebimentos do salão;Cartão de crédito;3542,90;2026-05;2026-06
1268;01/05/2026;10/06/2026;10/06/2026;Recebido;Pedidos do iFood em 01/05/26;iFood;Vendas iFood;Delivery;Receita bruta;Delivery (iFood);Repasses do iFood;Repasse do iFood;2287,28;2026-05;2026-06
1269;01/05/2026;01/06/2026;01/06/2026;Pago;Taxa da maquininha sobre as vendas de 01/05/26;Operadora da maquininha;Taxas da maquininha (3%);Salão;Custos variáveis;Taxas de cartão;Recebimentos do salão;Descontada no repasse do cartão;-194,02;2026-05;2026-06
1270;01/05/2026;01/05/2026;04/05/2026;Pago;Tarifas bancárias, mai/26;Banco Horizonte;Tarifas bancárias;Geral;Despesas fixas;Contabilidade, sistemas e outros;Contabilidade, manutenção e outros;Débito em conta;-60,20;2026-05;2026-05
1271;02/05/2026;02/05/2026;02/05/2026;Recebido;Vendas do salão em 02/05/26: dinheiro, PIX e débito;Clientes do salão;Vendas salão (dinheiro, PIX e débito);Salão;Receita bruta;Salão;Recebimentos do salão;Dinheiro, PIX e débito;3310,04;2026-05;2026-05
1272;02/05/2026;02/06/2026;02/06/2026;Recebido;Vendas do salão em 02/05/26: cartão de crédito;Operadora da maquininha;Vendas salão (cartão de crédito);Salão;Receita bruta;Salão;Recebimentos do salão;Cartão de crédito;5592,29;2026-05;2026-06
1273;02/05/2026;10/06/2026;10/06/2026;Recebido;Pedidos do iFood em 02/05/26;iFood;Vendas iFood;Delivery;Receita bruta;Delivery (iFood);Repasses do iFood;Repasse do iFood;2116,86;2026-05;2026-06
1274;02/05/2026;02/06/2026;02/06/2026;Pago;Compra de hortifrúti: NF 26358;Hortifrúti Bom Plantio;Hortifrúti;Geral;Custos variáveis;CMV (insumos);Fornecedores (insumos e embalagens);Boleto;-619,49;2026-05;2026-06
1275;02/05/2026;02/06/2026;02/06/2026;Pago;Taxa da maquininha sobre as vendas de 02/05/26;Operadora da maquininha;Taxas da maquininha (3%);Salão;Custos variáveis;Taxas de cartão;Recebimentos do salão;Descontada no repasse do cartão;-267,07;2026-05;2026-06
1276;03/05/2026;03/05/2026;03/05/2026;Recebido;Vendas do salão em 03/05/26: dinheiro, PIX e débito;Clientes do salão;Vendas salão (dinheiro, PIX e débito);Salão;Receita bruta;Salão;Recebimentos do salão;Dinheiro, PIX e débito;2752,57;2026-05;2026-05
1277;03/05/2026;03/06/2026;03/06/2026;Recebido;Vendas do salão em 03/05/26: cartão de crédito;Operadora da maquininha;Vendas salão (cartão de crédito);Salão;Receita bruta;Salão;Recebimentos do salão;Cartão de crédito;4921,15;2026-05;2026-06
1278;03/05/2026;10/06/2026;10/06/2026;Recebido;Pedidos do iFood em 03/05/26;iFood;Vendas iFood;Delivery;Receita bruta;Delivery (iFood);Repasses do iFood;Repasse do iFood;2555,74;2026-05;2026-06
1279;03/05/2026;03/06/2026;03/06/2026;Pago;Taxa da maquininha sobre as vendas de 03/05/26;Operadora da maquininha;Taxas da maquininha (3%);Salão;Custos variáveis;Taxas de cartão;Recebimentos do salão;Descontada no repasse do cartão;-230,21;2026-05;2026-06
1280;04/05/2026;04/05/2026;04/05/2026;Pago;Anúncios no Instagram e no Facebook, mai/26;Meta (anúncios);Anúncios em redes sociais;Geral;Despesas fixas;Marketing;Marketing;PIX;-2000,00;2026-05;2026-05
1281;05/05/2026;05/05/2026;05/05/2026;Recebido;Vendas do salão em 05/05/26: dinheiro, PIX e débito;Clientes do salão;Vendas salão (dinheiro, PIX e débito);Salão;Receita bruta;Salão;Recebimentos do salão;Dinheiro, PIX e débito;1620,24;2026-05;2026-05
1282;05/05/2026;05/06/2026;05/06/2026;Recebido;Vendas do salão em 05/05/26: cartão de crédito;Operadora da maquininha;Vendas salão (cartão de crédito);Salão;Receita bruta;Salão;Recebimentos do salão;Cartão de crédito;2778,98;2026-05;2026-06
1283;05/05/2026;10/06/2026;10/06/2026;Recebido;Pedidos do iFood em 05/05/26;iFood;Vendas iFood;Delivery;Receita bruta;Delivery (iFood);Repasses do iFood;Repasse do iFood;1386,37;2026-05;2026-06
1284;05/05/2026;05/06/2026;05/06/2026;Pago;Compra de laticínios: NF 48297;Laticínios Vale Serrano;Laticínios;Geral;Custos variáveis;CMV (insumos);Fornecedores (insumos e embalagens);Boleto;-3177,44;2026-05;2026-06
1285;05/05/2026;05/06/2026;05/06/2026;Pago;Compra de hortifrúti: NF 26428;Hortifrúti Bom Plantio;Hortifrúti;Geral;Custos variáveis;CMV (insumos);Fornecedores (insumos e embalagens);Boleto;-628,06;2026-05;2026-06
1286;05/05/2026;05/06/2026;05/06/2026;Pago;Taxa da maquininha sobre as vendas de 05/05/26;Operadora da maquininha;Taxas da maquininha (3%);Salão;Custos variáveis;Taxas de cartão;Recebimentos do salão;Descontada no repasse do cartão;-131,98;2026-05;2026-06
1287;05/05/2026;05/05/2026;05/05/2026;Pago;Gestão das redes sociais, mai/26;Agência Manjericão Digital;Agência de redes sociais;Geral;Despesas fixas;Marketing;Marketing;Boleto;-2000,00;2026-05;2026-05
1288;05/05/2026;05/05/2026;05/05/2026;Pago;Mensalidade do sistema de PDV e gestão, mai/26;GestPDV Sistemas;Sistema de PDV e gestão;Geral;Despesas fixas;Contabilidade, sistemas e outros;Contabilidade, manutenção e outros;Débito automático;-389,90;2026-05;2026-05
1289;05/05/2026;05/05/2026;05/05/2026;Pago;Limpeza e higienização (contrato), mai/26;Limpa Bem Higienização;Limpeza e higienização;Geral;Despesas fixas;Contabilidade, sistemas e outros;Contabilidade, manutenção e outros;Boleto;-780,00;2026-05;2026-05
1290;06/05/2026;06/05/2026;06/05/2026;Recebido;Vendas do salão em 06/05/26: dinheiro, PIX e débito;Clientes do salão;Vendas salão (dinheiro, PIX e débito);Salão;Receita bruta;Salão;Recebimentos do salão;Dinheiro, PIX e débito;1810,56;2026-05;2026-05
1291;06/05/2026;06/06/2026;08/06/2026;Recebido;Vendas do salão em 06/05/26: cartão de crédito;Operadora da maquininha;Vendas salão (cartão de crédito);Salão;Receita bruta;Salão;Recebimentos do salão;Cartão de crédito;2812,68;2026-05;2026-06
1292;06/05/2026;10/06/2026;10/06/2026;Recebido;Pedidos do iFood em 06/05/26;iFood;Vendas iFood;Delivery;Receita bruta;Delivery (iFood);Repasses do iFood;Repasse do iFood;1694,10;2026-05;2026-06
1293;06/05/2026;06/06/2026;08/06/2026;Pago;Compra de carnes e aves: NF 25931;Frigorífico Serra Nobre;Carnes e aves;Geral;Custos variáveis;CMV (insumos);Fornecedores (insumos e embalagens);Boleto;-3191,33;2026-05;2026-06
1294;06/05/2026;06/06/2026;08/06/2026;Pago;Compra de bebidas: NF 35523;Adega & Cia Bebidas;Bebidas;Geral;Custos variáveis;CMV (insumos);Fornecedores (insumos e embalagens);Boleto;-6104,87;2026-05;2026-06
1295;06/05/2026;06/06/2026;08/06/2026;Pago;Compra de embalagens de delivery: NF 11547;Pack Mais Embalagens;Embalagens de delivery;Delivery;Custos variáveis;Embalagens do delivery;Fornecedores (insumos e embalagens);Boleto;-1440,01;2026-05;2026-06
1296;06/05/2026;06/06/2026;08/06/2026;Pago;Taxa da maquininha sobre as vendas de 06/05/26;Operadora da maquininha;Taxas da maquininha (3%);Salão;Custos variáveis;Taxas de cartão;Recebimentos do salão;Descontada no repasse do cartão;-138,70;2026-05;2026-06
1297;07/05/2026;07/05/2026;07/05/2026;Recebido;Vendas do salão em 07/05/26: dinheiro, PIX e débito;Clientes do salão;Vendas salão (dinheiro, PIX e débito);Salão;Receita bruta;Salão;Recebimentos do salão;Dinheiro, PIX e débito;1983,05;2026-05;2026-05
1298;07/05/2026;07/06/2026;08/06/2026;Recebido;Vendas do salão em 07/05/26: cartão de crédito;Operadora da maquininha;Vendas salão (cartão de crédito);Salão;Receita bruta;Salão;Recebimentos do salão;Cartão de crédito;2681,34;2026-05;2026-06
1299;07/05/2026;10/06/2026;10/06/2026;Recebido;Pedidos do iFood em 07/05/26;iFood;Vendas iFood;Delivery;Receita bruta;Delivery (iFood);Repasses do iFood;Repasse do iFood;1925,27;2026-05;2026-06
1300;07/05/2026;07/06/2026;08/06/2026;Pago;Compra de hortifrúti: NF 26472;Hortifrúti Bom Plantio;Hortifrúti;Geral;Custos variáveis;CMV (insumos);Fornecedores (insumos e embalagens);Boleto;-463,95;2026-05;2026-06
1301;07/05/2026;07/06/2026;08/06/2026;Pago;Compra de mercearia: NF 24334;Empório Grão Fino;Mercearia (massas, grãos e secos);Geral;Custos variáveis;CMV (insumos);Fornecedores (insumos e embalagens);Boleto;-5814,35;2026-05;2026-06
1302;07/05/2026;07/06/2026;08/06/2026;Pago;Taxa da maquininha sobre as vendas de 07/05/26;Operadora da maquininha;Taxas da maquininha (3%);Salão;Custos variáveis;Taxas de cartão;Recebimentos do salão;Descontada no repasse do cartão;-139,93;2026-05;2026-06
1303;08/05/2026;08/05/2026;08/05/2026;Recebido;Vendas do salão em 08/05/26: dinheiro, PIX e débito;Clientes do salão;Vendas salão (dinheiro, PIX e débito);Salão;Receita bruta;Salão;Recebimentos do salão;Dinheiro, PIX e débito;2481,45;2026-05;2026-05
1304;08/05/2026;08/06/2026;08/06/2026;Recebido;Vendas do salão em 08/05/26: cartão de crédito;Operadora da maquininha;Vendas salão (cartão de crédito);Salão;Receita bruta;Salão;Recebimentos do salão;Cartão de crédito;3428,29;2026-05;2026-06
1305;08/05/2026;10/06/2026;10/06/2026;Recebido;Pedidos do iFood em 08/05/26;iFood;Vendas iFood;Delivery;Receita bruta;Delivery (iFood);Repasses do iFood;Repasse do iFood;2062,49;2026-05;2026-06
1306;08/05/2026;08/06/2026;08/06/2026;Pago;Compra de laticínios: NF 48341;Laticínios Vale Serrano;Laticínios;Geral;Custos variáveis;CMV (insumos);Fornecedores (insumos e embalagens);Boleto;-2852,84;2026-05;2026-06
1307;08/05/2026;08/06/2026;08/06/2026;Pago;Taxa da maquininha sobre as vendas de 08/05/26;Operadora da maquininha;Taxas da maquininha (3%);Salão;Custos variáveis;Taxas de cartão;Recebimentos do salão;Descontada no repasse do cartão;-177,29;2026-05;2026-06
1308;08/05/2026;08/05/2026;08/05/2026;Pago;Retirada de Júlia, mai/26;Júlia;Retirada dos sócios;Geral;Fora do DRE;Fora do DRE;Retirada dos sócios;PIX;-6000,00;2026-05;2026-05
1309;08/05/2026;08/05/2026;08/05/2026;Pago;Retirada de Marco, mai/26;Marco;Retirada dos sócios;Geral;Fora do DRE;Fora do DRE;Retirada dos sócios;PIX;-6000,00;2026-05;2026-05
1310;09/05/2026;09/05/2026;09/05/2026;Recebido;Vendas do salão em 09/05/26: dinheiro, PIX e débito;Clientes do salão;Vendas salão (dinheiro, PIX e débito);Salão;Receita bruta;Salão;Recebimentos do salão;Dinheiro, PIX e débito;3679,15;2026-05;2026-05
1311;09/05/2026;09/06/2026;09/06/2026;Recebido;Vendas do salão em 09/05/26: cartão de crédito;Operadora da maquininha;Vendas salão (cartão de crédito);Salão;Receita bruta;Salão;Recebimentos do salão;Cartão de crédito;4982,60;2026-05;2026-06
1312;09/05/2026;10/06/2026;10/06/2026;Recebido;Pedidos do iFood em 09/05/26;iFood;Vendas iFood;Delivery;Receita bruta;Delivery (iFood);Repasses do iFood;Repasse do iFood;2104,63;2026-05;2026-06
1313;09/05/2026;09/06/2026;09/06/2026;Pago;Compra de hortifrúti: NF 26562;Hortifrúti Bom Plantio;Hortifrúti;Geral;Custos variáveis;CMV (insumos);Fornecedores (insumos e embalagens);Boleto;-573,62;2026-05;2026-06
1314;09/05/2026;09/06/2026;09/06/2026;Pago;Taxa da maquininha sobre as vendas de 09/05/26;Operadora da maquininha;Taxas da maquininha (3%);Salão;Custos variáveis;Taxas de cartão;Recebimentos do salão;Descontada no repasse do cartão;-259,85;2026-05;2026-06
1315;10/05/2026;10/05/2026;10/05/2026;Recebido;Vendas do salão em 10/05/26: dinheiro, PIX e débito;Clientes do salão;Vendas salão (dinheiro, PIX e débito);Salão;Receita bruta;Salão;Recebimentos do salão;Dinheiro, PIX e débito;4737,58;2026-05;2026-05
1316;10/05/2026;10/06/2026;10/06/2026;Recebido;Vendas do salão em 10/05/26: cartão de crédito;Operadora da maquininha;Vendas salão (cartão de crédito);Salão;Receita bruta;Salão;Recebimentos do salão;Cartão de crédito;7200,75;2026-05;2026-06
1317;10/05/2026;10/06/2026;10/06/2026;Recebido;Pedidos do iFood em 10/05/26;iFood;Vendas iFood;Delivery;Receita bruta;Delivery (iFood);Repasses do iFood;Repasse do iFood;2445,26;2026-05;2026-06
1318;10/05/2026;10/06/2026;10/06/2026;Pago;Taxa da maquininha sobre as vendas de 10/05/26;Operadora da maquininha;Taxas da maquininha (3%);Salão;Custos variáveis;Taxas de cartão;Recebimentos do salão;Descontada no repasse do cartão;-358,15;2026-05;2026-06
1319;10/05/2026;10/05/2026;11/05/2026;Pago;Aluguel do imóvel, mai/26;Imobiliária Pedra Alta;Aluguel;Geral;Despesas fixas;Aluguel;Aluguel;Boleto;-14000,00;2026-05;2026-05
1320;10/05/2026;10/05/2026;11/05/2026;Pago;Honorários contábeis, mai/26;Escritório Contábil Exato;Contabilidade;Geral;Despesas fixas;Contabilidade, sistemas e outros;Contabilidade, manutenção e outros;Boleto;-1450,00;2026-05;2026-05
1321;12/05/2026;12/05/2026;12/05/2026;Recebido;Vendas do salão em 12/05/26: dinheiro, PIX e débito;Clientes do salão;Vendas salão (dinheiro, PIX e débito);Salão;Receita bruta;Salão;Recebimentos do salão;Dinheiro, PIX e débito;1696,52;2026-05;2026-05
1322;12/05/2026;12/06/2026;12/06/2026;Recebido;Vendas do salão em 12/05/26: cartão de crédito;Operadora da maquininha;Vendas salão (cartão de crédito);Salão;Receita bruta;Salão;Recebimentos do salão;Cartão de crédito;2480,11;2026-05;2026-06
1323;12/05/2026;10/06/2026;10/06/2026;Recebido;Pedidos do iFood em 12/05/26;iFood;Vendas iFood;Delivery;Receita bruta;Delivery (iFood);Repasses do iFood;Repasse do iFood;1416,96;2026-05;2026-06
1324;12/05/2026;12/06/2026;12/06/2026;Pago;Compra de laticínios: NF 48373;Laticínios Vale Serrano;Laticínios;Geral;Custos variáveis;CMV (insumos);Fornecedores (insumos e embalagens);Boleto;-2682,82;2026-05;2026-06
1325;12/05/2026;12/06/2026;12/06/2026;Pago;Compra de hortifrúti: NF 26571;Hortifrúti Bom Plantio;Hortifrúti;Geral;Custos variáveis;CMV (insumos);Fornecedores (insumos e embalagens);Boleto;-497,10;2026-05;2026-06
1326;12/05/2026;12/06/2026;12/06/2026;Pago;Taxa da maquininha sobre as vendas de 12/05/26;Operadora da maquininha;Taxas da maquininha (3%);Salão;Custos variáveis;Taxas de cartão;Recebimentos do salão;Descontada no repasse do cartão;-125,30;2026-05;2026-06
1327;12/05/2026;12/05/2026;12/05/2026;Pago;Conta de água e esgoto, mai/26;Companhia de saneamento;Água e esgoto;Geral;Despesas fixas;Energia, gás e água;Energia, gás e água;Débito automático;-1294,94;2026-05;2026-05
1328;13/05/2026;13/05/2026;13/05/2026;Recebido;Vendas do salão em 13/05/26: dinheiro, PIX e débito;Clientes do salão;Vendas salão (dinheiro, PIX e débito);Salão;Receita bruta;Salão;Recebimentos do salão;Dinheiro, PIX e débito;2069,46;2026-05;2026-05
1329;13/05/2026;13/06/2026;15/06/2026;Recebido;Vendas do salão em 13/05/26: cartão de crédito;Operadora da maquininha;Vendas salão (cartão de crédito);Salão;Receita bruta;Salão;Recebimentos do salão;Cartão de crédito;2376,47;2026-05;2026-06
1330;13/05/2026;10/06/2026;10/06/2026;Recebido;Pedidos do iFood em 13/05/26;iFood;Vendas iFood;Delivery;Receita bruta;Delivery (iFood);Repasses do iFood;Repasse do iFood;1628,46;2026-05;2026-06
1331;13/05/2026;13/06/2026;15/06/2026;Pago;Compra de carnes e aves: NF 26020;Frigorífico Serra Nobre;Carnes e aves;Geral;Custos variáveis;CMV (insumos);Fornecedores (insumos e embalagens);Boleto;-4075,97;2026-05;2026-06
1332;13/05/2026;13/06/2026;15/06/2026;Pago;Taxa da maquininha sobre as vendas de 13/05/26;Operadora da maquininha;Taxas da maquininha (3%);Salão;Custos variáveis;Taxas de cartão;Recebimentos do salão;Descontada no repasse do cartão;-133,38;2026-05;2026-06
1333;13/05/2026;13/05/2026;13/05/2026;Pago;Desentupimento da caixa de gordura;Hidráulica Serra;Manutenção e reparos;Geral;Despesas fixas;Manutenção;Contabilidade, manutenção e outros;PIX;-628,89;2026-05;2026-05
1334;14/05/2026;14/05/2026;14/05/2026;Recebido;Vendas do salão em 14/05/26: dinheiro, PIX e débito;Clientes do salão;Vendas salão (dinheiro, PIX e débito);Salão;Receita bruta;Salão;Recebimentos do salão;Dinheiro, PIX e débito;1931,24;2026-05;2026-05
1335;14/05/2026;14/06/2026;15/06/2026;Recebido;Vendas do salão em 14/05/26: cartão de crédito;Operadora da maquininha;Vendas salão (cartão de crédito);Salão;Receita bruta;Salão;Recebimentos do salão;Cartão de crédito;2860,84;2026-05;2026-06
1336;14/05/2026;10/06/2026;10/06/2026;Recebido;Pedidos do iFood em 14/05/26;iFood;Vendas iFood;Delivery;Receita bruta;Delivery (iFood);Repasses do iFood;Repasse do iFood;1856,04;2026-05;2026-06
1337;14/05/2026;14/06/2026;15/06/2026;Pago;Compra de hortifrúti: NF 26580;Hortifrúti Bom Plantio;Hortifrúti;Geral;Custos variáveis;CMV (insumos);Fornecedores (insumos e embalagens);Boleto;-677,66;2026-05;2026-06
1338;14/05/2026;14/06/2026;15/06/2026;Pago;Taxa da maquininha sobre as vendas de 14/05/26;Operadora da maquininha;Taxas da maquininha (3%);Salão;Custos variáveis;Taxas de cartão;Recebimentos do salão;Descontada no repasse do cartão;-143,76;2026-05;2026-06
1339;15/05/2026;15/05/2026;15/05/2026;Recebido;Vendas do salão em 15/05/26: dinheiro, PIX e débito;Clientes do salão;Vendas salão (dinheiro, PIX e débito);Salão;Receita bruta;Salão;Recebimentos do salão;Dinheiro, PIX e débito;2330,32;2026-05;2026-05
1340;15/05/2026;15/06/2026;15/06/2026;Recebido;Vendas do salão em 15/05/26: cartão de crédito;Operadora da maquininha;Vendas salão (cartão de crédito);Salão;Receita bruta;Salão;Recebimentos do salão;Cartão de crédito;4090,58;2026-05;2026-06
1341;15/05/2026;10/06/2026;10/06/2026;Recebido;Pedidos do iFood em 15/05/26;iFood;Vendas iFood;Delivery;Receita bruta;Delivery (iFood);Repasses do iFood;Repasse do iFood;2007,31;2026-05;2026-06
1342;15/05/2026;15/06/2026;15/06/2026;Pago;Compra de laticínios: NF 48429;Laticínios Vale Serrano;Laticínios;Geral;Custos variáveis;CMV (insumos);Fornecedores (insumos e embalagens);Boleto;-2879,47;2026-05;2026-06
1343;15/05/2026;15/06/2026;15/06/2026;Pago;Taxa da maquininha sobre as vendas de 15/05/26;Operadora da maquininha;Taxas da maquininha (3%);Salão;Custos variáveis;Taxas de cartão;Recebimentos do salão;Descontada no repasse do cartão;-192,63;2026-05;2026-06
1344;15/05/2026;15/05/2026;15/05/2026;Pago;Conta de energia elétrica, mai/26;Distribuidora de energia;Energia elétrica;Geral;Despesas fixas;Energia, gás e água;Energia, gás e água;Débito automático;-4387,99;2026-05;2026-05
1345;15/05/2026;15/05/2026;15/05/2026;Pago;Internet e telefone, mai/26;NetSerra Telecom;Internet e telefone;Geral;Despesas fixas;Contabilidade, sistemas e outros;Contabilidade, manutenção e outros;Débito automático;-249,90;2026-05;2026-05
1346;15/05/2026;15/05/2026;15/05/2026;Pago;Reparo hidráulico na cozinha;Hidráulica Serra;Manutenção e reparos;Geral;Despesas fixas;Manutenção;Contabilidade, manutenção e outros;PIX;-684,69;2026-05;2026-05
1347;15/05/2026;15/05/2026;15/05/2026;Pago;Parcela 5/24 do empréstimo: juros;Banco Horizonte;Juros do empréstimo;Geral;Depreciação e juros;Juros do empréstimo;Parcela do empréstimo;Débito em conta;-2097,00;2026-05;2026-05
1348;15/05/2026;15/05/2026;15/05/2026;Pago;Parcela 5/24 do empréstimo: amortização;Banco Horizonte;Amortização do empréstimo;Geral;Fora do DRE;Fora do DRE;Parcela do empréstimo;Débito em conta;-5503,00;2026-05;2026-05
1349;16/05/2026;16/05/2026;16/05/2026;Recebido;Vendas do salão em 16/05/26: dinheiro, PIX e débito;Clientes do salão;Vendas salão (dinheiro, PIX e débito);Salão;Receita bruta;Salão;Recebimentos do salão;Dinheiro, PIX e débito;2976,73;2026-05;2026-05
1350;16/05/2026;16/06/2026;16/06/2026;Recebido;Vendas do salão em 16/05/26: cartão de crédito;Operadora da maquininha;Vendas salão (cartão de crédito);Salão;Receita bruta;Salão;Recebimentos do salão;Cartão de crédito;5330,98;2026-05;2026-06
1351;16/05/2026;10/06/2026;10/06/2026;Recebido;Pedidos do iFood em 16/05/26;iFood;Vendas iFood;Delivery;Receita bruta;Delivery (iFood);Repasses do iFood;Repasse do iFood;2425,73;2026-05;2026-06
1352;16/05/2026;16/06/2026;16/06/2026;Pago;Compra de hortifrúti: NF 26647;Hortifrúti Bom Plantio;Hortifrúti;Geral;Custos variáveis;CMV (insumos);Fornecedores (insumos e embalagens);Boleto;-634,84;2026-05;2026-06
1353;16/05/2026;16/06/2026;16/06/2026;Pago;Taxa da maquininha sobre as vendas de 16/05/26;Operadora da maquininha;Taxas da maquininha (3%);Salão;Custos variáveis;Taxas de cartão;Recebimentos do salão;Descontada no repasse do cartão;-249,23;2026-05;2026-06
1354;17/05/2026;17/05/2026;17/05/2026;Recebido;Vendas do salão em 17/05/26: dinheiro, PIX e débito;Clientes do salão;Vendas salão (dinheiro, PIX e débito);Salão;Receita bruta;Salão;Recebimentos do salão;Dinheiro, PIX e débito;3676,11;2026-05;2026-05
1355;17/05/2026;17/06/2026;17/06/2026;Recebido;Vendas do salão em 17/05/26: cartão de crédito;Operadora da maquininha;Vendas salão (cartão de crédito);Salão;Receita bruta;Salão;Recebimentos do salão;Cartão de crédito;4538,99;2026-05;2026-06
1356;17/05/2026;10/06/2026;10/06/2026;Recebido;Pedidos do iFood em 17/05/26;iFood;Vendas iFood;Delivery;Receita bruta;Delivery (iFood);Repasses do iFood;Repasse do iFood;2405,20;2026-05;2026-06
1357;17/05/2026;17/06/2026;17/06/2026;Pago;Taxa da maquininha sobre as vendas de 17/05/26;Operadora da maquininha;Taxas da maquininha (3%);Salão;Custos variáveis;Taxas de cartão;Recebimentos do salão;Descontada no repasse do cartão;-246,45;2026-05;2026-06
1358;19/05/2026;19/05/2026;19/05/2026;Recebido;Vendas do salão em 19/05/26: dinheiro, PIX e débito;Clientes do salão;Vendas salão (dinheiro, PIX e débito);Salão;Receita bruta;Salão;Recebimentos do salão;Dinheiro, PIX e débito;1614,31;2026-05;2026-05
1359;19/05/2026;19/06/2026;19/06/2026;Recebido;Vendas do salão em 19/05/26: cartão de crédito;Operadora da maquininha;Vendas salão (cartão de crédito);Salão;Receita bruta;Salão;Recebimentos do salão;Cartão de crédito;2169,77;2026-05;2026-06
1360;19/05/2026;10/06/2026;10/06/2026;Recebido;Pedidos do iFood em 19/05/26;iFood;Vendas iFood;Delivery;Receita bruta;Delivery (iFood);Repasses do iFood;Repasse do iFood;1715,70;2026-05;2026-06
1361;19/05/2026;19/06/2026;19/06/2026;Pago;Compra de laticínios: NF 48489;Laticínios Vale Serrano;Laticínios;Geral;Custos variáveis;CMV (insumos);Fornecedores (insumos e embalagens);Boleto;-2132,47;2026-05;2026-06
1362;19/05/2026;19/06/2026;19/06/2026;Pago;Compra de hortifrúti: NF 26675;Hortifrúti Bom Plantio;Hortifrúti;Geral;Custos variáveis;CMV (insumos);Fornecedores (insumos e embalagens);Boleto;-668,40;2026-05;2026-06
1363;19/05/2026;19/06/2026;19/06/2026;Pago;Taxa da maquininha sobre as vendas de 19/05/26;Operadora da maquininha;Taxas da maquininha (3%);Salão;Custos variáveis;Taxas de cartão;Recebimentos do salão;Descontada no repasse do cartão;-113,52;2026-05;2026-06
1364;20/05/2026;20/05/2026;20/05/2026;Recebido;Vendas do salão em 20/05/26: dinheiro, PIX e débito;Clientes do salão;Vendas salão (dinheiro, PIX e débito);Salão;Receita bruta;Salão;Recebimentos do salão;Dinheiro, PIX e débito;1797,90;2026-05;2026-05
1365;20/05/2026;20/06/2026;22/06/2026;Recebido;Vendas do salão em 20/05/26: cartão de crédito;Operadora da maquininha;Vendas salão (cartão de crédito);Salão;Receita bruta;Salão;Recebimentos do salão;Cartão de crédito;2558,95;2026-05;2026-06
1366;20/05/2026;10/06/2026;10/06/2026;Recebido;Pedidos do iFood em 20/05/26;iFood;Vendas iFood;Delivery;Receita bruta;Delivery (iFood);Repasses do iFood;Repasse do iFood;1741,49;2026-05;2026-06
1367;20/05/2026;20/06/2026;22/06/2026;Pago;Compra de carnes e aves: NF 26095;Frigorífico Serra Nobre;Carnes e aves;Geral;Custos variáveis;CMV (insumos);Fornecedores (insumos e embalagens);Boleto;-2839,19;2026-05;2026-06
1368;20/05/2026;20/06/2026;22/06/2026;Pago;Compra de bebidas: NF 35600;Adega & Cia Bebidas;Bebidas;Geral;Custos variáveis;CMV (insumos);Fornecedores (insumos e embalagens);Boleto;-6186,32;2026-05;2026-06
1369;20/05/2026;20/06/2026;22/06/2026;Pago;Compra de embalagens de delivery: NF 11607;Pack Mais Embalagens;Embalagens de delivery;Delivery;Custos variáveis;Embalagens do delivery;Fornecedores (insumos e embalagens);Boleto;-1309,99;2026-05;2026-06
1370;20/05/2026;20/06/2026;22/06/2026;Pago;Taxa da maquininha sobre as vendas de 20/05/26;Operadora da maquininha;Taxas da maquininha (3%);Salão;Custos variáveis;Taxas de cartão;Recebimentos do salão;Descontada no repasse do cartão;-130,71;2026-05;2026-06
1371;20/05/2026;20/05/2026;20/05/2026;Pago;Gás de cozinha (GLP), mai/26;Gás Chama Azul;Gás;Geral;Despesas fixas;Energia, gás e água;Energia, gás e água;Boleto;-2558,07;2026-05;2026-05
1372;20/05/2026;20/05/2026;20/05/2026;Pago;Controle de pragas (contrato), mai/26;Dedetizadora Sem Praga;Controle de pragas;Geral;Despesas fixas;Contabilidade, sistemas e outros;Contabilidade, manutenção e outros;PIX;-150,00;2026-05;2026-05
1373;21/05/2026;21/05/2026;21/05/2026;Recebido;Vendas do salão em 21/05/26: dinheiro, PIX e débito;Clientes do salão;Vendas salão (dinheiro, PIX e débito);Salão;Receita bruta;Salão;Recebimentos do salão;Dinheiro, PIX e débito;1728,21;2026-05;2026-05
1374;21/05/2026;21/06/2026;22/06/2026;Recebido;Vendas do salão em 21/05/26: cartão de crédito;Operadora da maquininha;Vendas salão (cartão de crédito);Salão;Receita bruta;Salão;Recebimentos do salão;Cartão de crédito;3205,27;2026-05;2026-06
1375;21/05/2026;10/06/2026;10/06/2026;Recebido;Pedidos do iFood em 21/05/26;iFood;Vendas iFood;Delivery;Receita bruta;Delivery (iFood);Repasses do iFood;Repasse do iFood;2040,03;2026-05;2026-06
1376;21/05/2026;21/06/2026;22/06/2026;Pago;Compra de hortifrúti: NF 26726;Hortifrúti Bom Plantio;Hortifrúti;Geral;Custos variáveis;CMV (insumos);Fornecedores (insumos e embalagens);Boleto;-500,70;2026-05;2026-06
1377;21/05/2026;21/06/2026;22/06/2026;Pago;Compra de mercearia: NF 24345;Empório Grão Fino;Mercearia (massas, grãos e secos);Geral;Custos variáveis;CMV (insumos);Fornecedores (insumos e embalagens);Boleto;-7604,20;2026-05;2026-06
1378;21/05/2026;21/06/2026;22/06/2026;Pago;Taxa da maquininha sobre as vendas de 21/05/26;Operadora da maquininha;Taxas da maquininha (3%);Salão;Custos variáveis;Taxas de cartão;Recebimentos do salão;Descontada no repasse do cartão;-148,01;2026-05;2026-06
1379;22/05/2026;22/05/2026;22/05/2026;Recebido;Vendas do salão em 22/05/26: dinheiro, PIX e débito;Clientes do salão;Vendas salão (dinheiro, PIX e débito);Salão;Receita bruta;Salão;Recebimentos do salão;Dinheiro, PIX e débito;2598,44;2026-05;2026-05
1380;22/05/2026;22/06/2026;22/06/2026;Recebido;Vendas do salão em 22/05/26: cartão de crédito;Operadora da maquininha;Vendas salão (cartão de crédito);Salão;Receita bruta;Salão;Recebimentos do salão;Cartão de crédito;3539,42;2026-05;2026-06
1381;22/05/2026;10/06/2026;10/06/2026;Recebido;Pedidos do iFood em 22/05/26;iFood;Vendas iFood;Delivery;Receita bruta;Delivery (iFood);Repasses do iFood;Repasse do iFood;2074,91;2026-05;2026-06
1382;22/05/2026;22/06/2026;22/06/2026;Pago;Compra de laticínios: NF 48554;Laticínios Vale Serrano;Laticínios;Geral;Custos variáveis;CMV (insumos);Fornecedores (insumos e embalagens);Boleto;-2272,60;2026-05;2026-06
1383;22/05/2026;22/06/2026;22/06/2026;Pago;Taxa da maquininha sobre as vendas de 22/05/26;Operadora da maquininha;Taxas da maquininha (3%);Salão;Custos variáveis;Taxas de cartão;Recebimentos do salão;Descontada no repasse do cartão;-184,14;2026-05;2026-06
1384;23/05/2026;23/05/2026;23/05/2026;Recebido;Vendas do salão em 23/05/26: dinheiro, PIX e débito;Clientes do salão;Vendas salão (dinheiro, PIX e débito);Salão;Receita bruta;Salão;Recebimentos do salão;Dinheiro, PIX e débito;3550,01;2026-05;2026-05
1385;23/05/2026;23/06/2026;23/06/2026;Recebido;Vendas do salão em 23/05/26: cartão de crédito;Operadora da maquininha;Vendas salão (cartão de crédito);Salão;Receita bruta;Salão;Recebimentos do salão;Cartão de crédito;5422,95;2026-05;2026-06
1386;23/05/2026;10/06/2026;10/06/2026;Recebido;Pedidos do iFood em 23/05/26;iFood;Vendas iFood;Delivery;Receita bruta;Delivery (iFood);Repasses do iFood;Repasse do iFood;2512,14;2026-05;2026-06
1387;23/05/2026;23/06/2026;23/06/2026;Pago;Compra de hortifrúti: NF 26793;Hortifrúti Bom Plantio;Hortifrúti;Geral;Custos variáveis;CMV (insumos);Fornecedores (insumos e embalagens);Boleto;-489,69;2026-05;2026-06
1388;23/05/2026;23/06/2026;23/06/2026;Pago;Taxa da maquininha sobre as vendas de 23/05/26;Operadora da maquininha;Taxas da maquininha (3%);Salão;Custos variáveis;Taxas de cartão;Recebimentos do salão;Descontada no repasse do cartão;-269,19;2026-05;2026-06
1389;24/05/2026;24/05/2026;24/05/2026;Recebido;Vendas do salão em 24/05/26: dinheiro, PIX e débito;Clientes do salão;Vendas salão (dinheiro, PIX e débito);Salão;Receita bruta;Salão;Recebimentos do salão;Dinheiro, PIX e débito;2609,96;2026-05;2026-05
1390;24/05/2026;24/06/2026;24/06/2026;Recebido;Vendas do salão em 24/05/26: cartão de crédito;Operadora da maquininha;Vendas salão (cartão de crédito);Salão;Receita bruta;Salão;Recebimentos do salão;Cartão de crédito;4802,65;2026-05;2026-06
1391;24/05/2026;10/06/2026;10/06/2026;Recebido;Pedidos do iFood em 24/05/26;iFood;Vendas iFood;Delivery;Receita bruta;Delivery (iFood);Repasses do iFood;Repasse do iFood;2455,99;2026-05;2026-06
1392;24/05/2026;24/06/2026;24/06/2026;Pago;Taxa da maquininha sobre as vendas de 24/05/26;Operadora da maquininha;Taxas da maquininha (3%);Salão;Custos variáveis;Taxas de cartão;Recebimentos do salão;Descontada no repasse do cartão;-222,38;2026-05;2026-06
1393;25/05/2026;25/05/2026;25/05/2026;Pago;Lavanderia de toalhas e uniformes, mai/26;Lavanderia Branco Neve;Lavanderia;Geral;Despesas fixas;Contabilidade, sistemas e outros;Contabilidade, manutenção e outros;PIX;-420,00;2026-05;2026-05
1394;25/05/2026;25/05/2026;25/05/2026;Pago;Recarga de gás do ar-condicionado do salão;Polar Refrigeração;Manutenção e reparos;Geral;Despesas fixas;Manutenção;Contabilidade, manutenção e outros;PIX;-308,42;2026-05;2026-05
1395;26/05/2026;26/05/2026;26/05/2026;Recebido;Vendas do salão em 26/05/26: dinheiro, PIX e débito;Clientes do salão;Vendas salão (dinheiro, PIX e débito);Salão;Receita bruta;Salão;Recebimentos do salão;Dinheiro, PIX e débito;1639,43;2026-05;2026-05
1396;26/05/2026;26/06/2026;26/06/2026;Recebido;Vendas do salão em 26/05/26: cartão de crédito;Operadora da maquininha;Vendas salão (cartão de crédito);Salão;Receita bruta;Salão;Recebimentos do salão;Cartão de crédito;2255,24;2026-05;2026-06
1397;26/05/2026;10/06/2026;10/06/2026;Recebido;Pedidos do iFood em 26/05/26;iFood;Vendas iFood;Delivery;Receita bruta;Delivery (iFood);Repasses do iFood;Repasse do iFood;1722,87;2026-05;2026-06
1398;26/05/2026;26/06/2026;26/06/2026;Pago;Compra de laticínios: NF 48596;Laticínios Vale Serrano;Laticínios;Geral;Custos variáveis;CMV (insumos);Fornecedores (insumos e embalagens);Boleto;-3084,82;2026-05;2026-06
1399;26/05/2026;26/06/2026;26/06/2026;Pago;Compra de hortifrúti: NF 26879;Hortifrúti Bom Plantio;Hortifrúti;Geral;Custos variáveis;CMV (insumos);Fornecedores (insumos e embalagens);Boleto;-535,84;2026-05;2026-06
1400;26/05/2026;26/06/2026;26/06/2026;Pago;Taxa da maquininha sobre as vendas de 26/05/26;Operadora da maquininha;Taxas da maquininha (3%);Salão;Custos variáveis;Taxas de cartão;Recebimentos do salão;Descontada no repasse do cartão;-116,84;2026-05;2026-06
1401;27/05/2026;27/05/2026;27/05/2026;Recebido;Vendas do salão em 27/05/26: dinheiro, PIX e débito;Clientes do salão;Vendas salão (dinheiro, PIX e débito);Salão;Receita bruta;Salão;Recebimentos do salão;Dinheiro, PIX e débito;1638,44;2026-05;2026-05
1402;27/05/2026;27/06/2026;29/06/2026;Recebido;Vendas do salão em 27/05/26: cartão de crédito;Operadora da maquininha;Vendas salão (cartão de crédito);Salão;Receita bruta;Salão;Recebimentos do salão;Cartão de crédito;2531,99;2026-05;2026-06
1403;27/05/2026;10/06/2026;10/06/2026;Recebido;Pedidos do iFood em 27/05/26;iFood;Vendas iFood;Delivery;Receita bruta;Delivery (iFood);Repasses do iFood;Repasse do iFood;1658,33;2026-05;2026-06
1404;27/05/2026;27/06/2026;29/06/2026;Pago;Compra de carnes e aves: NF 26152;Frigorífico Serra Nobre;Carnes e aves;Geral;Custos variáveis;CMV (insumos);Fornecedores (insumos e embalagens);Boleto;-3302,08;2026-05;2026-06
1405;27/05/2026;27/06/2026;29/06/2026;Pago;Taxa da maquininha sobre as vendas de 27/05/26;Operadora da maquininha;Taxas da maquininha (3%);Salão;Custos variáveis;Taxas de cartão;Recebimentos do salão;Descontada no repasse do cartão;-125,11;2026-05;2026-06
1406;28/05/2026;28/05/2026;28/05/2026;Recebido;Vendas do salão em 28/05/26: dinheiro, PIX e débito;Clientes do salão;Vendas salão (dinheiro, PIX e débito);Salão;Receita bruta;Salão;Recebimentos do salão;Dinheiro, PIX e débito;1872,45;2026-05;2026-05
1407;28/05/2026;28/06/2026;29/06/2026;Recebido;Vendas do salão em 28/05/26: cartão de crédito;Operadora da maquininha;Vendas salão (cartão de crédito);Salão;Receita bruta;Salão;Recebimentos do salão;Cartão de crédito;3106,96;2026-05;2026-06
1408;28/05/2026;10/06/2026;10/06/2026;Recebido;Pedidos do iFood em 28/05/26;iFood;Vendas iFood;Delivery;Receita bruta;Delivery (iFood);Repasses do iFood;Repasse do iFood;1924,25;2026-05;2026-06
1409;28/05/2026;28/06/2026;29/06/2026;Pago;Compra de hortifrúti: NF 26929;Hortifrúti Bom Plantio;Hortifrúti;Geral;Custos variáveis;CMV (insumos);Fornecedores (insumos e embalagens);Boleto;-499,16;2026-05;2026-06
1410;28/05/2026;28/06/2026;29/06/2026;Pago;Taxa da maquininha sobre as vendas de 28/05/26;Operadora da maquininha;Taxas da maquininha (3%);Salão;Custos variáveis;Taxas de cartão;Recebimentos do salão;Descontada no repasse do cartão;-149,38;2026-05;2026-06
1411;29/05/2026;29/05/2026;29/05/2026;Recebido;Vendas do salão em 29/05/26: dinheiro, PIX e débito;Clientes do salão;Vendas salão (dinheiro, PIX e débito);Salão;Receita bruta;Salão;Recebimentos do salão;Dinheiro, PIX e débito;2679,26;2026-05;2026-05
1412;29/05/2026;29/06/2026;29/06/2026;Recebido;Vendas do salão em 29/05/26: cartão de crédito;Operadora da maquininha;Vendas salão (cartão de crédito);Salão;Receita bruta;Salão;Recebimentos do salão;Cartão de crédito;3732,19;2026-05;2026-06
1413;29/05/2026;10/06/2026;10/06/2026;Recebido;Pedidos do iFood em 29/05/26;iFood;Vendas iFood;Delivery;Receita bruta;Delivery (iFood);Repasses do iFood;Repasse do iFood;2064,60;2026-05;2026-06
1414;29/05/2026;29/06/2026;29/06/2026;Pago;Compra de laticínios: NF 48641;Laticínios Vale Serrano;Laticínios;Geral;Custos variáveis;CMV (insumos);Fornecedores (insumos e embalagens);Boleto;-2596,72;2026-05;2026-06
1415;29/05/2026;29/06/2026;29/06/2026;Pago;Taxa da maquininha sobre as vendas de 29/05/26;Operadora da maquininha;Taxas da maquininha (3%);Salão;Custos variáveis;Taxas de cartão;Recebimentos do salão;Descontada no repasse do cartão;-192,34;2026-05;2026-06
1416;29/05/2026;29/05/2026;29/05/2026;Pago;Pró-labore de Júlia, mai/26;Júlia;Pró-labore;Geral;Despesas fixas;Pró-labore;Pró-labore;PIX;-8000,00;2026-05;2026-05
1417;29/05/2026;29/05/2026;29/05/2026;Pago;Pró-labore de Marco, mai/26;Marco;Pró-labore;Geral;Despesas fixas;Pró-labore;Pró-labore;PIX;-8000,00;2026-05;2026-05
1418;30/05/2026;30/05/2026;30/05/2026;Recebido;Vendas do salão em 30/05/26: dinheiro, PIX e débito;Clientes do salão;Vendas salão (dinheiro, PIX e débito);Salão;Receita bruta;Salão;Recebimentos do salão;Dinheiro, PIX e débito;3174,98;2026-05;2026-05
1419;30/05/2026;30/06/2026;30/06/2026;Recebido;Vendas do salão em 30/05/26: cartão de crédito;Operadora da maquininha;Vendas salão (cartão de crédito);Salão;Receita bruta;Salão;Recebimentos do salão;Cartão de crédito;5243,47;2026-05;2026-06
1420;30/05/2026;10/06/2026;10/06/2026;Recebido;Pedidos do iFood em 30/05/26;iFood;Vendas iFood;Delivery;Receita bruta;Delivery (iFood);Repasses do iFood;Repasse do iFood;2272,19;2026-05;2026-06
1421;30/05/2026;30/06/2026;30/06/2026;Pago;Compra de hortifrúti: NF 26940;Hortifrúti Bom Plantio;Hortifrúti;Geral;Custos variáveis;CMV (insumos);Fornecedores (insumos e embalagens);Boleto;-674,00;2026-05;2026-06
1422;30/05/2026;30/06/2026;30/06/2026;Pago;Taxa da maquininha sobre as vendas de 30/05/26;Operadora da maquininha;Taxas da maquininha (3%);Salão;Custos variáveis;Taxas de cartão;Recebimentos do salão;Descontada no repasse do cartão;-252,55;2026-05;2026-06
1423;31/05/2026;31/05/2026;31/05/2026;Recebido;Vendas do salão em 31/05/26: dinheiro, PIX e débito;Clientes do salão;Vendas salão (dinheiro, PIX e débito);Salão;Receita bruta;Salão;Recebimentos do salão;Dinheiro, PIX e débito;3117,21;2026-05;2026-05
1424;31/05/2026;30/06/2026;30/06/2026;Recebido;Vendas do salão em 31/05/26: cartão de crédito;Operadora da maquininha;Vendas salão (cartão de crédito);Salão;Receita bruta;Salão;Recebimentos do salão;Cartão de crédito;3812,19;2026-05;2026-06
1425;31/05/2026;10/06/2026;10/06/2026;Recebido;Pedidos do iFood em 31/05/26;iFood;Vendas iFood;Delivery;Receita bruta;Delivery (iFood);Repasses do iFood;Repasse do iFood;2499,80;2026-05;2026-06
1426;31/05/2026;20/06/2026;22/06/2026;Pago;DAS do Simples Nacional, competência mai/26;Receita Federal;Simples Nacional;Geral;Custos variáveis;Simples Nacional;Simples Nacional;Guia DAS;-18000,00;2026-05;2026-06
1427;31/05/2026;10/06/2026;10/06/2026;Pago;Comissão do iFood (23%) sobre os pedidos de mai/26;iFood;Comissão iFood (23%);Delivery;Custos variáveis;Comissão e taxas iFood;Repasses do iFood;Descontada no repasse do iFood;-12650,00;2026-05;2026-06
1428;31/05/2026;10/06/2026;10/06/2026;Pago;Pagamento online do iFood (3,2%) sobre os pedidos de mai/26;iFood;Pagamento online iFood (3,2%);Delivery;Custos variáveis;Comissão e taxas iFood;Repasses do iFood;Descontada no repasse do iFood;-1760,00;2026-05;2026-06
1429;31/05/2026;30/06/2026;30/06/2026;Pago;Taxa da maquininha sobre as vendas de 31/05/26;Operadora da maquininha;Taxas da maquininha (3%);Salão;Custos variáveis;Taxas de cartão;Recebimentos do salão;Descontada no repasse do cartão;-207,88;2026-05;2026-06
1430;31/05/2026;08/06/2026;08/06/2026;Pago;Salários da cozinha, folha de mai/26;Funcionários da cozinha;Salários da cozinha;Geral;Despesas fixas;Folha e encargos;Folha e encargos;Transferência bancária;-18530,00;2026-05;2026-06
1431;31/05/2026;08/06/2026;08/06/2026;Pago;Salários do salão e da administração, folha de mai/26;Funcionários do salão e da administração;Salários do salão e administração;Geral;Despesas fixas;Folha e encargos;Folha e encargos;Transferência bancária;-21420,00;2026-05;2026-06
1432;31/05/2026;20/06/2026;19/06/2026;Pago;INSS e IRRF retidos dos funcionários, folha de mai/26;Receita Federal;INSS e IRRF retidos;Geral;Despesas fixas;Folha e encargos;Folha e encargos;Guia DCTFWeb;-3890,00;2026-05;2026-06
1433;31/05/2026;20/06/2026;19/06/2026;Pago;FGTS, folha de mai/26;FGTS (Caixa);FGTS;Geral;Despesas fixas;Folha e encargos;Folha e encargos;Guia FGTS Digital;-3507,20;2026-05;2026-06
1434;31/05/2026;08/06/2026;08/06/2026;Pago;Vale-transporte, folha de mai/26;Operadora de vale-transporte;Vale-transporte;Geral;Despesas fixas;Folha e encargos;Folha e encargos;Boleto;-2652,80;2026-05;2026-06
1435;31/05/2026;;;Sem efeito no caixa;Depreciação da reforma do salão (R$ 150 mil em 10 anos), mai/26;;Depreciação da reforma;Geral;Depreciação e juros;Depreciação da reforma;Fora do caixa;;-1250,00;2026-05;
1436;01/06/2026;01/06/2026;01/06/2026;Pago;Anúncios no Instagram e no Facebook, jun/26;Meta (anúncios);Anúncios em redes sociais;Geral;Despesas fixas;Marketing;Marketing;PIX;-2000,00;2026-06;2026-06
1437;01/06/2026;01/06/2026;01/06/2026;Pago;Tarifas bancárias, jun/26;Banco Horizonte;Tarifas bancárias;Geral;Despesas fixas;Contabilidade, sistemas e outros;Contabilidade, manutenção e outros;Débito em conta;-60,20;2026-06;2026-06
1438;02/06/2026;02/06/2026;02/06/2026;Recebido;Vendas do salão em 02/06/26: dinheiro, PIX e débito;Clientes do salão;Vendas salão (dinheiro, PIX e débito);Salão;Receita bruta;Salão;Recebimentos do salão;Dinheiro, PIX e débito;1601,81;2026-06;2026-06
1439;02/06/2026;02/07/2026;02/07/2026;Recebido;Vendas do salão em 02/06/26: cartão de crédito;Operadora da maquininha;Vendas salão (cartão de crédito);Salão;Receita bruta;Salão;Recebimentos do salão;Cartão de crédito;2647,26;2026-06;2026-07
1440;02/06/2026;10/07/2026;10/07/2026;Recebido;Pedidos do iFood em 02/06/26;iFood;Vendas iFood;Delivery;Receita bruta;Delivery (iFood);Repasses do iFood;Repasse do iFood;2018,61;2026-06;2026-07
1441;02/06/2026;02/07/2026;02/07/2026;Pago;Compra de laticínios: NF 48712;Laticínios Vale Serrano;Laticínios;Geral;Custos variáveis;CMV (insumos);Fornecedores (insumos e embalagens);Boleto;-3012,72;2026-06;2026-07
1442;02/06/2026;02/07/2026;02/07/2026;Pago;Compra de hortifrúti: NF 27020;Hortifrúti Bom Plantio;Hortifrúti;Geral;Custos variáveis;CMV (insumos);Fornecedores (insumos e embalagens);Boleto;-733,72;2026-06;2026-07
1443;02/06/2026;02/07/2026;02/07/2026;Pago;Taxa da maquininha sobre as vendas de 02/06/26;Operadora da maquininha;Taxas da maquininha (3%);Salão;Custos variáveis;Taxas de cartão;Recebimentos do salão;Descontada no repasse do cartão;-127,47;2026-06;2026-07
1444;03/06/2026;03/06/2026;03/06/2026;Recebido;Vendas do salão em 03/06/26: dinheiro, PIX e débito;Clientes do salão;Vendas salão (dinheiro, PIX e débito);Salão;Receita bruta;Salão;Recebimentos do salão;Dinheiro, PIX e débito;2300,97;2026-06;2026-06
1445;03/06/2026;03/07/2026;03/07/2026;Recebido;Vendas do salão em 03/06/26: cartão de crédito;Operadora da maquininha;Vendas salão (cartão de crédito);Salão;Receita bruta;Salão;Recebimentos do salão;Cartão de crédito;2849,06;2026-06;2026-07
1446;03/06/2026;10/07/2026;10/07/2026;Recebido;Pedidos do iFood em 03/06/26;iFood;Vendas iFood;Delivery;Receita bruta;Delivery (iFood);Repasses do iFood;Repasse do iFood;1936,56;2026-06;2026-07
1447;03/06/2026;03/07/2026;03/07/2026;Pago;Compra de carnes e aves: NF 26206;Frigorífico Serra Nobre;Carnes e aves;Geral;Custos variáveis;CMV (insumos);Fornecedores (insumos e embalagens);Boleto;-3114,65;2026-06;2026-07
1448;03/06/2026;03/07/2026;03/07/2026;Pago;Compra de bebidas: NF 35685;Adega & Cia Bebidas;Bebidas;Geral;Custos variáveis;CMV (insumos);Fornecedores (insumos e embalagens);Boleto;-5876,39;2026-06;2026-07
1449;03/06/2026;03/07/2026;03/07/2026;Pago;Compra de embalagens de delivery: NF 11685;Pack Mais Embalagens;Embalagens de delivery;Delivery;Custos variáveis;Embalagens do delivery;Fornecedores (insumos e embalagens);Boleto;-1467,68;2026-06;2026-07
1450;03/06/2026;03/07/2026;03/07/2026;Pago;Taxa da maquininha sobre as vendas de 03/06/26;Operadora da maquininha;Taxas da maquininha (3%);Salão;Custos variáveis;Taxas de cartão;Recebimentos do salão;Descontada no repasse do cartão;-154,50;2026-06;2026-07
1451;04/06/2026;04/06/2026;04/06/2026;Recebido;Vendas do salão em 04/06/26: dinheiro, PIX e débito;Clientes do salão;Vendas salão (dinheiro, PIX e débito);Salão;Receita bruta;Salão;Recebimentos do salão;Dinheiro, PIX e débito;1751,50;2026-06;2026-06
1452;04/06/2026;04/07/2026;06/07/2026;Recebido;Vendas do salão em 04/06/26: cartão de crédito;Operadora da maquininha;Vendas salão (cartão de crédito);Salão;Receita bruta;Salão;Recebimentos do salão;Cartão de crédito;2965,70;2026-06;2026-07
1453;04/06/2026;10/07/2026;10/07/2026;Recebido;Pedidos do iFood em 04/06/26;iFood;Vendas iFood;Delivery;Receita bruta;Delivery (iFood);Repasses do iFood;Repasse do iFood;2153,86;2026-06;2026-07
1454;04/06/2026;04/07/2026;06/07/2026;Pago;Taxa da maquininha sobre as vendas de 04/06/26;Operadora da maquininha;Taxas da maquininha (3%);Salão;Custos variáveis;Taxas de cartão;Recebimentos do salão;Descontada no repasse do cartão;-141,52;2026-06;2026-07
1455;05/06/2026;05/06/2026;05/06/2026;Recebido;Vendas do salão em 05/06/26: dinheiro, PIX e débito;Clientes do salão;Vendas salão (dinheiro, PIX e débito);Salão;Receita bruta;Salão;Recebimentos do salão;Dinheiro, PIX e débito;3431,95;2026-06;2026-06
1456;05/06/2026;05/07/2026;06/07/2026;Recebido;Vendas do salão em 05/06/26: cartão de crédito;Operadora da maquininha;Vendas salão (cartão de crédito);Salão;Receita bruta;Salão;Recebimentos do salão;Cartão de crédito;4203,82;2026-06;2026-07
1457;05/06/2026;10/07/2026;10/07/2026;Recebido;Pedidos do iFood em 05/06/26;iFood;Vendas iFood;Delivery;Receita bruta;Delivery (iFood);Repasses do iFood;Repasse do iFood;2466,85;2026-06;2026-07
1458;05/06/2026;05/07/2026;06/07/2026;Pago;Compra de laticínios: NF 48799;Laticínios Vale Serrano;Laticínios;Geral;Custos variáveis;CMV (insumos);Fornecedores (insumos e embalagens);Boleto;-2791,46;2026-06;2026-07
1459;05/06/2026;05/07/2026;06/07/2026;Pago;Taxa da maquininha sobre as vendas de 05/06/26;Operadora da maquininha;Taxas da maquininha (3%);Salão;Custos variáveis;Taxas de cartão;Recebimentos do salão;Descontada no repasse do cartão;-229,07;2026-06;2026-07
1460;05/06/2026;05/06/2026;05/06/2026;Pago;Gestão das redes sociais, jun/26;Agência Manjericão Digital;Agência de redes sociais;Geral;Despesas fixas;Marketing;Marketing;Boleto;-2000,00;2026-06;2026-06
1461;05/06/2026;05/06/2026;05/06/2026;Pago;Mensalidade do sistema de PDV e gestão, jun/26;GestPDV Sistemas;Sistema de PDV e gestão;Geral;Despesas fixas;Contabilidade, sistemas e outros;Contabilidade, manutenção e outros;Débito automático;-389,90;2026-06;2026-06
1462;05/06/2026;05/06/2026;05/06/2026;Pago;Limpeza e higienização (contrato), jun/26;Limpa Bem Higienização;Limpeza e higienização;Geral;Despesas fixas;Contabilidade, sistemas e outros;Contabilidade, manutenção e outros;Boleto;-780,00;2026-06;2026-06
1463;06/06/2026;06/06/2026;06/06/2026;Recebido;Vendas do salão em 06/06/26: dinheiro, PIX e débito;Clientes do salão;Vendas salão (dinheiro, PIX e débito);Salão;Receita bruta;Salão;Recebimentos do salão;Dinheiro, PIX e débito;3727,63;2026-06;2026-06
1464;06/06/2026;06/07/2026;06/07/2026;Recebido;Vendas do salão em 06/06/26: cartão de crédito;Operadora da maquininha;Vendas salão (cartão de crédito);Salão;Receita bruta;Salão;Recebimentos do salão;Cartão de crédito;5769,17;2026-06;2026-07
1465;06/06/2026;10/07/2026;10/07/2026;Recebido;Pedidos do iFood em 06/06/26;iFood;Vendas iFood;Delivery;Receita bruta;Delivery (iFood);Repasses do iFood;Repasse do iFood;2661,88;2026-06;2026-07
1466;06/06/2026;06/07/2026;06/07/2026;Pago;Compra de hortifrúti: NF 27066;Hortifrúti Bom Plantio;Hortifrúti;Geral;Custos variáveis;CMV (insumos);Fornecedores (insumos e embalagens);Boleto;-575,69;2026-06;2026-07
1467;06/06/2026;06/07/2026;06/07/2026;Pago;Taxa da maquininha sobre as vendas de 06/06/26;Operadora da maquininha;Taxas da maquininha (3%);Salão;Custos variáveis;Taxas de cartão;Recebimentos do salão;Descontada no repasse do cartão;-284,90;2026-06;2026-07
1468;07/06/2026;07/06/2026;07/06/2026;Recebido;Vendas do salão em 07/06/26: dinheiro, PIX e débito;Clientes do salão;Vendas salão (dinheiro, PIX e débito);Salão;Receita bruta;Salão;Recebimentos do salão;Dinheiro, PIX e débito;3445,43;2026-06;2026-06
1469;07/06/2026;07/07/2026;07/07/2026;Recebido;Vendas do salão em 07/06/26: cartão de crédito;Operadora da maquininha;Vendas salão (cartão de crédito);Salão;Receita bruta;Salão;Recebimentos do salão;Cartão de crédito;5707,25;2026-06;2026-07
1470;07/06/2026;10/07/2026;10/07/2026;Recebido;Pedidos do iFood em 07/06/26;iFood;Vendas iFood;Delivery;Receita bruta;Delivery (iFood);Repasses do iFood;Repasse do iFood;2675,16;2026-06;2026-07
1471;07/06/2026;07/07/2026;07/07/2026;Pago;Taxa da maquininha sobre as vendas de 07/06/26;Operadora da maquininha;Taxas da maquininha (3%);Salão;Custos variáveis;Taxas de cartão;Recebimentos do salão;Descontada no repasse do cartão;-274,58;2026-06;2026-07
1472;08/06/2026;08/06/2026;08/06/2026;Pago;Retirada de Júlia, jun/26;Júlia;Retirada dos sócios;Geral;Fora do DRE;Fora do DRE;Retirada dos sócios;PIX;-6000,00;2026-06;2026-06
1473;08/06/2026;08/06/2026;08/06/2026;Pago;Retirada de Marco, jun/26;Marco;Retirada dos sócios;Geral;Fora do DRE;Fora do DRE;Retirada dos sócios;PIX;-6000,00;2026-06;2026-06
1474;09/06/2026;09/06/2026;09/06/2026;Recebido;Vendas do salão em 09/06/26: dinheiro, PIX e débito;Clientes do salão;Vendas salão (dinheiro, PIX e débito);Salão;Receita bruta;Salão;Recebimentos do salão;Dinheiro, PIX e débito;2023,98;2026-06;2026-06
1475;09/06/2026;09/07/2026;09/07/2026;Recebido;Vendas do salão em 09/06/26: cartão de crédito;Operadora da maquininha;Vendas salão (cartão de crédito);Salão;Receita bruta;Salão;Recebimentos do salão;Cartão de crédito;2736,66;2026-06;2026-07
1476;09/06/2026;10/07/2026;10/07/2026;Recebido;Pedidos do iFood em 09/06/26;iFood;Vendas iFood;Delivery;Receita bruta;Delivery (iFood);Repasses do iFood;Repasse do iFood;1634,29;2026-06;2026-07
1477;09/06/2026;09/07/2026;09/07/2026;Pago;Compra de laticínios: NF 48870;Laticínios Vale Serrano;Laticínios;Geral;Custos variáveis;CMV (insumos);Fornecedores (insumos e embalagens);Boleto;-2684,44;2026-06;2026-07
1478;09/06/2026;09/07/2026;09/07/2026;Pago;Compra de hortifrúti: NF 27081;Hortifrúti Bom Plantio;Hortifrúti;Geral;Custos variáveis;CMV (insumos);Fornecedores (insumos e embalagens);Boleto;-571,21;2026-06;2026-07
1479;09/06/2026;09/07/2026;09/07/2026;Pago;Taxa da maquininha sobre as vendas de 09/06/26;Operadora da maquininha;Taxas da maquininha (3%);Salão;Custos variáveis;Taxas de cartão;Recebimentos do salão;Descontada no repasse do cartão;-142,82;2026-06;2026-07
1480;10/06/2026;10/06/2026;10/06/2026;Recebido;Vendas do salão em 10/06/26: dinheiro, PIX e débito;Clientes do salão;Vendas salão (dinheiro, PIX e débito);Salão;Receita bruta;Salão;Recebimentos do salão;Dinheiro, PIX e débito;1775,94;2026-06;2026-06
1481;10/06/2026;10/07/2026;10/07/2026;Recebido;Vendas do salão em 10/06/26: cartão de crédito;Operadora da maquininha;Vendas salão (cartão de crédito);Salão;Receita bruta;Salão;Recebimentos do salão;Cartão de crédito;2548,20;2026-06;2026-07
1482;10/06/2026;10/07/2026;10/07/2026;Recebido;Pedidos do iFood em 10/06/26;iFood;Vendas iFood;Delivery;Receita bruta;Delivery (iFood);Repasses do iFood;Repasse do iFood;1785,83;2026-06;2026-07
1483;10/06/2026;10/07/2026;10/07/2026;Pago;Compra de carnes e aves: NF 26269;Frigorífico Serra Nobre;Carnes e aves;Geral;Custos variáveis;CMV (insumos);Fornecedores (insumos e embalagens);Boleto;-3067,28;2026-06;2026-07
1484;10/06/2026;10/07/2026;10/07/2026;Pago;Taxa da maquininha sobre as vendas de 10/06/26;Operadora da maquininha;Taxas da maquininha (3%);Salão;Custos variáveis;Taxas de cartão;Recebimentos do salão;Descontada no repasse do cartão;-129,72;2026-06;2026-07
1485;10/06/2026;10/06/2026;10/06/2026;Pago;Aluguel do imóvel, jun/26;Imobiliária Pedra Alta;Aluguel;Geral;Despesas fixas;Aluguel;Aluguel;Boleto;-14000,00;2026-06;2026-06
1486;10/06/2026;10/06/2026;10/06/2026;Pago;Honorários contábeis, jun/26;Escritório Contábil Exato;Contabilidade;Geral;Despesas fixas;Contabilidade, sistemas e outros;Contabilidade, manutenção e outros;Boleto;-1450,00;2026-06;2026-06
1487;11/06/2026;11/06/2026;11/06/2026;Recebido;Vendas do salão em 11/06/26: dinheiro, PIX e débito;Clientes do salão;Vendas salão (dinheiro, PIX e débito);Salão;Receita bruta;Salão;Recebimentos do salão;Dinheiro, PIX e débito;2087,89;2026-06;2026-06
1488;11/06/2026;11/07/2026;13/07/2026;Recebido;Vendas do salão em 11/06/26: cartão de crédito;Operadora da maquininha;Vendas salão (cartão de crédito);Salão;Receita bruta;Salão;Recebimentos do salão;Cartão de crédito;3557,92;2026-06;2026-07
1489;11/06/2026;10/07/2026;10/07/2026;Recebido;Pedidos do iFood em 11/06/26;iFood;Vendas iFood;Delivery;Receita bruta;Delivery (iFood);Repasses do iFood;Repasse do iFood;1742,01;2026-06;2026-07
1490;11/06/2026;11/07/2026;13/07/2026;Pago;Compra de hortifrúti: NF 27096;Hortifrúti Bom Plantio;Hortifrúti;Geral;Custos variáveis;CMV (insumos);Fornecedores (insumos e embalagens);Boleto;-582,03;2026-06;2026-07
1491;11/06/2026;11/07/2026;13/07/2026;Pago;Compra de mercearia: NF 24411;Empório Grão Fino;Mercearia (massas, grãos e secos);Geral;Custos variáveis;CMV (insumos);Fornecedores (insumos e embalagens);Boleto;-7606,21;2026-06;2026-07
1492;11/06/2026;11/07/2026;13/07/2026;Pago;Taxa da maquininha sobre as vendas de 11/06/26;Operadora da maquininha;Taxas da maquininha (3%);Salão;Custos variáveis;Taxas de cartão;Recebimentos do salão;Descontada no repasse do cartão;-169,38;2026-06;2026-07
1493;12/06/2026;12/06/2026;12/06/2026;Recebido;Vendas do salão em 12/06/26: dinheiro, PIX e débito;Clientes do salão;Vendas salão (dinheiro, PIX e débito);Salão;Receita bruta;Salão;Recebimentos do salão;Dinheiro, PIX e débito;3923,20;2026-06;2026-06
1494;12/06/2026;12/07/2026;13/07/2026;Recebido;Vendas do salão em 12/06/26: cartão de crédito;Operadora da maquininha;Vendas salão (cartão de crédito);Salão;Receita bruta;Salão;Recebimentos do salão;Cartão de crédito;5904,37;2026-06;2026-07
1495;12/06/2026;10/07/2026;10/07/2026;Recebido;Pedidos do iFood em 12/06/26;iFood;Vendas iFood;Delivery;Receita bruta;Delivery (iFood);Repasses do iFood;Repasse do iFood;2638,97;2026-06;2026-07
1496;12/06/2026;12/07/2026;13/07/2026;Pago;Compra de laticínios: NF 48940;Laticínios Vale Serrano;Laticínios;Geral;Custos variáveis;CMV (insumos);Fornecedores (insumos e embalagens);Boleto;-2385,28;2026-06;2026-07
1497;12/06/2026;12/07/2026;13/07/2026;Pago;Taxa da maquininha sobre as vendas de 12/06/26;Operadora da maquininha;Taxas da maquininha (3%);Salão;Custos variáveis;Taxas de cartão;Recebimentos do salão;Descontada no repasse do cartão;-294,83;2026-06;2026-07
1498;12/06/2026;12/06/2026;12/06/2026;Pago;Conta de água e esgoto, jun/26;Companhia de saneamento;Água e esgoto;Geral;Despesas fixas;Energia, gás e água;Energia, gás e água;Débito automático;-1186,25;2026-06;2026-06
1499;13/06/2026;13/06/2026;13/06/2026;Recebido;Vendas do salão em 13/06/26: dinheiro, PIX e débito;Clientes do salão;Vendas salão (dinheiro, PIX e débito);Salão;Receita bruta;Salão;Recebimentos do salão;Dinheiro, PIX e débito;4177,43;2026-06;2026-06
1500;13/06/2026;13/07/2026;13/07/2026;Recebido;Vendas do salão em 13/06/26: cartão de crédito;Operadora da maquininha;Vendas salão (cartão de crédito);Salão;Receita bruta;Salão;Recebimentos do salão;Cartão de crédito;5319,34;2026-06;2026-07
1501;13/06/2026;10/07/2026;10/07/2026;Recebido;Pedidos do iFood em 13/06/26;iFood;Vendas iFood;Delivery;Receita bruta;Delivery (iFood);Repasses do iFood;Repasse do iFood;2749,73;2026-06;2026-07
1502;13/06/2026;13/07/2026;13/07/2026;Pago;Compra de hortifrúti: NF 27105;Hortifrúti Bom Plantio;Hortifrúti;Geral;Custos variáveis;CMV (insumos);Fornecedores (insumos e embalagens);Boleto;-692,48;2026-06;2026-07
1503;13/06/2026;13/07/2026;13/07/2026;Pago;Taxa da maquininha sobre as vendas de 13/06/26;Operadora da maquininha;Taxas da maquininha (3%);Salão;Custos variáveis;Taxas de cartão;Recebimentos do salão;Descontada no repasse do cartão;-284,90;2026-06;2026-07
1504;14/06/2026;14/06/2026;14/06/2026;Recebido;Vendas do salão em 14/06/26: dinheiro, PIX e débito;Clientes do salão;Vendas salão (dinheiro, PIX e débito);Salão;Receita bruta;Salão;Recebimentos do salão;Dinheiro, PIX e débito;3079,90;2026-06;2026-06
1505;14/06/2026;14/07/2026;14/07/2026;Recebido;Vendas do salão em 14/06/26: cartão de crédito;Operadora da maquininha;Vendas salão (cartão de crédito);Salão;Receita bruta;Salão;Recebimentos do salão;Cartão de crédito;5859,32;2026-06;2026-07
1506;14/06/2026;10/07/2026;10/07/2026;Recebido;Pedidos do iFood em 14/06/26;iFood;Vendas iFood;Delivery;Receita bruta;Delivery (iFood);Repasses do iFood;Repasse do iFood;2890,27;2026-06;2026-07
1507;14/06/2026;14/07/2026;14/07/2026;Pago;Taxa da maquininha sobre as vendas de 14/06/26;Operadora da maquininha;Taxas da maquininha (3%);Salão;Custos variáveis;Taxas de cartão;Recebimentos do salão;Descontada no repasse do cartão;-268,18;2026-06;2026-07
1508;15/06/2026;15/06/2026;15/06/2026;Pago;Conta de energia elétrica, jun/26;Distribuidora de energia;Energia elétrica;Geral;Despesas fixas;Energia, gás e água;Energia, gás e água;Débito automático;-4461,41;2026-06;2026-06
1509;15/06/2026;15/06/2026;15/06/2026;Pago;Internet e telefone, jun/26;NetSerra Telecom;Internet e telefone;Geral;Despesas fixas;Contabilidade, sistemas e outros;Contabilidade, manutenção e outros;Débito automático;-249,90;2026-06;2026-06
1510;15/06/2026;15/06/2026;15/06/2026;Pago;Conserto do forno combinado;TecForno Assistência Técnica;Manutenção e reparos;Geral;Despesas fixas;Manutenção;Contabilidade, manutenção e outros;PIX;-465,51;2026-06;2026-06
1511;15/06/2026;15/06/2026;15/06/2026;Pago;Parcela 6/24 do empréstimo: juros;Banco Horizonte;Juros do empréstimo;Geral;Depreciação e juros;Juros do empréstimo;Parcela do empréstimo;Débito em conta;-2008,00;2026-06;2026-06
1512;15/06/2026;15/06/2026;15/06/2026;Pago;Parcela 6/24 do empréstimo: amortização;Banco Horizonte;Amortização do empréstimo;Geral;Fora do DRE;Fora do DRE;Parcela do empréstimo;Débito em conta;-5592,00;2026-06;2026-06
1513;16/06/2026;16/06/2026;16/06/2026;Recebido;Vendas do salão em 16/06/26: dinheiro, PIX e débito;Clientes do salão;Vendas salão (dinheiro, PIX e débito);Salão;Receita bruta;Salão;Recebimentos do salão;Dinheiro, PIX e débito;1508,67;2026-06;2026-06
1514;16/06/2026;16/07/2026;16/07/2026;Recebido;Vendas do salão em 16/06/26: cartão de crédito;Operadora da maquininha;Vendas salão (cartão de crédito);Salão;Receita bruta;Salão;Recebimentos do salão;Cartão de crédito;2640,29;2026-06;2026-07
1515;16/06/2026;10/07/2026;10/07/2026;Recebido;Pedidos do iFood em 16/06/26;iFood;Vendas iFood;Delivery;Receita bruta;Delivery (iFood);Repasses do iFood;Repasse do iFood;1811,70;2026-06;2026-07
1516;16/06/2026;16/07/2026;16/07/2026;Pago;Compra de laticínios: NF 48994;Laticínios Vale Serrano;Laticínios;Geral;Custos variáveis;CMV (insumos);Fornecedores (insumos e embalagens);Boleto;-3367,86;2026-06;2026-07
1517;16/06/2026;16/07/2026;16/07/2026;Pago;Compra de hortifrúti: NF 27129;Hortifrúti Bom Plantio;Hortifrúti;Geral;Custos variáveis;CMV (insumos);Fornecedores (insumos e embalagens);Boleto;-630,19;2026-06;2026-07
1518;16/06/2026;16/07/2026;16/07/2026;Pago;Taxa da maquininha sobre as vendas de 16/06/26;Operadora da maquininha;Taxas da maquininha (3%);Salão;Custos variáveis;Taxas de cartão;Recebimentos do salão;Descontada no repasse do cartão;-124,47;2026-06;2026-07
1519;16/06/2026;16/06/2026;16/06/2026;Pago;Conserto de mesas e cadeiras;Marcenaria Pinho Nobre;Manutenção e reparos;Geral;Despesas fixas;Manutenção;Contabilidade, manutenção e outros;PIX;-570,04;2026-06;2026-06
1520;17/06/2026;17/06/2026;17/06/2026;Recebido;Vendas do salão em 17/06/26: dinheiro, PIX e débito;Clientes do salão;Vendas salão (dinheiro, PIX e débito);Salão;Receita bruta;Salão;Recebimentos do salão;Dinheiro, PIX e débito;2103,29;2026-06;2026-06
1521;17/06/2026;17/07/2026;17/07/2026;Recebido;Vendas do salão em 17/06/26: cartão de crédito;Operadora da maquininha;Vendas salão (cartão de crédito);Salão;Receita bruta;Salão;Recebimentos do salão;Cartão de crédito;2640,60;2026-06;2026-07
1522;17/06/2026;10/07/2026;10/07/2026;Recebido;Pedidos do iFood em 17/06/26;iFood;Vendas iFood;Delivery;Receita bruta;Delivery (iFood);Repasses do iFood;Repasse do iFood;1699,08;2026-06;2026-07
1523;17/06/2026;17/07/2026;17/07/2026;Pago;Compra de carnes e aves: NF 26331;Frigorífico Serra Nobre;Carnes e aves;Geral;Custos variáveis;CMV (insumos);Fornecedores (insumos e embalagens);Boleto;-3642,93;2026-06;2026-07
1524;17/06/2026;17/07/2026;17/07/2026;Pago;Compra de bebidas: NF 35721;Adega & Cia Bebidas;Bebidas;Geral;Custos variáveis;CMV (insumos);Fornecedores (insumos e embalagens);Boleto;-6586,70;2026-06;2026-07
1525;17/06/2026;17/07/2026;17/07/2026;Pago;Compra de embalagens de delivery: NF 11770;Pack Mais Embalagens;Embalagens de delivery;Delivery;Custos variáveis;Embalagens do delivery;Fornecedores (insumos e embalagens);Boleto;-1432,32;2026-06;2026-07
1526;17/06/2026;17/07/2026;17/07/2026;Pago;Taxa da maquininha sobre as vendas de 17/06/26;Operadora da maquininha;Taxas da maquininha (3%);Salão;Custos variáveis;Taxas de cartão;Recebimentos do salão;Descontada no repasse do cartão;-142,32;2026-06;2026-07
1527;18/06/2026;18/06/2026;18/06/2026;Recebido;Vendas do salão em 18/06/26: dinheiro, PIX e débito;Clientes do salão;Vendas salão (dinheiro, PIX e débito);Salão;Receita bruta;Salão;Recebimentos do salão;Dinheiro, PIX e débito;1899,73;2026-06;2026-06
1528;18/06/2026;18/07/2026;20/07/2026;Recebido;Vendas do salão em 18/06/26: cartão de crédito;Operadora da maquininha;Vendas salão (cartão de crédito);Salão;Receita bruta;Salão;Recebimentos do salão;Cartão de crédito;2948,95;2026-06;2026-07
1529;18/06/2026;10/07/2026;10/07/2026;Recebido;Pedidos do iFood em 18/06/26;iFood;Vendas iFood;Delivery;Receita bruta;Delivery (iFood);Repasses do iFood;Repasse do iFood;1993,51;2026-06;2026-07
1530;18/06/2026;18/07/2026;20/07/2026;Pago;Compra de hortifrúti: NF 27150;Hortifrúti Bom Plantio;Hortifrúti;Geral;Custos variáveis;CMV (insumos);Fornecedores (insumos e embalagens);Boleto;-546,43;2026-06;2026-07
1531;18/06/2026;18/07/2026;20/07/2026;Pago;Taxa da maquininha sobre as vendas de 18/06/26;Operadora da maquininha;Taxas da maquininha (3%);Salão;Custos variáveis;Taxas de cartão;Recebimentos do salão;Descontada no repasse do cartão;-145,46;2026-06;2026-07
1532;19/06/2026;19/06/2026;19/06/2026;Recebido;Vendas do salão em 19/06/26: dinheiro, PIX e débito;Clientes do salão;Vendas salão (dinheiro, PIX e débito);Salão;Receita bruta;Salão;Recebimentos do salão;Dinheiro, PIX e débito;2749,10;2026-06;2026-06
1533;19/06/2026;19/07/2026;20/07/2026;Recebido;Vendas do salão em 19/06/26: cartão de crédito;Operadora da maquininha;Vendas salão (cartão de crédito);Salão;Receita bruta;Salão;Recebimentos do salão;Cartão de crédito;3768,71;2026-06;2026-07
1534;19/06/2026;10/07/2026;10/07/2026;Recebido;Pedidos do iFood em 19/06/26;iFood;Vendas iFood;Delivery;Receita bruta;Delivery (iFood);Repasses do iFood;Repasse do iFood;2640,56;2026-06;2026-07
1535;19/06/2026;19/07/2026;20/07/2026;Pago;Compra de laticínios: NF 49005;Laticínios Vale Serrano;Laticínios;Geral;Custos variáveis;CMV (insumos);Fornecedores (insumos e embalagens);Boleto;-2965,10;2026-06;2026-07
1536;19/06/2026;19/07/2026;20/07/2026;Pago;Taxa da maquininha sobre as vendas de 19/06/26;Operadora da maquininha;Taxas da maquininha (3%);Salão;Custos variáveis;Taxas de cartão;Recebimentos do salão;Descontada no repasse do cartão;-195,53;2026-06;2026-07
1537;20/06/2026;20/06/2026;20/06/2026;Recebido;Vendas do salão em 20/06/26: dinheiro, PIX e débito;Clientes do salão;Vendas salão (dinheiro, PIX e débito);Salão;Receita bruta;Salão;Recebimentos do salão;Dinheiro, PIX e débito;3531,70;2026-06;2026-06
1538;20/06/2026;20/07/2026;20/07/2026;Recebido;Vendas do salão em 20/06/26: cartão de crédito;Operadora da maquininha;Vendas salão (cartão de crédito);Salão;Receita bruta;Salão;Recebimentos do salão;Cartão de crédito;5660,60;2026-06;2026-07
1539;20/06/2026;10/07/2026;10/07/2026;Recebido;Pedidos do iFood em 20/06/26;iFood;Vendas iFood;Delivery;Receita bruta;Delivery (iFood);Repasses do iFood;Repasse do iFood;3130,99;2026-06;2026-07
1540;20/06/2026;20/07/2026;20/07/2026;Pago;Compra de hortifrúti: NF 27215;Hortifrúti Bom Plantio;Hortifrúti;Geral;Custos variáveis;CMV (insumos);Fornecedores (insumos e embalagens);Boleto;-593,67;2026-06;2026-07
1541;20/06/2026;20/07/2026;20/07/2026;Pago;Taxa da maquininha sobre as vendas de 20/06/26;Operadora da maquininha;Taxas da maquininha (3%);Salão;Custos variáveis;Taxas de cartão;Recebimentos do salão;Descontada no repasse do cartão;-275,77;2026-06;2026-07
1542;20/06/2026;20/06/2026;22/06/2026;Pago;Gás de cozinha (GLP), jun/26;Gás Chama Azul;Gás;Geral;Despesas fixas;Energia, gás e água;Energia, gás e água;Boleto;-2487,34;2026-06;2026-06
1543;20/06/2026;20/06/2026;22/06/2026;Pago;Controle de pragas (contrato), jun/26;Dedetizadora Sem Praga;Controle de pragas;Geral;Despesas fixas;Contabilidade, sistemas e outros;Contabilidade, manutenção e outros;PIX;-150,00;2026-06;2026-06
1544;21/06/2026;21/06/2026;21/06/2026;Recebido;Vendas do salão em 21/06/26: dinheiro, PIX e débito;Clientes do salão;Vendas salão (dinheiro, PIX e débito);Salão;Receita bruta;Salão;Recebimentos do salão;Dinheiro, PIX e débito;3061,76;2026-06;2026-06
1545;21/06/2026;21/07/2026;21/07/2026;Recebido;Vendas do salão em 21/06/26: cartão de crédito;Operadora da maquininha;Vendas salão (cartão de crédito);Salão;Receita bruta;Salão;Recebimentos do salão;Cartão de crédito;5143,80;2026-06;2026-07
1546;21/06/2026;10/07/2026;10/07/2026;Recebido;Pedidos do iFood em 21/06/26;iFood;Vendas iFood;Delivery;Receita bruta;Delivery (iFood);Repasses do iFood;Repasse do iFood;2986,58;2026-06;2026-07
1547;21/06/2026;21/07/2026;21/07/2026;Pago;Taxa da maquininha sobre as vendas de 21/06/26;Operadora da maquininha;Taxas da maquininha (3%);Salão;Custos variáveis;Taxas de cartão;Recebimentos do salão;Descontada no repasse do cartão;-246,17;2026-06;2026-07
1548;23/06/2026;23/06/2026;23/06/2026;Recebido;Vendas do salão em 23/06/26: dinheiro, PIX e débito;Clientes do salão;Vendas salão (dinheiro, PIX e débito);Salão;Receita bruta;Salão;Recebimentos do salão;Dinheiro, PIX e débito;2012,64;2026-06;2026-06
1549;23/06/2026;23/07/2026;23/07/2026;Recebido;Vendas do salão em 23/06/26: cartão de crédito;Operadora da maquininha;Vendas salão (cartão de crédito);Salão;Receita bruta;Salão;Recebimentos do salão;Cartão de crédito;2752,68;2026-06;2026-07
1550;23/06/2026;10/07/2026;10/07/2026;Recebido;Pedidos do iFood em 23/06/26;iFood;Vendas iFood;Delivery;Receita bruta;Delivery (iFood);Repasses do iFood;Repasse do iFood;1955,36;2026-06;2026-07
1551;23/06/2026;23/07/2026;23/07/2026;Pago;Compra de laticínios: NF 49049;Laticínios Vale Serrano;Laticínios;Geral;Custos variáveis;CMV (insumos);Fornecedores (insumos e embalagens);Boleto;-2378,36;2026-06;2026-07
1552;23/06/2026;23/07/2026;23/07/2026;Pago;Compra de hortifrúti: NF 27249;Hortifrúti Bom Plantio;Hortifrúti;Geral;Custos variáveis;CMV (insumos);Fornecedores (insumos e embalagens);Boleto;-784,68;2026-06;2026-07
1553;23/06/2026;23/07/2026;23/07/2026;Pago;Taxa da maquininha sobre as vendas de 23/06/26;Operadora da maquininha;Taxas da maquininha (3%);Salão;Custos variáveis;Taxas de cartão;Recebimentos do salão;Descontada no repasse do cartão;-142,96;2026-06;2026-07
1554;24/06/2026;24/06/2026;24/06/2026;Recebido;Vendas do salão em 24/06/26: dinheiro, PIX e débito;Clientes do salão;Vendas salão (dinheiro, PIX e débito);Salão;Receita bruta;Salão;Recebimentos do salão;Dinheiro, PIX e débito;2290,91;2026-06;2026-06
1555;24/06/2026;24/07/2026;24/07/2026;Recebido;Vendas do salão em 24/06/26: cartão de crédito;Operadora da maquininha;Vendas salão (cartão de crédito);Salão;Receita bruta;Salão;Recebimentos do salão;Cartão de crédito;2839,22;2026-06;2026-07
1556;24/06/2026;10/07/2026;10/07/2026;Recebido;Pedidos do iFood em 24/06/26;iFood;Vendas iFood;Delivery;Receita bruta;Delivery (iFood);Repasses do iFood;Repasse do iFood;2197,62;2026-06;2026-07
1557;24/06/2026;24/07/2026;24/07/2026;Pago;Compra de carnes e aves: NF 26392;Frigorífico Serra Nobre;Carnes e aves;Geral;Custos variáveis;CMV (insumos);Fornecedores (insumos e embalagens);Boleto;-3963,14;2026-06;2026-07
1558;24/06/2026;24/07/2026;24/07/2026;Pago;Taxa da maquininha sobre as vendas de 24/06/26;Operadora da maquininha;Taxas da maquininha (3%);Salão;Custos variáveis;Taxas de cartão;Recebimentos do salão;Descontada no repasse do cartão;-153,90;2026-06;2026-07
1559;24/06/2026;24/06/2026;24/06/2026;Pago;Reparo elétrico no salão;Eletricista Souza;Manutenção e reparos;Geral;Despesas fixas;Manutenção;Contabilidade, manutenção e outros;PIX;-382,45;2026-06;2026-06
1560;25/06/2026;25/06/2026;25/06/2026;Recebido;Vendas do salão em 25/06/26: dinheiro, PIX e débito;Clientes do salão;Vendas salão (dinheiro, PIX e débito);Salão;Receita bruta;Salão;Recebimentos do salão;Dinheiro, PIX e débito;2120,62;2026-06;2026-06
1561;25/06/2026;25/07/2026;27/07/2026;Recebido;Vendas do salão em 25/06/26: cartão de crédito;Operadora da maquininha;Vendas salão (cartão de crédito);Salão;Receita bruta;Salão;Recebimentos do salão;Cartão de crédito;2619,45;2026-06;2026-07
1562;25/06/2026;10/07/2026;10/07/2026;Recebido;Pedidos do iFood em 25/06/26;iFood;Vendas iFood;Delivery;Receita bruta;Delivery (iFood);Repasses do iFood;Repasse do iFood;2242,09;2026-06;2026-07
1563;25/06/2026;25/07/2026;27/07/2026;Pago;Compra de hortifrúti: NF 27308;Hortifrúti Bom Plantio;Hortifrúti;Geral;Custos variáveis;CMV (insumos);Fornecedores (insumos e embalagens);Boleto;-731,88;2026-06;2026-07
1564;25/06/2026;25/07/2026;27/07/2026;Pago;Compra de mercearia: NF 24459;Empório Grão Fino;Mercearia (massas, grãos e secos);Geral;Custos variáveis;CMV (insumos);Fornecedores (insumos e embalagens);Boleto;-6325,55;2026-06;2026-07
1565;25/06/2026;25/07/2026;27/07/2026;Pago;Taxa da maquininha sobre as vendas de 25/06/26;Operadora da maquininha;Taxas da maquininha (3%);Salão;Custos variáveis;Taxas de cartão;Recebimentos do salão;Descontada no repasse do cartão;-142,20;2026-06;2026-07
1566;25/06/2026;25/06/2026;25/06/2026;Pago;Lavanderia de toalhas e uniformes, jun/26;Lavanderia Branco Neve;Lavanderia;Geral;Despesas fixas;Contabilidade, sistemas e outros;Contabilidade, manutenção e outros;PIX;-420,00;2026-06;2026-06
1567;26/06/2026;26/06/2026;26/06/2026;Recebido;Vendas do salão em 26/06/26: dinheiro, PIX e débito;Clientes do salão;Vendas salão (dinheiro, PIX e débito);Salão;Receita bruta;Salão;Recebimentos do salão;Dinheiro, PIX e débito;2875,05;2026-06;2026-06
1568;26/06/2026;26/07/2026;27/07/2026;Recebido;Vendas do salão em 26/06/26: cartão de crédito;Operadora da maquininha;Vendas salão (cartão de crédito);Salão;Receita bruta;Salão;Recebimentos do salão;Cartão de crédito;4438,64;2026-06;2026-07
1569;26/06/2026;10/07/2026;10/07/2026;Recebido;Pedidos do iFood em 26/06/26;iFood;Vendas iFood;Delivery;Receita bruta;Delivery (iFood);Repasses do iFood;Repasse do iFood;2457,29;2026-06;2026-07
1570;26/06/2026;26/07/2026;27/07/2026;Pago;Compra de laticínios: NF 49086;Laticínios Vale Serrano;Laticínios;Geral;Custos variáveis;CMV (insumos);Fornecedores (insumos e embalagens);Boleto;-2693,93;2026-06;2026-07
1571;26/06/2026;26/07/2026;27/07/2026;Pago;Taxa da maquininha sobre as vendas de 26/06/26;Operadora da maquininha;Taxas da maquininha (3%);Salão;Custos variáveis;Taxas de cartão;Recebimentos do salão;Descontada no repasse do cartão;-219,41;2026-06;2026-07
1572;27/06/2026;27/06/2026;27/06/2026;Recebido;Vendas do salão em 27/06/26: dinheiro, PIX e débito;Clientes do salão;Vendas salão (dinheiro, PIX e débito);Salão;Receita bruta;Salão;Recebimentos do salão;Dinheiro, PIX e débito;3654,22;2026-06;2026-06
1573;27/06/2026;27/07/2026;27/07/2026;Recebido;Vendas do salão em 27/06/26: cartão de crédito;Operadora da maquininha;Vendas salão (cartão de crédito);Salão;Receita bruta;Salão;Recebimentos do salão;Cartão de crédito;5862,16;2026-06;2026-07
1574;27/06/2026;10/07/2026;10/07/2026;Recebido;Pedidos do iFood em 27/06/26;iFood;Vendas iFood;Delivery;Receita bruta;Delivery (iFood);Repasses do iFood;Repasse do iFood;2967,45;2026-06;2026-07
1575;27/06/2026;27/07/2026;27/07/2026;Pago;Compra de hortifrúti: NF 27343;Hortifrúti Bom Plantio;Hortifrúti;Geral;Custos variáveis;CMV (insumos);Fornecedores (insumos e embalagens);Boleto;-692,81;2026-06;2026-07
1576;27/06/2026;27/07/2026;27/07/2026;Pago;Taxa da maquininha sobre as vendas de 27/06/26;Operadora da maquininha;Taxas da maquininha (3%);Salão;Custos variáveis;Taxas de cartão;Recebimentos do salão;Descontada no repasse do cartão;-285,49;2026-06;2026-07
1577;28/06/2026;28/06/2026;28/06/2026;Recebido;Vendas do salão em 28/06/26: dinheiro, PIX e débito;Clientes do salão;Vendas salão (dinheiro, PIX e débito);Salão;Receita bruta;Salão;Recebimentos do salão;Dinheiro, PIX e débito;2901,29;2026-06;2026-06
1578;28/06/2026;28/07/2026;28/07/2026;Recebido;Vendas do salão em 28/06/26: cartão de crédito;Operadora da maquininha;Vendas salão (cartão de crédito);Salão;Receita bruta;Salão;Recebimentos do salão;Cartão de crédito;4912,66;2026-06;2026-07
1579;28/06/2026;10/07/2026;10/07/2026;Recebido;Pedidos do iFood em 28/06/26;iFood;Vendas iFood;Delivery;Receita bruta;Delivery (iFood);Repasses do iFood;Repasse do iFood;2711,48;2026-06;2026-07
1580;28/06/2026;28/07/2026;28/07/2026;Pago;Taxa da maquininha sobre as vendas de 28/06/26;Operadora da maquininha;Taxas da maquininha (3%);Salão;Custos variáveis;Taxas de cartão;Recebimentos do salão;Descontada no repasse do cartão;-234,42;2026-06;2026-07
1581;30/06/2026;30/06/2026;30/06/2026;Recebido;Vendas do salão em 30/06/26: dinheiro, PIX e débito;Clientes do salão;Vendas salão (dinheiro, PIX e débito);Salão;Receita bruta;Salão;Recebimentos do salão;Dinheiro, PIX e débito;1963,39;2026-06;2026-06
1582;30/06/2026;30/07/2026;30/07/2026;Recebido;Vendas do salão em 30/06/26: cartão de crédito;Operadora da maquininha;Vendas salão (cartão de crédito);Salão;Receita bruta;Salão;Recebimentos do salão;Cartão de crédito;2704,17;2026-06;2026-07
1583;30/06/2026;10/07/2026;10/07/2026;Recebido;Pedidos do iFood em 30/06/26;iFood;Vendas iFood;Delivery;Receita bruta;Delivery (iFood);Repasses do iFood;Repasse do iFood;1852,27;2026-06;2026-07
1584;30/06/2026;20/07/2026;20/07/2026;Pago;DAS do Simples Nacional, competência jun/26;Receita Federal;Simples Nacional;Geral;Custos variáveis;Simples Nacional;Simples Nacional;Guia DAS;-17840,00;2026-06;2026-07
1585;30/06/2026;30/07/2026;30/07/2026;Pago;Compra de laticínios: NF 49123;Laticínios Vale Serrano;Laticínios;Geral;Custos variáveis;CMV (insumos);Fornecedores (insumos e embalagens);Boleto;-2228,74;2026-06;2026-07
1586;30/06/2026;30/07/2026;30/07/2026;Pago;Compra de hortifrúti: NF 27389;Hortifrúti Bom Plantio;Hortifrúti;Geral;Custos variáveis;CMV (insumos);Fornecedores (insumos e embalagens);Boleto;-536,47;2026-06;2026-07
1587;30/06/2026;10/07/2026;10/07/2026;Pago;Comissão do iFood (23%) sobre os pedidos de jun/26;iFood;Comissão iFood (23%);Delivery;Custos variáveis;Comissão e taxas iFood;Repasses do iFood;Descontada no repasse do iFood;-13340,00;2026-06;2026-07
1588;30/06/2026;10/07/2026;10/07/2026;Pago;Pagamento online do iFood (3,2%) sobre os pedidos de jun/26;iFood;Pagamento online iFood (3,2%);Delivery;Custos variáveis;Comissão e taxas iFood;Repasses do iFood;Descontada no repasse do iFood;-1856,00;2026-06;2026-07
1589;30/06/2026;30/07/2026;30/07/2026;Pago;Taxa da maquininha sobre as vendas de 30/06/26;Operadora da maquininha;Taxas da maquininha (3%);Salão;Custos variáveis;Taxas de cartão;Recebimentos do salão;Descontada no repasse do cartão;-140,03;2026-06;2026-07
1590;30/06/2026;07/07/2026;07/07/2026;Pago;Salários da cozinha, folha de jun/26;Funcionários da cozinha;Salários da cozinha;Geral;Despesas fixas;Folha e encargos;Folha e encargos;Transferência bancária;-18530,00;2026-06;2026-07
1591;30/06/2026;07/07/2026;07/07/2026;Pago;Salários do salão e da administração, folha de jun/26;Funcionários do salão e da administração;Salários do salão e administração;Geral;Despesas fixas;Folha e encargos;Folha e encargos;Transferência bancária;-21420,00;2026-06;2026-07
1592;30/06/2026;20/07/2026;20/07/2026;Pago;INSS e IRRF retidos dos funcionários, folha de jun/26;Receita Federal;INSS e IRRF retidos;Geral;Despesas fixas;Folha e encargos;Folha e encargos;Guia DCTFWeb;-3890,00;2026-06;2026-07
1593;30/06/2026;20/07/2026;20/07/2026;Pago;FGTS, folha de jun/26;FGTS (Caixa);FGTS;Geral;Despesas fixas;Folha e encargos;Folha e encargos;Guia FGTS Digital;-3507,20;2026-06;2026-07
1594;30/06/2026;07/07/2026;07/07/2026;Pago;Vale-transporte, folha de jun/26;Operadora de vale-transporte;Vale-transporte;Geral;Despesas fixas;Folha e encargos;Folha e encargos;Boleto;-2652,80;2026-06;2026-07
1595;30/06/2026;30/06/2026;30/06/2026;Pago;Pró-labore de Júlia, jun/26;Júlia;Pró-labore;Geral;Despesas fixas;Pró-labore;Pró-labore;PIX;-8000,00;2026-06;2026-06
1596;30/06/2026;30/06/2026;30/06/2026;Pago;Pró-labore de Marco, jun/26;Marco;Pró-labore;Geral;Despesas fixas;Pró-labore;Pró-labore;PIX;-8000,00;2026-06;2026-06
1597;30/06/2026;;;Sem efeito no caixa;Depreciação da reforma do salão (R$ 150 mil em 10 anos), jun/26;;Depreciação da reforma;Geral;Depreciação e juros;Depreciação da reforma;Fora do caixa;;-1250,00;2026-06;
1598;01/07/2026;01/07/2026;01/07/2026;Recebido;Vendas do salão em 01/07/26: dinheiro, PIX e débito;Clientes do salão;Vendas salão (dinheiro, PIX e débito);Salão;Receita bruta;Salão;Recebimentos do salão;Dinheiro, PIX e débito;2230,43;2026-07;2026-07
1599;01/07/2026;01/08/2026;03/08/2026;Recebido;Vendas do salão em 01/07/26: cartão de crédito;Operadora da maquininha;Vendas salão (cartão de crédito);Salão;Receita bruta;Salão;Recebimentos do salão;Cartão de crédito;2787,10;2026-07;2026-08
1600;01/07/2026;10/08/2026;10/08/2026;Recebido;Pedidos do iFood em 01/07/26;iFood;Vendas iFood;Delivery;Receita bruta;Delivery (iFood);Repasses do iFood;Repasse do iFood;1765,53;2026-07;2026-08
1601;01/07/2026;01/08/2026;03/08/2026;Pago;Compra de carnes e aves: NF 26436;Frigorífico Serra Nobre;Carnes e aves;Geral;Custos variáveis;CMV (insumos);Fornecedores (insumos e embalagens);Boleto;-3116,99;2026-07;2026-08
1602;01/07/2026;01/08/2026;03/08/2026;Pago;Compra de bebidas: NF 35740;Adega & Cia Bebidas;Bebidas;Geral;Custos variáveis;CMV (insumos);Fornecedores (insumos e embalagens);Boleto;-4532,05;2026-07;2026-08
1603;01/07/2026;01/08/2026;03/08/2026;Pago;Compra de embalagens de delivery: NF 11812;Pack Mais Embalagens;Embalagens de delivery;Delivery;Custos variáveis;Embalagens do delivery;Fornecedores (insumos e embalagens);Boleto;-977,23;2026-07;2026-08
1604;01/07/2026;01/08/2026;03/08/2026;Pago;Taxa da maquininha sobre as vendas de 01/07/26;Operadora da maquininha;Taxas da maquininha (3%);Salão;Custos variáveis;Taxas de cartão;Recebimentos do salão;Descontada no repasse do cartão;-150,53;2026-07;2026-08
1605;01/07/2026;01/07/2026;01/07/2026;Pago;Anúncios no Instagram e no Facebook, jul/26;Meta (anúncios);Anúncios em redes sociais;Geral;Despesas fixas;Marketing;Marketing;PIX;-2000,00;2026-07;2026-07
1606;01/07/2026;01/07/2026;01/07/2026;Pago;Tarifas bancárias, jul/26;Banco Horizonte;Tarifas bancárias;Geral;Despesas fixas;Contabilidade, sistemas e outros;Contabilidade, manutenção e outros;Débito em conta;-60,20;2026-07;2026-07
1607;01/07/2026;01/07/2026;01/07/2026;Pago;Manutenção da máquina de lavar louça;TecForno Assistência Técnica;Manutenção e reparos;Geral;Despesas fixas;Manutenção;Contabilidade, manutenção e outros;PIX;-467,88;2026-07;2026-07
1608;02/07/2026;02/07/2026;02/07/2026;Recebido;Vendas do salão em 02/07/26: dinheiro, PIX e débito;Clientes do salão;Vendas salão (dinheiro, PIX e débito);Salão;Receita bruta;Salão;Recebimentos do salão;Dinheiro, PIX e débito;2221,08;2026-07;2026-07
1609;02/07/2026;02/08/2026;03/08/2026;Recebido;Vendas do salão em 02/07/26: cartão de crédito;Operadora da maquininha;Vendas salão (cartão de crédito);Salão;Receita bruta;Salão;Recebimentos do salão;Cartão de crédito;3352,12;2026-07;2026-08
1610;02/07/2026;10/08/2026;10/08/2026;Recebido;Pedidos do iFood em 02/07/26;iFood;Vendas iFood;Delivery;Receita bruta;Delivery (iFood);Repasses do iFood;Repasse do iFood;2048,11;2026-07;2026-08
1611;02/07/2026;02/08/2026;03/08/2026;Pago;Compra de hortifrúti: NF 27418;Hortifrúti Bom Plantio;Hortifrúti;Geral;Custos variáveis;CMV (insumos);Fornecedores (insumos e embalagens);Boleto;-540,47;2026-07;2026-08
1612;02/07/2026;02/08/2026;03/08/2026;Pago;Compra de mercearia: NF 24534;Empório Grão Fino;Mercearia (massas, grãos e secos);Geral;Custos variáveis;CMV (insumos);Fornecedores (insumos e embalagens);Boleto;-4409,09;2026-07;2026-08
1613;02/07/2026;02/08/2026;03/08/2026;Pago;Taxa da maquininha sobre as vendas de 02/07/26;Operadora da maquininha;Taxas da maquininha (3%);Salão;Custos variáveis;Taxas de cartão;Recebimentos do salão;Descontada no repasse do cartão;-167,20;2026-07;2026-08
1614;03/07/2026;03/07/2026;03/07/2026;Recebido;Vendas do salão em 03/07/26: dinheiro, PIX e débito;Clientes do salão;Vendas salão (dinheiro, PIX e débito);Salão;Receita bruta;Salão;Recebimentos do salão;Dinheiro, PIX e débito;2998,21;2026-07;2026-07
1615;03/07/2026;03/08/2026;03/08/2026;Recebido;Vendas do salão em 03/07/26: cartão de crédito;Operadora da maquininha;Vendas salão (cartão de crédito);Salão;Receita bruta;Salão;Recebimentos do salão;Cartão de crédito;4155,04;2026-07;2026-08
1616;03/07/2026;10/08/2026;10/08/2026;Recebido;Pedidos do iFood em 03/07/26;iFood;Vendas iFood;Delivery;Receita bruta;Delivery (iFood);Repasses do iFood;Repasse do iFood;2979,64;2026-07;2026-08
1617;03/07/2026;03/08/2026;03/08/2026;Pago;Compra de laticínios: NF 49190;Laticínios Vale Serrano;Laticínios;Geral;Custos variáveis;CMV (insumos);Fornecedores (insumos e embalagens);Boleto;-3346,63;2026-07;2026-08
1618;03/07/2026;03/08/2026;03/08/2026;Pago;Taxa da maquininha sobre as vendas de 03/07/26;Operadora da maquininha;Taxas da maquininha (3%);Salão;Custos variáveis;Taxas de cartão;Recebimentos do salão;Descontada no repasse do cartão;-214,60;2026-07;2026-08
1619;04/07/2026;04/07/2026;04/07/2026;Recebido;Vendas do salão em 04/07/26: dinheiro, PIX e débito;Clientes do salão;Vendas salão (dinheiro, PIX e débito);Salão;Receita bruta;Salão;Recebimentos do salão;Dinheiro, PIX e débito;3586,76;2026-07;2026-07
1620;04/07/2026;04/08/2026;04/08/2026;Recebido;Vendas do salão em 04/07/26: cartão de crédito;Operadora da maquininha;Vendas salão (cartão de crédito);Salão;Receita bruta;Salão;Recebimentos do salão;Cartão de crédito;4885,14;2026-07;2026-08
1621;04/07/2026;10/08/2026;10/08/2026;Recebido;Pedidos do iFood em 04/07/26;iFood;Vendas iFood;Delivery;Receita bruta;Delivery (iFood);Repasses do iFood;Repasse do iFood;2733,14;2026-07;2026-08
1622;04/07/2026;04/08/2026;04/08/2026;Pago;Compra de hortifrúti: NF 27486;Hortifrúti Bom Plantio;Hortifrúti;Geral;Custos variáveis;CMV (insumos);Fornecedores (insumos e embalagens);Boleto;-556,37;2026-07;2026-08
1623;04/07/2026;04/08/2026;04/08/2026;Pago;Taxa da maquininha sobre as vendas de 04/07/26;Operadora da maquininha;Taxas da maquininha (3%);Salão;Custos variáveis;Taxas de cartão;Recebimentos do salão;Descontada no repasse do cartão;-254,16;2026-07;2026-08
1624;05/07/2026;05/07/2026;05/07/2026;Recebido;Vendas do salão em 05/07/26: dinheiro, PIX e débito;Clientes do salão;Vendas salão (dinheiro, PIX e débito);Salão;Receita bruta;Salão;Recebimentos do salão;Dinheiro, PIX e débito;2935,50;2026-07;2026-07
1625;05/07/2026;05/08/2026;05/08/2026;Recebido;Vendas do salão em 05/07/26: cartão de crédito;Operadora da maquininha;Vendas salão (cartão de crédito);Salão;Receita bruta;Salão;Recebimentos do salão;Cartão de crédito;4947,27;2026-07;2026-08
1626;05/07/2026;10/08/2026;10/08/2026;Recebido;Pedidos do iFood em 05/07/26;iFood;Vendas iFood;Delivery;Receita bruta;Delivery (iFood);Repasses do iFood;Repasse do iFood;2807,52;2026-07;2026-08
1627;05/07/2026;05/08/2026;05/08/2026;Pago;Taxa da maquininha sobre as vendas de 05/07/26;Operadora da maquininha;Taxas da maquininha (3%);Salão;Custos variáveis;Taxas de cartão;Recebimentos do salão;Descontada no repasse do cartão;-236,48;2026-07;2026-08
1628;05/07/2026;05/07/2026;06/07/2026;Pago;Gestão das redes sociais, jul/26;Agência Manjericão Digital;Agência de redes sociais;Geral;Despesas fixas;Marketing;Marketing;Boleto;-2000,00;2026-07;2026-07
1629;05/07/2026;05/07/2026;06/07/2026;Pago;Mensalidade do sistema de PDV e gestão, jul/26;GestPDV Sistemas;Sistema de PDV e gestão;Geral;Despesas fixas;Contabilidade, sistemas e outros;Contabilidade, manutenção e outros;Débito automático;-389,90;2026-07;2026-07
1630;05/07/2026;05/07/2026;06/07/2026;Pago;Limpeza e higienização (contrato), jul/26;Limpa Bem Higienização;Limpeza e higienização;Geral;Despesas fixas;Contabilidade, sistemas e outros;Contabilidade, manutenção e outros;Boleto;-780,00;2026-07;2026-07
1631;07/07/2026;07/07/2026;07/07/2026;Recebido;Vendas do salão em 07/07/26: dinheiro, PIX e débito;Clientes do salão;Vendas salão (dinheiro, PIX e débito);Salão;Receita bruta;Salão;Recebimentos do salão;Dinheiro, PIX e débito;1624,32;2026-07;2026-07
1632;07/07/2026;07/08/2026;07/08/2026;Recebido;Vendas do salão em 07/07/26: cartão de crédito;Operadora da maquininha;Vendas salão (cartão de crédito);Salão;Receita bruta;Salão;Recebimentos do salão;Cartão de crédito;2185,13;2026-07;2026-08
1633;07/07/2026;10/08/2026;10/08/2026;Recebido;Pedidos do iFood em 07/07/26;iFood;Vendas iFood;Delivery;Receita bruta;Delivery (iFood);Repasses do iFood;Repasse do iFood;1832,86;2026-07;2026-08
1634;07/07/2026;07/08/2026;07/08/2026;Pago;Compra de laticínios: NF 49254;Laticínios Vale Serrano;Laticínios;Geral;Custos variáveis;CMV (insumos);Fornecedores (insumos e embalagens);Boleto;-2443,40;2026-07;2026-08
1635;07/07/2026;07/08/2026;07/08/2026;Pago;Compra de hortifrúti: NF 27559;Hortifrúti Bom Plantio;Hortifrúti;Geral;Custos variáveis;CMV (insumos);Fornecedores (insumos e embalagens);Boleto;-657,98;2026-07;2026-08
1636;07/07/2026;07/08/2026;07/08/2026;Pago;Taxa da maquininha sobre as vendas de 07/07/26;Operadora da maquininha;Taxas da maquininha (3%);Salão;Custos variáveis;Taxas de cartão;Recebimentos do salão;Descontada no repasse do cartão;-114,28;2026-07;2026-08
1637;07/07/2026;07/07/2026;07/07/2026;Pago;Retirada de Júlia, jul/26;Júlia;Retirada dos sócios;Geral;Fora do DRE;Fora do DRE;Retirada dos sócios;PIX;-6000,00;2026-07;2026-07
1638;07/07/2026;07/07/2026;07/07/2026;Pago;Retirada de Marco, jul/26;Marco;Retirada dos sócios;Geral;Fora do DRE;Fora do DRE;Retirada dos sócios;PIX;-6000,00;2026-07;2026-07
1639;08/07/2026;08/07/2026;08/07/2026;Recebido;Vendas do salão em 08/07/26: dinheiro, PIX e débito;Clientes do salão;Vendas salão (dinheiro, PIX e débito);Salão;Receita bruta;Salão;Recebimentos do salão;Dinheiro, PIX e débito;1699,27;2026-07;2026-07
1640;08/07/2026;08/08/2026;10/08/2026;Recebido;Vendas do salão em 08/07/26: cartão de crédito;Operadora da maquininha;Vendas salão (cartão de crédito);Salão;Receita bruta;Salão;Recebimentos do salão;Cartão de crédito;2669,63;2026-07;2026-08
1641;08/07/2026;10/08/2026;10/08/2026;Recebido;Pedidos do iFood em 08/07/26;iFood;Vendas iFood;Delivery;Receita bruta;Delivery (iFood);Repasses do iFood;Repasse do iFood;2020,31;2026-07;2026-08
1642;08/07/2026;08/08/2026;10/08/2026;Pago;Compra de carnes e aves: NF 26489;Frigorífico Serra Nobre;Carnes e aves;Geral;Custos variáveis;CMV (insumos);Fornecedores (insumos e embalagens);Boleto;-3085,48;2026-07;2026-08
1643;08/07/2026;08/08/2026;10/08/2026;Pago;Taxa da maquininha sobre as vendas de 08/07/26;Operadora da maquininha;Taxas da maquininha (3%);Salão;Custos variáveis;Taxas de cartão;Recebimentos do salão;Descontada no repasse do cartão;-131,07;2026-07;2026-08
1644;09/07/2026;09/07/2026;09/07/2026;Recebido;Vendas do salão em 09/07/26: dinheiro, PIX e débito;Clientes do salão;Vendas salão (dinheiro, PIX e débito);Salão;Receita bruta;Salão;Recebimentos do salão;Dinheiro, PIX e débito;1596,33;2026-07;2026-07
1645;09/07/2026;09/08/2026;10/08/2026;Recebido;Vendas do salão em 09/07/26: cartão de crédito;Operadora da maquininha;Vendas salão (cartão de crédito);Salão;Receita bruta;Salão;Recebimentos do salão;Cartão de crédito;3012,98;2026-07;2026-08
1646;09/07/2026;10/08/2026;10/08/2026;Recebido;Pedidos do iFood em 09/07/26;iFood;Vendas iFood;Delivery;Receita bruta;Delivery (iFood);Repasses do iFood;Repasse do iFood;2224,11;2026-07;2026-08
1647;09/07/2026;09/08/2026;10/08/2026;Pago;Compra de hortifrúti: NF 27592;Hortifrúti Bom Plantio;Hortifrúti;Geral;Custos variáveis;CMV (insumos);Fornecedores (insumos e embalagens);Boleto;-595,56;2026-07;2026-08
1648;09/07/2026;09/08/2026;10/08/2026;Pago;Taxa da maquininha sobre as vendas de 09/07/26;Operadora da maquininha;Taxas da maquininha (3%);Salão;Custos variáveis;Taxas de cartão;Recebimentos do salão;Descontada no repasse do cartão;-138,28;2026-07;2026-08
1649;10/07/2026;10/07/2026;10/07/2026;Recebido;Vendas do salão em 10/07/26: dinheiro, PIX e débito;Clientes do salão;Vendas salão (dinheiro, PIX e débito);Salão;Receita bruta;Salão;Recebimentos do salão;Dinheiro, PIX e débito;3025,58;2026-07;2026-07
1650;10/07/2026;10/08/2026;10/08/2026;Recebido;Vendas do salão em 10/07/26: cartão de crédito;Operadora da maquininha;Vendas salão (cartão de crédito);Salão;Receita bruta;Salão;Recebimentos do salão;Cartão de crédito;4223,51;2026-07;2026-08
1651;10/07/2026;10/08/2026;10/08/2026;Recebido;Pedidos do iFood em 10/07/26;iFood;Vendas iFood;Delivery;Receita bruta;Delivery (iFood);Repasses do iFood;Repasse do iFood;2490,64;2026-07;2026-08
1652;10/07/2026;10/08/2026;10/08/2026;Pago;Compra de laticínios: NF 49283;Laticínios Vale Serrano;Laticínios;Geral;Custos variáveis;CMV (insumos);Fornecedores (insumos e embalagens);Boleto;-2656,87;2026-07;2026-08
1653;10/07/2026;10/08/2026;10/08/2026;Pago;Taxa da maquininha sobre as vendas de 10/07/26;Operadora da maquininha;Taxas da maquininha (3%);Salão;Custos variáveis;Taxas de cartão;Recebimentos do salão;Descontada no repasse do cartão;-217,47;2026-07;2026-08
1654;10/07/2026;10/07/2026;10/07/2026;Pago;Aluguel do imóvel, jul/26;Imobiliária Pedra Alta;Aluguel;Geral;Despesas fixas;Aluguel;Aluguel;Boleto;-14000,00;2026-07;2026-07
1655;10/07/2026;10/07/2026;10/07/2026;Pago;Honorários contábeis, jul/26;Escritório Contábil Exato;Contabilidade;Geral;Despesas fixas;Contabilidade, sistemas e outros;Contabilidade, manutenção e outros;Boleto;-1450,00;2026-07;2026-07
1656;11/07/2026;11/07/2026;11/07/2026;Recebido;Vendas do salão em 11/07/26: dinheiro, PIX e débito;Clientes do salão;Vendas salão (dinheiro, PIX e débito);Salão;Receita bruta;Salão;Recebimentos do salão;Dinheiro, PIX e débito;3317,53;2026-07;2026-07
1657;11/07/2026;11/08/2026;11/08/2026;Recebido;Vendas do salão em 11/07/26: cartão de crédito;Operadora da maquininha;Vendas salão (cartão de crédito);Salão;Receita bruta;Salão;Recebimentos do salão;Cartão de crédito;5416,72;2026-07;2026-08
1658;11/07/2026;10/08/2026;10/08/2026;Recebido;Pedidos do iFood em 11/07/26;iFood;Vendas iFood;Delivery;Receita bruta;Delivery (iFood);Repasses do iFood;Repasse do iFood;2778,87;2026-07;2026-08
1659;11/07/2026;11/08/2026;11/08/2026;Pago;Compra de hortifrúti: NF 27624;Hortifrúti Bom Plantio;Hortifrúti;Geral;Custos variáveis;CMV (insumos);Fornecedores (insumos e embalagens);Boleto;-712,72;2026-07;2026-08
1660;11/07/2026;11/08/2026;11/08/2026;Pago;Taxa da maquininha sobre as vendas de 11/07/26;Operadora da maquininha;Taxas da maquininha (3%);Salão;Custos variáveis;Taxas de cartão;Recebimentos do salão;Descontada no repasse do cartão;-262,03;2026-07;2026-08
1661;12/07/2026;12/07/2026;12/07/2026;Recebido;Vendas do salão em 12/07/26: dinheiro, PIX e débito;Clientes do salão;Vendas salão (dinheiro, PIX e débito);Salão;Receita bruta;Salão;Recebimentos do salão;Dinheiro, PIX e débito;3604,75;2026-07;2026-07
1662;12/07/2026;12/08/2026;12/08/2026;Recebido;Vendas do salão em 12/07/26: cartão de crédito;Operadora da maquininha;Vendas salão (cartão de crédito);Salão;Receita bruta;Salão;Recebimentos do salão;Cartão de crédito;5995,75;2026-07;2026-08
1663;12/07/2026;10/08/2026;10/08/2026;Recebido;Pedidos do iFood em 12/07/26;iFood;Vendas iFood;Delivery;Receita bruta;Delivery (iFood);Repasses do iFood;Repasse do iFood;2510,65;2026-07;2026-08
1664;12/07/2026;12/08/2026;12/08/2026;Pago;Taxa da maquininha sobre as vendas de 12/07/26;Operadora da maquininha;Taxas da maquininha (3%);Salão;Custos variáveis;Taxas de cartão;Recebimentos do salão;Descontada no repasse do cartão;-288,01;2026-07;2026-08
1665;12/07/2026;12/07/2026;13/07/2026;Pago;Conta de água e esgoto, jul/26;Companhia de saneamento;Água e esgoto;Geral;Despesas fixas;Energia, gás e água;Energia, gás e água;Débito automático;-1183,92;2026-07;2026-07
1666;14/07/2026;14/07/2026;14/07/2026;Recebido;Vendas do salão em 14/07/26: dinheiro, PIX e débito;Clientes do salão;Vendas salão (dinheiro, PIX e débito);Salão;Receita bruta;Salão;Recebimentos do salão;Dinheiro, PIX e débito;1524,93;2026-07;2026-07
1667;14/07/2026;14/08/2026;14/08/2026;Recebido;Vendas do salão em 14/07/26: cartão de crédito;Operadora da maquininha;Vendas salão (cartão de crédito);Salão;Receita bruta;Salão;Recebimentos do salão;Cartão de crédito;2392,39;2026-07;2026-08
1668;14/07/2026;10/08/2026;10/08/2026;Recebido;Pedidos do iFood em 14/07/26;iFood;Vendas iFood;Delivery;Receita bruta;Delivery (iFood);Repasses do iFood;Repasse do iFood;1621,35;2026-07;2026-08
1669;14/07/2026;14/08/2026;14/08/2026;Pago;Compra de laticínios: NF 49318;Laticínios Vale Serrano;Laticínios;Geral;Custos variáveis;CMV (insumos);Fornecedores (insumos e embalagens);Boleto;-3407,75;2026-07;2026-08
1670;14/07/2026;14/08/2026;14/08/2026;Pago;Compra de hortifrúti: NF 27709;Hortifrúti Bom Plantio;Hortifrúti;Geral;Custos variáveis;CMV (insumos);Fornecedores (insumos e embalagens);Boleto;-545,64;2026-07;2026-08
1671;14/07/2026;14/08/2026;14/08/2026;Pago;Taxa da maquininha sobre as vendas de 14/07/26;Operadora da maquininha;Taxas da maquininha (3%);Salão;Custos variáveis;Taxas de cartão;Recebimentos do salão;Descontada no repasse do cartão;-117,52;2026-07;2026-08
1672;15/07/2026;15/07/2026;15/07/2026;Recebido;Vendas do salão em 15/07/26: dinheiro, PIX e débito;Clientes do salão;Vendas salão (dinheiro, PIX e débito);Salão;Receita bruta;Salão;Recebimentos do salão;Dinheiro, PIX e débito;1864,27;2026-07;2026-07
1673;15/07/2026;15/08/2026;17/08/2026;Recebido;Vendas do salão em 15/07/26: cartão de crédito;Operadora da maquininha;Vendas salão (cartão de crédito);Salão;Receita bruta;Salão;Recebimentos do salão;Cartão de crédito;3027,10;2026-07;2026-08
1674;15/07/2026;10/08/2026;10/08/2026;Recebido;Pedidos do iFood em 15/07/26;iFood;Vendas iFood;Delivery;Receita bruta;Delivery (iFood);Repasses do iFood;Repasse do iFood;2212,36;2026-07;2026-08
1675;15/07/2026;15/08/2026;17/08/2026;Pago;Compra de carnes e aves: NF 26566;Frigorífico Serra Nobre;Carnes e aves;Geral;Custos variáveis;CMV (insumos);Fornecedores (insumos e embalagens);Boleto;-2914,39;2026-07;2026-08
1676;15/07/2026;15/08/2026;17/08/2026;Pago;Compra de bebidas: NF 35773;Adega & Cia Bebidas;Bebidas;Geral;Custos variáveis;CMV (insumos);Fornecedores (insumos e embalagens);Boleto;-4017,70;2026-07;2026-08
1677;15/07/2026;15/08/2026;17/08/2026;Pago;Compra de embalagens de delivery: NF 11851;Pack Mais Embalagens;Embalagens de delivery;Delivery;Custos variáveis;Embalagens do delivery;Fornecedores (insumos e embalagens);Boleto;-1189,01;2026-07;2026-08
1678;15/07/2026;15/08/2026;17/08/2026;Pago;Taxa da maquininha sobre as vendas de 15/07/26;Operadora da maquininha;Taxas da maquininha (3%);Salão;Custos variáveis;Taxas de cartão;Recebimentos do salão;Descontada no repasse do cartão;-146,74;2026-07;2026-08
1679;15/07/2026;15/07/2026;15/07/2026;Pago;Conta de energia elétrica, jul/26;Distribuidora de energia;Energia elétrica;Geral;Despesas fixas;Energia, gás e água;Energia, gás e água;Débito automático;-4375,76;2026-07;2026-07
1680;15/07/2026;15/07/2026;15/07/2026;Pago;Internet e telefone, jul/26;NetSerra Telecom;Internet e telefone;Geral;Despesas fixas;Contabilidade, sistemas e outros;Contabilidade, manutenção e outros;Débito automático;-249,90;2026-07;2026-07
1681;15/07/2026;15/07/2026;15/07/2026;Pago;Parcela 7/24 do empréstimo: juros;Banco Horizonte;Juros do empréstimo;Geral;Depreciação e juros;Juros do empréstimo;Parcela do empréstimo;Débito em conta;-1917,00;2026-07;2026-07
1682;15/07/2026;15/07/2026;15/07/2026;Pago;Parcela 7/24 do empréstimo: amortização;Banco Horizonte;Amortização do empréstimo;Geral;Fora do DRE;Fora do DRE;Parcela do empréstimo;Débito em conta;-5683,00;2026-07;2026-07
1683;16/07/2026;16/07/2026;16/07/2026;Recebido;Vendas do salão em 16/07/26: dinheiro, PIX e débito;Clientes do salão;Vendas salão (dinheiro, PIX e débito);Salão;Receita bruta;Salão;Recebimentos do salão;Dinheiro, PIX e débito;2030,28;2026-07;2026-07
1684;16/07/2026;16/08/2026;17/08/2026;Recebido;Vendas do salão em 16/07/26: cartão de crédito;Operadora da maquininha;Vendas salão (cartão de crédito);Salão;Receita bruta;Salão;Recebimentos do salão;Cartão de crédito;3118,17;2026-07;2026-08
1685;16/07/2026;10/08/2026;10/08/2026;Recebido;Pedidos do iFood em 16/07/26;iFood;Vendas iFood;Delivery;Receita bruta;Delivery (iFood);Repasses do iFood;Repasse do iFood;2109,28;2026-07;2026-08
1686;16/07/2026;16/08/2026;17/08/2026;Pago;Compra de hortifrúti: NF 27758;Hortifrúti Bom Plantio;Hortifrúti;Geral;Custos variáveis;CMV (insumos);Fornecedores (insumos e embalagens);Boleto;-557,84;2026-07;2026-08
1687;16/07/2026;16/08/2026;17/08/2026;Pago;Compra de mercearia: NF 24541;Empório Grão Fino;Mercearia (massas, grãos e secos);Geral;Custos variáveis;CMV (insumos);Fornecedores (insumos e embalagens);Boleto;-6073,43;2026-07;2026-08
1688;16/07/2026;16/08/2026;17/08/2026;Pago;Taxa da maquininha sobre as vendas de 16/07/26;Operadora da maquininha;Taxas da maquininha (3%);Salão;Custos variáveis;Taxas de cartão;Recebimentos do salão;Descontada no repasse do cartão;-154,45;2026-07;2026-08
1689;17/07/2026;17/07/2026;17/07/2026;Recebido;Vendas do salão em 17/07/26: dinheiro, PIX e débito;Clientes do salão;Vendas salão (dinheiro, PIX e débito);Salão;Receita bruta;Salão;Recebimentos do salão;Dinheiro, PIX e débito;3176,56;2026-07;2026-07
1690;17/07/2026;17/08/2026;17/08/2026;Recebido;Vendas do salão em 17/07/26: cartão de crédito;Operadora da maquininha;Vendas salão (cartão de crédito);Salão;Receita bruta;Salão;Recebimentos do salão;Cartão de crédito;4550,89;2026-07;2026-08
1691;17/07/2026;10/08/2026;10/08/2026;Recebido;Pedidos do iFood em 17/07/26;iFood;Vendas iFood;Delivery;Receita bruta;Delivery (iFood);Repasses do iFood;Repasse do iFood;2258,31;2026-07;2026-08
1692;17/07/2026;17/08/2026;17/08/2026;Pago;Compra de laticínios: NF 49332;Laticínios Vale Serrano;Laticínios;Geral;Custos variáveis;CMV (insumos);Fornecedores (insumos e embalagens);Boleto;-2683,38;2026-07;2026-08
1693;17/07/2026;17/08/2026;17/08/2026;Pago;Taxa da maquininha sobre as vendas de 17/07/26;Operadora da maquininha;Taxas da maquininha (3%);Salão;Custos variáveis;Taxas de cartão;Recebimentos do salão;Descontada no repasse do cartão;-231,82;2026-07;2026-08
1694;18/07/2026;18/07/2026;18/07/2026;Recebido;Vendas do salão em 18/07/26: dinheiro, PIX e débito;Clientes do salão;Vendas salão (dinheiro, PIX e débito);Salão;Receita bruta;Salão;Recebimentos do salão;Dinheiro, PIX e débito;3162,95;2026-07;2026-07
1695;18/07/2026;18/08/2026;18/08/2026;Recebido;Vendas do salão em 18/07/26: cartão de crédito;Operadora da maquininha;Vendas salão (cartão de crédito);Salão;Receita bruta;Salão;Recebimentos do salão;Cartão de crédito;4949,38;2026-07;2026-08
1696;18/07/2026;10/08/2026;10/08/2026;Recebido;Pedidos do iFood em 18/07/26;iFood;Vendas iFood;Delivery;Receita bruta;Delivery (iFood);Repasses do iFood;Repasse do iFood;3123,26;2026-07;2026-08
1697;18/07/2026;18/08/2026;18/08/2026;Pago;Compra de hortifrúti: NF 27817;Hortifrúti Bom Plantio;Hortifrúti;Geral;Custos variáveis;CMV (insumos);Fornecedores (insumos e embalagens);Boleto;-746,74;2026-07;2026-08
1698;18/07/2026;18/08/2026;18/08/2026;Pago;Taxa da maquininha sobre as vendas de 18/07/26;Operadora da maquininha;Taxas da maquininha (3%);Salão;Custos variáveis;Taxas de cartão;Recebimentos do salão;Descontada no repasse do cartão;-243,37;2026-07;2026-08
1699;19/07/2026;19/07/2026;19/07/2026;Recebido;Vendas do salão em 19/07/26: dinheiro, PIX e débito;Clientes do salão;Vendas salão (dinheiro, PIX e débito);Salão;Receita bruta;Salão;Recebimentos do salão;Dinheiro, PIX e débito;3927,00;2026-07;2026-07
1700;19/07/2026;19/08/2026;19/08/2026;Recebido;Vendas do salão em 19/07/26: cartão de crédito;Operadora da maquininha;Vendas salão (cartão de crédito);Salão;Receita bruta;Salão;Recebimentos do salão;Cartão de crédito;5135,64;2026-07;2026-08
1701;19/07/2026;10/08/2026;10/08/2026;Recebido;Pedidos do iFood em 19/07/26;iFood;Vendas iFood;Delivery;Receita bruta;Delivery (iFood);Repasses do iFood;Repasse do iFood;2948,97;2026-07;2026-08
1702;19/07/2026;19/08/2026;19/08/2026;Pago;Taxa da maquininha sobre as vendas de 19/07/26;Operadora da maquininha;Taxas da maquininha (3%);Salão;Custos variáveis;Taxas de cartão;Recebimentos do salão;Descontada no repasse do cartão;-271,88;2026-07;2026-08
1703;20/07/2026;20/07/2026;20/07/2026;Pago;Gás de cozinha (GLP), jul/26;Gás Chama Azul;Gás;Geral;Despesas fixas;Energia, gás e água;Energia, gás e água;Boleto;-2495,32;2026-07;2026-07
1704;20/07/2026;20/07/2026;20/07/2026;Pago;Controle de pragas (contrato), jul/26;Dedetizadora Sem Praga;Controle de pragas;Geral;Despesas fixas;Contabilidade, sistemas e outros;Contabilidade, manutenção e outros;PIX;-150,00;2026-07;2026-07
1705;21/07/2026;21/07/2026;21/07/2026;Recebido;Vendas do salão em 21/07/26: dinheiro, PIX e débito;Clientes do salão;Vendas salão (dinheiro, PIX e débito);Salão;Receita bruta;Salão;Recebimentos do salão;Dinheiro, PIX e débito;1773,47;2026-07;2026-07
1706;21/07/2026;21/08/2026;21/08/2026;Recebido;Vendas do salão em 21/07/26: cartão de crédito;Operadora da maquininha;Vendas salão (cartão de crédito);Salão;Receita bruta;Salão;Recebimentos do salão;Cartão de crédito;2540,82;2026-07;2026-08
1707;21/07/2026;10/08/2026;10/08/2026;Recebido;Pedidos do iFood em 21/07/26;iFood;Vendas iFood;Delivery;Receita bruta;Delivery (iFood);Repasses do iFood;Repasse do iFood;2083,84;2026-07;2026-08
1708;21/07/2026;21/08/2026;21/08/2026;Pago;Compra de laticínios: NF 49388;Laticínios Vale Serrano;Laticínios;Geral;Custos variáveis;CMV (insumos);Fornecedores (insumos e embalagens);Boleto;-3691,10;2026-07;2026-08
1709;21/07/2026;21/08/2026;21/08/2026;Pago;Compra de hortifrúti: NF 27861;Hortifrúti Bom Plantio;Hortifrúti;Geral;Custos variáveis;CMV (insumos);Fornecedores (insumos e embalagens);Boleto;-502,03;2026-07;2026-08
1710;21/07/2026;21/08/2026;21/08/2026;Pago;Taxa da maquininha sobre as vendas de 21/07/26;Operadora da maquininha;Taxas da maquininha (3%);Salão;Custos variáveis;Taxas de cartão;Recebimentos do salão;Descontada no repasse do cartão;-129,43;2026-07;2026-08
1711;22/07/2026;22/07/2026;22/07/2026;Recebido;Vendas do salão em 22/07/26: dinheiro, PIX e débito;Clientes do salão;Vendas salão (dinheiro, PIX e débito);Salão;Receita bruta;Salão;Recebimentos do salão;Dinheiro, PIX e débito;2220,07;2026-07;2026-07
1712;22/07/2026;22/08/2026;24/08/2026;Recebido;Vendas do salão em 22/07/26: cartão de crédito;Operadora da maquininha;Vendas salão (cartão de crédito);Salão;Receita bruta;Salão;Recebimentos do salão;Cartão de crédito;2802,19;2026-07;2026-08
1713;22/07/2026;10/08/2026;10/08/2026;Recebido;Pedidos do iFood em 22/07/26;iFood;Vendas iFood;Delivery;Receita bruta;Delivery (iFood);Repasses do iFood;Repasse do iFood;1805,57;2026-07;2026-08
1714;22/07/2026;22/08/2026;24/08/2026;Pago;Compra de carnes e aves: NF 26608;Frigorífico Serra Nobre;Carnes e aves;Geral;Custos variáveis;CMV (insumos);Fornecedores (insumos e embalagens);Boleto;-2907,88;2026-07;2026-08
1715;22/07/2026;22/08/2026;24/08/2026;Pago;Taxa da maquininha sobre as vendas de 22/07/26;Operadora da maquininha;Taxas da maquininha (3%);Salão;Custos variáveis;Taxas de cartão;Recebimentos do salão;Descontada no repasse do cartão;-150,67;2026-07;2026-08
1716;23/07/2026;23/07/2026;23/07/2026;Recebido;Vendas do salão em 23/07/26: dinheiro, PIX e débito;Clientes do salão;Vendas salão (dinheiro, PIX e débito);Salão;Receita bruta;Salão;Recebimentos do salão;Dinheiro, PIX e débito;2072,59;2026-07;2026-07
1717;23/07/2026;23/08/2026;24/08/2026;Recebido;Vendas do salão em 23/07/26: cartão de crédito;Operadora da maquininha;Vendas salão (cartão de crédito);Salão;Receita bruta;Salão;Recebimentos do salão;Cartão de crédito;2881,86;2026-07;2026-08
1718;23/07/2026;10/08/2026;10/08/2026;Recebido;Pedidos do iFood em 23/07/26;iFood;Vendas iFood;Delivery;Receita bruta;Delivery (iFood);Repasses do iFood;Repasse do iFood;1901,59;2026-07;2026-08
1719;23/07/2026;23/08/2026;24/08/2026;Pago;Compra de hortifrúti: NF 27901;Hortifrúti Bom Plantio;Hortifrúti;Geral;Custos variáveis;CMV (insumos);Fornecedores (insumos e embalagens);Boleto;-566,23;2026-07;2026-08
1720;23/07/2026;23/08/2026;24/08/2026;Pago;Taxa da maquininha sobre as vendas de 23/07/26;Operadora da maquininha;Taxas da maquininha (3%);Salão;Custos variáveis;Taxas de cartão;Recebimentos do salão;Descontada no repasse do cartão;-148,63;2026-07;2026-08
1721;24/07/2026;24/07/2026;24/07/2026;Recebido;Vendas do salão em 24/07/26: dinheiro, PIX e débito;Clientes do salão;Vendas salão (dinheiro, PIX e débito);Salão;Receita bruta;Salão;Recebimentos do salão;Dinheiro, PIX e débito;2878,98;2026-07;2026-07
1722;24/07/2026;24/08/2026;24/08/2026;Recebido;Vendas do salão em 24/07/26: cartão de crédito;Operadora da maquininha;Vendas salão (cartão de crédito);Salão;Receita bruta;Salão;Recebimentos do salão;Cartão de crédito;4059,44;2026-07;2026-08
1723;24/07/2026;10/08/2026;10/08/2026;Recebido;Pedidos do iFood em 24/07/26;iFood;Vendas iFood;Delivery;Receita bruta;Delivery (iFood);Repasses do iFood;Repasse do iFood;2575,42;2026-07;2026-08
1724;24/07/2026;24/08/2026;24/08/2026;Pago;Compra de laticínios: NF 49473;Laticínios Vale Serrano;Laticínios;Geral;Custos variáveis;CMV (insumos);Fornecedores (insumos e embalagens);Boleto;-3479,31;2026-07;2026-08
1725;24/07/2026;24/08/2026;24/08/2026;Pago;Taxa da maquininha sobre as vendas de 24/07/26;Operadora da maquininha;Taxas da maquininha (3%);Salão;Custos variáveis;Taxas de cartão;Recebimentos do salão;Descontada no repasse do cartão;-208,15;2026-07;2026-08
1726;25/07/2026;25/07/2026;25/07/2026;Recebido;Vendas do salão em 25/07/26: dinheiro, PIX e débito;Clientes do salão;Vendas salão (dinheiro, PIX e débito);Salão;Receita bruta;Salão;Recebimentos do salão;Dinheiro, PIX e débito;3035,73;2026-07;2026-07
1727;25/07/2026;25/08/2026;25/08/2026;Recebido;Vendas do salão em 25/07/26: cartão de crédito;Operadora da maquininha;Vendas salão (cartão de crédito);Salão;Receita bruta;Salão;Recebimentos do salão;Cartão de crédito;5270,86;2026-07;2026-08
1728;25/07/2026;10/08/2026;10/08/2026;Recebido;Pedidos do iFood em 25/07/26;iFood;Vendas iFood;Delivery;Receita bruta;Delivery (iFood);Repasses do iFood;Repasse do iFood;2429,22;2026-07;2026-08
1729;25/07/2026;25/08/2026;25/08/2026;Pago;Compra de hortifrúti: NF 27942;Hortifrúti Bom Plantio;Hortifrúti;Geral;Custos variáveis;CMV (insumos);Fornecedores (insumos e embalagens);Boleto;-665,77;2026-07;2026-08
1730;25/07/2026;25/08/2026;25/08/2026;Pago;Taxa da maquininha sobre as vendas de 25/07/26;Operadora da maquininha;Taxas da maquininha (3%);Salão;Custos variáveis;Taxas de cartão;Recebimentos do salão;Descontada no repasse do cartão;-249,20;2026-07;2026-08
1731;25/07/2026;25/07/2026;27/07/2026;Pago;Lavanderia de toalhas e uniformes, jul/26;Lavanderia Branco Neve;Lavanderia;Geral;Despesas fixas;Contabilidade, sistemas e outros;Contabilidade, manutenção e outros;PIX;-420,00;2026-07;2026-07
1732;26/07/2026;26/07/2026;26/07/2026;Recebido;Vendas do salão em 26/07/26: dinheiro, PIX e débito;Clientes do salão;Vendas salão (dinheiro, PIX e débito);Salão;Receita bruta;Salão;Recebimentos do salão;Dinheiro, PIX e débito;3232,13;2026-07;2026-07
1733;26/07/2026;26/08/2026;26/08/2026;Recebido;Vendas do salão em 26/07/26: cartão de crédito;Operadora da maquininha;Vendas salão (cartão de crédito);Salão;Receita bruta;Salão;Recebimentos do salão;Cartão de crédito;5400,46;2026-07;2026-08
1734;26/07/2026;10/08/2026;10/08/2026;Recebido;Pedidos do iFood em 26/07/26;iFood;Vendas iFood;Delivery;Receita bruta;Delivery (iFood);Repasses do iFood;Repasse do iFood;2341,09;2026-07;2026-08
1735;26/07/2026;26/08/2026;26/08/2026;Pago;Taxa da maquininha sobre as vendas de 26/07/26;Operadora da maquininha;Taxas da maquininha (3%);Salão;Custos variáveis;Taxas de cartão;Recebimentos do salão;Descontada no repasse do cartão;-258,98;2026-07;2026-08
1736;28/07/2026;28/07/2026;28/07/2026;Recebido;Vendas do salão em 28/07/26: dinheiro, PIX e débito;Clientes do salão;Vendas salão (dinheiro, PIX e débito);Salão;Receita bruta;Salão;Recebimentos do salão;Dinheiro, PIX e débito;1569,94;2026-07;2026-07
1737;28/07/2026;28/08/2026;28/08/2026;Recebido;Vendas do salão em 28/07/26: cartão de crédito;Operadora da maquininha;Vendas salão (cartão de crédito);Salão;Receita bruta;Salão;Recebimentos do salão;Cartão de crédito;2285,10;2026-07;2026-08
1738;28/07/2026;10/08/2026;10/08/2026;Recebido;Pedidos do iFood em 28/07/26;iFood;Vendas iFood;Delivery;Receita bruta;Delivery (iFood);Repasses do iFood;Repasse do iFood;1935,35;2026-07;2026-08
1739;28/07/2026;28/08/2026;28/08/2026;Pago;Compra de laticínios: NF 49489;Laticínios Vale Serrano;Laticínios;Geral;Custos variáveis;CMV (insumos);Fornecedores (insumos e embalagens);Boleto;-3394,16;2026-07;2026-08
1740;28/07/2026;28/08/2026;28/08/2026;Pago;Compra de hortifrúti: NF 27987;Hortifrúti Bom Plantio;Hortifrúti;Geral;Custos variáveis;CMV (insumos);Fornecedores (insumos e embalagens);Boleto;-669,12;2026-07;2026-08
1741;28/07/2026;28/08/2026;28/08/2026;Pago;Taxa da maquininha sobre as vendas de 28/07/26;Operadora da maquininha;Taxas da maquininha (3%);Salão;Custos variáveis;Taxas de cartão;Recebimentos do salão;Descontada no repasse do cartão;-115,65;2026-07;2026-08
1742;29/07/2026;29/07/2026;29/07/2026;Recebido;Vendas do salão em 29/07/26: dinheiro, PIX e débito;Clientes do salão;Vendas salão (dinheiro, PIX e débito);Salão;Receita bruta;Salão;Recebimentos do salão;Dinheiro, PIX e débito;1699,91;2026-07;2026-07
1743;29/07/2026;29/08/2026;31/08/2026;Recebido;Vendas do salão em 29/07/26: cartão de crédito;Operadora da maquininha;Vendas salão (cartão de crédito);Salão;Receita bruta;Salão;Recebimentos do salão;Cartão de crédito;2545,71;2026-07;2026-08
1744;29/07/2026;10/08/2026;10/08/2026;Recebido;Pedidos do iFood em 29/07/26;iFood;Vendas iFood;Delivery;Receita bruta;Delivery (iFood);Repasses do iFood;Repasse do iFood;1957,26;2026-07;2026-08
1745;29/07/2026;29/08/2026;31/08/2026;Pago;Compra de carnes e aves: NF 26679;Frigorífico Serra Nobre;Carnes e aves;Geral;Custos variáveis;CMV (insumos);Fornecedores (insumos e embalagens);Boleto;-2356,56;2026-07;2026-08
1746;29/07/2026;29/08/2026;31/08/2026;Pago;Compra de bebidas: NF 35851;Adega & Cia Bebidas;Bebidas;Geral;Custos variáveis;CMV (insumos);Fornecedores (insumos e embalagens);Boleto;-4365,84;2026-07;2026-08
1747;29/07/2026;29/08/2026;31/08/2026;Pago;Compra de embalagens de delivery: NF 11912;Pack Mais Embalagens;Embalagens de delivery;Delivery;Custos variáveis;Embalagens do delivery;Fornecedores (insumos e embalagens);Boleto;-933,76;2026-07;2026-08
1748;29/07/2026;29/08/2026;31/08/2026;Pago;Taxa da maquininha sobre as vendas de 29/07/26;Operadora da maquininha;Taxas da maquininha (3%);Salão;Custos variáveis;Taxas de cartão;Recebimentos do salão;Descontada no repasse do cartão;-127,37;2026-07;2026-08
1749;29/07/2026;29/07/2026;29/07/2026;Pago;Conserto do forno combinado;TecForno Assistência Técnica;Manutenção e reparos;Geral;Despesas fixas;Manutenção;Contabilidade, manutenção e outros;PIX;-1031,12;2026-07;2026-07
1750;30/07/2026;30/07/2026;30/07/2026;Recebido;Vendas do salão em 30/07/26: dinheiro, PIX e débito;Clientes do salão;Vendas salão (dinheiro, PIX e débito);Salão;Receita bruta;Salão;Recebimentos do salão;Dinheiro, PIX e débito;1971,44;2026-07;2026-07
1751;30/07/2026;30/08/2026;31/08/2026;Recebido;Vendas do salão em 30/07/26: cartão de crédito;Operadora da maquininha;Vendas salão (cartão de crédito);Salão;Receita bruta;Salão;Recebimentos do salão;Cartão de crédito;2818,68;2026-07;2026-08
1752;30/07/2026;10/08/2026;10/08/2026;Recebido;Pedidos do iFood em 30/07/26;iFood;Vendas iFood;Delivery;Receita bruta;Delivery (iFood);Repasses do iFood;Repasse do iFood;1820,42;2026-07;2026-08
1753;30/07/2026;30/08/2026;31/08/2026;Pago;Compra de hortifrúti: NF 28060;Hortifrúti Bom Plantio;Hortifrúti;Geral;Custos variáveis;CMV (insumos);Fornecedores (insumos e embalagens);Boleto;-683,74;2026-07;2026-08
1754;30/07/2026;30/08/2026;31/08/2026;Pago;Compra de mercearia: NF 24568;Empório Grão Fino;Mercearia (massas, grãos e secos);Geral;Custos variáveis;CMV (insumos);Fornecedores (insumos e embalagens);Boleto;-4112,31;2026-07;2026-08
1755;30/07/2026;30/08/2026;31/08/2026;Pago;Taxa da maquininha sobre as vendas de 30/07/26;Operadora da maquininha;Taxas da maquininha (3%);Salão;Custos variáveis;Taxas de cartão;Recebimentos do salão;Descontada no repasse do cartão;-143,70;2026-07;2026-08
1756;31/07/2026;31/07/2026;31/07/2026;Recebido;Vendas do salão em 31/07/26: dinheiro, PIX e débito;Clientes do salão;Vendas salão (dinheiro, PIX e débito);Salão;Receita bruta;Salão;Recebimentos do salão;Dinheiro, PIX e débito;3019,99;2026-07;2026-07
1757;31/07/2026;31/08/2026;31/08/2026;Recebido;Vendas do salão em 31/07/26: cartão de crédito;Operadora da maquininha;Vendas salão (cartão de crédito);Salão;Receita bruta;Salão;Recebimentos do salão;Cartão de crédito;4590,92;2026-07;2026-08
1758;31/07/2026;10/08/2026;10/08/2026;Recebido;Pedidos do iFood em 31/07/26;iFood;Vendas iFood;Delivery;Receita bruta;Delivery (iFood);Repasses do iFood;Repasse do iFood;2685,33;2026-07;2026-08
1759;31/07/2026;20/08/2026;20/08/2026;Pago;DAS do Simples Nacional, competência jul/26;Receita Federal;Simples Nacional;Geral;Custos variáveis;Simples Nacional;Simples Nacional;Guia DAS;-18560,00;2026-07;2026-08
1760;31/07/2026;31/08/2026;31/08/2026;Pago;Compra de laticínios: NF 49571;Laticínios Vale Serrano;Laticínios;Geral;Custos variáveis;CMV (insumos);Fornecedores (insumos e embalagens);Boleto;-2608,47;2026-07;2026-08
1761;31/07/2026;10/08/2026;10/08/2026;Pago;Comissão do iFood (23%) sobre os pedidos de jul/26;iFood;Comissão iFood (23%);Delivery;Custos variáveis;Comissão e taxas iFood;Repasses do iFood;Descontada no repasse do iFood;-14260,00;2026-07;2026-08
1762;31/07/2026;10/08/2026;10/08/2026;Pago;Pagamento online do iFood (3,2%) sobre os pedidos de jul/26;iFood;Pagamento online iFood (3,2%);Delivery;Custos variáveis;Comissão e taxas iFood;Repasses do iFood;Descontada no repasse do iFood;-1984,00;2026-07;2026-08
1763;31/07/2026;31/08/2026;31/08/2026;Pago;Taxa da maquininha sobre as vendas de 31/07/26;Operadora da maquininha;Taxas da maquininha (3%);Salão;Custos variáveis;Taxas de cartão;Recebimentos do salão;Descontada no repasse do cartão;-228,33;2026-07;2026-08
1764;31/07/2026;07/08/2026;07/08/2026;Pago;Salários da cozinha, folha de jul/26;Funcionários da cozinha;Salários da cozinha;Geral;Despesas fixas;Folha e encargos;Folha e encargos;Transferência bancária;-18530,00;2026-07;2026-08
1765;31/07/2026;07/08/2026;07/08/2026;Pago;Salários do salão e da administração, folha de jul/26;Funcionários do salão e da administração;Salários do salão e administração;Geral;Despesas fixas;Folha e encargos;Folha e encargos;Transferência bancária;-21420,00;2026-07;2026-08
1766;31/07/2026;20/08/2026;20/08/2026;Pago;INSS e IRRF retidos dos funcionários, folha de jul/26;Receita Federal;INSS e IRRF retidos;Geral;Despesas fixas;Folha e encargos;Folha e encargos;Guia DCTFWeb;-3890,00;2026-07;2026-08
1767;31/07/2026;20/08/2026;20/08/2026;Pago;FGTS, folha de jul/26;FGTS (Caixa);FGTS;Geral;Despesas fixas;Folha e encargos;Folha e encargos;Guia FGTS Digital;-3507,20;2026-07;2026-08
1768;31/07/2026;07/08/2026;07/08/2026;Pago;Vale-transporte, folha de jul/26;Operadora de vale-transporte;Vale-transporte;Geral;Despesas fixas;Folha e encargos;Folha e encargos;Boleto;-2652,80;2026-07;2026-08
1769;31/07/2026;31/07/2026;31/07/2026;Pago;Pró-labore de Júlia, jul/26;Júlia;Pró-labore;Geral;Despesas fixas;Pró-labore;Pró-labore;PIX;-8000,00;2026-07;2026-07
1770;31/07/2026;31/07/2026;31/07/2026;Pago;Pró-labore de Marco, jul/26;Marco;Pró-labore;Geral;Despesas fixas;Pró-labore;Pró-labore;PIX;-8000,00;2026-07;2026-07
1771;31/07/2026;;;Sem efeito no caixa;Depreciação da reforma do salão (R$ 150 mil em 10 anos), jul/26;;Depreciação da reforma;Geral;Depreciação e juros;Depreciação da reforma;Fora do caixa;;-1250,00;2026-07;
1772;01/08/2026;01/08/2026;01/08/2026;Recebido;Vendas do salão em 01/08/26: dinheiro, PIX e débito;Clientes do salão;Vendas salão (dinheiro, PIX e débito);Salão;Receita bruta;Salão;Recebimentos do salão;Dinheiro, PIX e débito;3225,12;2026-08;2026-08
1773;01/08/2026;01/09/2026;;A receber;Vendas do salão em 01/08/26: cartão de crédito;Operadora da maquininha;Vendas salão (cartão de crédito);Salão;Receita bruta;Salão;Recebimentos do salão;Cartão de crédito;4105,90;2026-08;
1774;01/08/2026;10/09/2026;;A receber;Pedidos do iFood em 01/08/26;iFood;Vendas iFood;Delivery;Receita bruta;Delivery (iFood);Repasses do iFood;Repasse do iFood;3082,68;2026-08;
1775;01/08/2026;01/09/2026;;A pagar;Compra de hortifrúti: NF 28147;Hortifrúti Bom Plantio;Hortifrúti;Geral;Custos variáveis;CMV (insumos);Fornecedores (insumos e embalagens);Boleto;-686,96;2026-08;
1776;01/08/2026;01/09/2026;;A pagar;Taxa da maquininha sobre as vendas de 01/08/26;Operadora da maquininha;Taxas da maquininha (3%);Salão;Custos variáveis;Taxas de cartão;Recebimentos do salão;Descontada no repasse do cartão;-219,93;2026-08;
1777;01/08/2026;01/08/2026;03/08/2026;Pago;Tarifas bancárias, ago/26;Banco Horizonte;Tarifas bancárias;Geral;Despesas fixas;Contabilidade, sistemas e outros;Contabilidade, manutenção e outros;Débito em conta;-60,20;2026-08;2026-08
1778;02/08/2026;02/08/2026;02/08/2026;Recebido;Vendas do salão em 02/08/26: dinheiro, PIX e débito;Clientes do salão;Vendas salão (dinheiro, PIX e débito);Salão;Receita bruta;Salão;Recebimentos do salão;Dinheiro, PIX e débito;3002,95;2026-08;2026-08
1779;02/08/2026;02/09/2026;;A receber;Vendas do salão em 02/08/26: cartão de crédito;Operadora da maquininha;Vendas salão (cartão de crédito);Salão;Receita bruta;Salão;Recebimentos do salão;Cartão de crédito;4546,46;2026-08;
1780;02/08/2026;10/09/2026;;A receber;Pedidos do iFood em 02/08/26;iFood;Vendas iFood;Delivery;Receita bruta;Delivery (iFood);Repasses do iFood;Repasse do iFood;2451,23;2026-08;
1781;02/08/2026;02/09/2026;;A pagar;Taxa da maquininha sobre as vendas de 02/08/26;Operadora da maquininha;Taxas da maquininha (3%);Salão;Custos variáveis;Taxas de cartão;Recebimentos do salão;Descontada no repasse do cartão;-226,48;2026-08;
1782;03/08/2026;03/08/2026;03/08/2026;Pago;Anúncios no Instagram e no Facebook, ago/26;Meta (anúncios);Anúncios em redes sociais;Geral;Despesas fixas;Marketing;Marketing;PIX;-2000,00;2026-08;2026-08
1783;04/08/2026;04/08/2026;04/08/2026;Recebido;Vendas do salão em 04/08/26: dinheiro, PIX e débito;Clientes do salão;Vendas salão (dinheiro, PIX e débito);Salão;Receita bruta;Salão;Recebimentos do salão;Dinheiro, PIX e débito;1659,09;2026-08;2026-08
1784;04/08/2026;04/09/2026;;A receber;Vendas do salão em 04/08/26: cartão de crédito;Operadora da maquininha;Vendas salão (cartão de crédito);Salão;Receita bruta;Salão;Recebimentos do salão;Cartão de crédito;2720,85;2026-08;
1785;04/08/2026;10/09/2026;;A receber;Pedidos do iFood em 04/08/26;iFood;Vendas iFood;Delivery;Receita bruta;Delivery (iFood);Repasses do iFood;Repasse do iFood;1811,99;2026-08;
1786;04/08/2026;04/09/2026;;A pagar;Compra de laticínios: NF 49593;Laticínios Vale Serrano;Laticínios;Geral;Custos variáveis;CMV (insumos);Fornecedores (insumos e embalagens);Boleto;-4453,65;2026-08;
1787;04/08/2026;04/09/2026;;A pagar;Compra de hortifrúti: NF 28228;Hortifrúti Bom Plantio;Hortifrúti;Geral;Custos variáveis;CMV (insumos);Fornecedores (insumos e embalagens);Boleto;-598,56;2026-08;
1788;04/08/2026;04/09/2026;;A pagar;Taxa da maquininha sobre as vendas de 04/08/26;Operadora da maquininha;Taxas da maquininha (3%);Salão;Custos variáveis;Taxas de cartão;Recebimentos do salão;Descontada no repasse do cartão;-131,40;2026-08;
1789;05/08/2026;05/08/2026;05/08/2026;Recebido;Vendas do salão em 05/08/26: dinheiro, PIX e débito;Clientes do salão;Vendas salão (dinheiro, PIX e débito);Salão;Receita bruta;Salão;Recebimentos do salão;Dinheiro, PIX e débito;1741,99;2026-08;2026-08
1790;05/08/2026;05/09/2026;;A receber;Vendas do salão em 05/08/26: cartão de crédito;Operadora da maquininha;Vendas salão (cartão de crédito);Salão;Receita bruta;Salão;Recebimentos do salão;Cartão de crédito;2944,65;2026-08;
1791;05/08/2026;10/09/2026;;A receber;Pedidos do iFood em 05/08/26;iFood;Vendas iFood;Delivery;Receita bruta;Delivery (iFood);Repasses do iFood;Repasse do iFood;2228,69;2026-08;
1792;05/08/2026;05/09/2026;;A pagar;Compra de carnes e aves: NF 26736;Frigorífico Serra Nobre;Carnes e aves;Geral;Custos variáveis;CMV (insumos);Fornecedores (insumos e embalagens);Boleto;-3675,35;2026-08;
1793;05/08/2026;05/09/2026;;A pagar;Compra de bebidas: NF 35875;Adega & Cia Bebidas;Bebidas;Geral;Custos variáveis;CMV (insumos);Fornecedores (insumos e embalagens);Boleto;-5742,25;2026-08;
1794;05/08/2026;05/09/2026;;A pagar;Compra de embalagens de delivery: NF 11945;Pack Mais Embalagens;Embalagens de delivery;Delivery;Custos variáveis;Embalagens do delivery;Fornecedores (insumos e embalagens);Boleto;-1620,37;2026-08;
1795;05/08/2026;05/09/2026;;A pagar;Taxa da maquininha sobre as vendas de 05/08/26;Operadora da maquininha;Taxas da maquininha (3%);Salão;Custos variáveis;Taxas de cartão;Recebimentos do salão;Descontada no repasse do cartão;-140,60;2026-08;
1796;05/08/2026;05/08/2026;05/08/2026;Pago;Gestão das redes sociais, ago/26;Agência Manjericão Digital;Agência de redes sociais;Geral;Despesas fixas;Marketing;Marketing;Boleto;-2000,00;2026-08;2026-08
1797;05/08/2026;05/08/2026;05/08/2026;Pago;Mensalidade do sistema de PDV e gestão, ago/26;GestPDV Sistemas;Sistema de PDV e gestão;Geral;Despesas fixas;Contabilidade, sistemas e outros;Contabilidade, manutenção e outros;Débito automático;-389,90;2026-08;2026-08
1798;05/08/2026;05/08/2026;05/08/2026;Pago;Limpeza e higienização (contrato), ago/26;Limpa Bem Higienização;Limpeza e higienização;Geral;Despesas fixas;Contabilidade, sistemas e outros;Contabilidade, manutenção e outros;Boleto;-780,00;2026-08;2026-08
1799;06/08/2026;06/08/2026;06/08/2026;Recebido;Vendas do salão em 06/08/26: dinheiro, PIX e débito;Clientes do salão;Vendas salão (dinheiro, PIX e débito);Salão;Receita bruta;Salão;Recebimentos do salão;Dinheiro, PIX e débito;2093,19;2026-08;2026-08
1800;06/08/2026;06/09/2026;;A receber;Vendas do salão em 06/08/26: cartão de crédito;Operadora da maquininha;Vendas salão (cartão de crédito);Salão;Receita bruta;Salão;Recebimentos do salão;Cartão de crédito;2988,09;2026-08;
1801;06/08/2026;10/09/2026;;A receber;Pedidos do iFood em 06/08/26;iFood;Vendas iFood;Delivery;Receita bruta;Delivery (iFood);Repasses do iFood;Repasse do iFood;2067,03;2026-08;
1802;06/08/2026;06/09/2026;;A pagar;Compra de hortifrúti: NF 28293;Hortifrúti Bom Plantio;Hortifrúti;Geral;Custos variáveis;CMV (insumos);Fornecedores (insumos e embalagens);Boleto;-696,82;2026-08;
1803;06/08/2026;06/09/2026;;A pagar;Compra de mercearia: NF 24600;Empório Grão Fino;Mercearia (massas, grãos e secos);Geral;Custos variáveis;CMV (insumos);Fornecedores (insumos e embalagens);Boleto;-6487,95;2026-08;
1804;06/08/2026;06/09/2026;;A pagar;Taxa da maquininha sobre as vendas de 06/08/26;Operadora da maquininha;Taxas da maquininha (3%);Salão;Custos variáveis;Taxas de cartão;Recebimentos do salão;Descontada no repasse do cartão;-152,44;2026-08;
1805;07/08/2026;07/08/2026;07/08/2026;Recebido;Vendas do salão em 07/08/26: dinheiro, PIX e débito;Clientes do salão;Vendas salão (dinheiro, PIX e débito);Salão;Receita bruta;Salão;Recebimentos do salão;Dinheiro, PIX e débito;3008,69;2026-08;2026-08
1806;07/08/2026;07/09/2026;;A receber;Vendas do salão em 07/08/26: cartão de crédito;Operadora da maquininha;Vendas salão (cartão de crédito);Salão;Receita bruta;Salão;Recebimentos do salão;Cartão de crédito;4022,73;2026-08;
1807;07/08/2026;10/09/2026;;A receber;Pedidos do iFood em 07/08/26;iFood;Vendas iFood;Delivery;Receita bruta;Delivery (iFood);Repasses do iFood;Repasse do iFood;3005,62;2026-08;
1808;07/08/2026;07/09/2026;;A pagar;Compra de laticínios: NF 49648;Laticínios Vale Serrano;Laticínios;Geral;Custos variáveis;CMV (insumos);Fornecedores (insumos e embalagens);Boleto;-3349,96;2026-08;
1809;07/08/2026;07/09/2026;;A pagar;Taxa da maquininha sobre as vendas de 07/08/26;Operadora da maquininha;Taxas da maquininha (3%);Salão;Custos variáveis;Taxas de cartão;Recebimentos do salão;Descontada no repasse do cartão;-210,94;2026-08;
1810;07/08/2026;07/08/2026;07/08/2026;Pago;Retirada de Júlia, ago/26;Júlia;Retirada dos sócios;Geral;Fora do DRE;Fora do DRE;Retirada dos sócios;PIX;-6000,00;2026-08;2026-08
1811;07/08/2026;07/08/2026;07/08/2026;Pago;Retirada de Marco, ago/26;Marco;Retirada dos sócios;Geral;Fora do DRE;Fora do DRE;Retirada dos sócios;PIX;-6000,00;2026-08;2026-08
1812;08/08/2026;08/08/2026;08/08/2026;Recebido;Vendas do salão em 08/08/26: dinheiro, PIX e débito;Clientes do salão;Vendas salão (dinheiro, PIX e débito);Salão;Receita bruta;Salão;Recebimentos do salão;Dinheiro, PIX e débito;3120,14;2026-08;2026-08
1813;08/08/2026;08/09/2026;;A receber;Vendas do salão em 08/08/26: cartão de crédito;Operadora da maquininha;Vendas salão (cartão de crédito);Salão;Receita bruta;Salão;Recebimentos do salão;Cartão de crédito;4475,51;2026-08;
1814;08/08/2026;10/09/2026;;A receber;Pedidos do iFood em 08/08/26;iFood;Vendas iFood;Delivery;Receita bruta;Delivery (iFood);Repasses do iFood;Repasse do iFood;3255,95;2026-08;
1815;08/08/2026;08/09/2026;;A pagar;Compra de hortifrúti: NF 28379;Hortifrúti Bom Plantio;Hortifrúti;Geral;Custos variáveis;CMV (insumos);Fornecedores (insumos e embalagens);Boleto;-548,03;2026-08;
1816;08/08/2026;08/09/2026;;A pagar;Taxa da maquininha sobre as vendas de 08/08/26;Operadora da maquininha;Taxas da maquininha (3%);Salão;Custos variáveis;Taxas de cartão;Recebimentos do salão;Descontada no repasse do cartão;-227,87;2026-08;
1817;09/08/2026;09/08/2026;09/08/2026;Recebido;Vendas do salão em 09/08/26: dinheiro, PIX e débito;Clientes do salão;Vendas salão (dinheiro, PIX e débito);Salão;Receita bruta;Salão;Recebimentos do salão;Dinheiro, PIX e débito;4266,35;2026-08;2026-08
1818;09/08/2026;09/09/2026;;A receber;Vendas do salão em 09/08/26: cartão de crédito;Operadora da maquininha;Vendas salão (cartão de crédito);Salão;Receita bruta;Salão;Recebimentos do salão;Cartão de crédito;6178,14;2026-08;
1819;09/08/2026;10/09/2026;;A receber;Pedidos do iFood em 09/08/26;iFood;Vendas iFood;Delivery;Receita bruta;Delivery (iFood);Repasses do iFood;Repasse do iFood;2847,22;2026-08;
1820;09/08/2026;09/09/2026;;A pagar;Taxa da maquininha sobre as vendas de 09/08/26;Operadora da maquininha;Taxas da maquininha (3%);Salão;Custos variáveis;Taxas de cartão;Recebimentos do salão;Descontada no repasse do cartão;-313,33;2026-08;
1821;10/08/2026;10/08/2026;10/08/2026;Pago;Aluguel do imóvel, ago/26;Imobiliária Pedra Alta;Aluguel;Geral;Despesas fixas;Aluguel;Aluguel;Boleto;-14000,00;2026-08;2026-08
1822;10/08/2026;10/08/2026;10/08/2026;Pago;Honorários contábeis, ago/26;Escritório Contábil Exato;Contabilidade;Geral;Despesas fixas;Contabilidade, sistemas e outros;Contabilidade, manutenção e outros;Boleto;-1450,00;2026-08;2026-08
1823;10/08/2026;10/08/2026;10/08/2026;Pago;Limpeza da coifa e do exaustor;Coifa Limpa Serviços;Manutenção e reparos;Geral;Despesas fixas;Manutenção;Contabilidade, manutenção e outros;PIX;-1032,89;2026-08;2026-08
1824;11/08/2026;11/08/2026;11/08/2026;Recebido;Vendas do salão em 11/08/26: dinheiro, PIX e débito;Clientes do salão;Vendas salão (dinheiro, PIX e débito);Salão;Receita bruta;Salão;Recebimentos do salão;Dinheiro, PIX e débito;1985,99;2026-08;2026-08
1825;11/08/2026;11/09/2026;;A receber;Vendas do salão em 11/08/26: cartão de crédito;Operadora da maquininha;Vendas salão (cartão de crédito);Salão;Receita bruta;Salão;Recebimentos do salão;Cartão de crédito;2426,26;2026-08;
1826;11/08/2026;10/09/2026;;A receber;Pedidos do iFood em 11/08/26;iFood;Vendas iFood;Delivery;Receita bruta;Delivery (iFood);Repasses do iFood;Repasse do iFood;2105,49;2026-08;
1827;11/08/2026;11/09/2026;;A pagar;Compra de laticínios: NF 49716;Laticínios Vale Serrano;Laticínios;Geral;Custos variáveis;CMV (insumos);Fornecedores (insumos e embalagens);Boleto;-3131,23;2026-08;
1828;11/08/2026;11/09/2026;;A pagar;Compra de hortifrúti: NF 28405;Hortifrúti Bom Plantio;Hortifrúti;Geral;Custos variáveis;CMV (insumos);Fornecedores (insumos e embalagens);Boleto;-625,22;2026-08;
1829;11/08/2026;11/09/2026;;A pagar;Taxa da maquininha sobre as vendas de 11/08/26;Operadora da maquininha;Taxas da maquininha (3%);Salão;Custos variáveis;Taxas de cartão;Recebimentos do salão;Descontada no repasse do cartão;-132,37;2026-08;
1830;12/08/2026;12/08/2026;12/08/2026;Recebido;Vendas do salão em 12/08/26: dinheiro, PIX e débito;Clientes do salão;Vendas salão (dinheiro, PIX e débito);Salão;Receita bruta;Salão;Recebimentos do salão;Dinheiro, PIX e débito;1653,27;2026-08;2026-08
1831;12/08/2026;12/09/2026;;A receber;Vendas do salão em 12/08/26: cartão de crédito;Operadora da maquininha;Vendas salão (cartão de crédito);Salão;Receita bruta;Salão;Recebimentos do salão;Cartão de crédito;2666,86;2026-08;
1832;12/08/2026;10/09/2026;;A receber;Pedidos do iFood em 12/08/26;iFood;Vendas iFood;Delivery;Receita bruta;Delivery (iFood);Repasses do iFood;Repasse do iFood;2080,85;2026-08;
1833;12/08/2026;12/09/2026;;A pagar;Compra de carnes e aves: NF 26761;Frigorífico Serra Nobre;Carnes e aves;Geral;Custos variáveis;CMV (insumos);Fornecedores (insumos e embalagens);Boleto;-4035,56;2026-08;
1834;12/08/2026;12/09/2026;;A pagar;Taxa da maquininha sobre as vendas de 12/08/26;Operadora da maquininha;Taxas da maquininha (3%);Salão;Custos variáveis;Taxas de cartão;Recebimentos do salão;Descontada no repasse do cartão;-129,60;2026-08;
1835;12/08/2026;12/08/2026;12/08/2026;Pago;Conta de água e esgoto, ago/26;Companhia de saneamento;Água e esgoto;Geral;Despesas fixas;Energia, gás e água;Energia, gás e água;Débito automático;-1261,69;2026-08;2026-08
1836;13/08/2026;13/08/2026;13/08/2026;Recebido;Vendas do salão em 13/08/26: dinheiro, PIX e débito;Clientes do salão;Vendas salão (dinheiro, PIX e débito);Salão;Receita bruta;Salão;Recebimentos do salão;Dinheiro, PIX e débito;2046,65;2026-08;2026-08
1837;13/08/2026;13/09/2026;;A receber;Vendas do salão em 13/08/26: cartão de crédito;Operadora da maquininha;Vendas salão (cartão de crédito);Salão;Receita bruta;Salão;Recebimentos do salão;Cartão de crédito;2528,64;2026-08;
1838;13/08/2026;10/09/2026;;A receber;Pedidos do iFood em 13/08/26;iFood;Vendas iFood;Delivery;Receita bruta;Delivery (iFood);Repasses do iFood;Repasse do iFood;2244,60;2026-08;
1839;13/08/2026;13/09/2026;;A pagar;Compra de hortifrúti: NF 28478;Hortifrúti Bom Plantio;Hortifrúti;Geral;Custos variáveis;CMV (insumos);Fornecedores (insumos e embalagens);Boleto;-521,07;2026-08;
1840;13/08/2026;13/09/2026;;A pagar;Taxa da maquininha sobre as vendas de 13/08/26;Operadora da maquininha;Taxas da maquininha (3%);Salão;Custos variáveis;Taxas de cartão;Recebimentos do salão;Descontada no repasse do cartão;-137,26;2026-08;
1841;14/08/2026;14/08/2026;14/08/2026;Recebido;Vendas do salão em 14/08/26: dinheiro, PIX e débito;Clientes do salão;Vendas salão (dinheiro, PIX e débito);Salão;Receita bruta;Salão;Recebimentos do salão;Dinheiro, PIX e débito;2545,20;2026-08;2026-08
1842;14/08/2026;14/09/2026;;A receber;Vendas do salão em 14/08/26: cartão de crédito;Operadora da maquininha;Vendas salão (cartão de crédito);Salão;Receita bruta;Salão;Recebimentos do salão;Cartão de crédito;4546,13;2026-08;
1843;14/08/2026;10/09/2026;;A receber;Pedidos do iFood em 14/08/26;iFood;Vendas iFood;Delivery;Receita bruta;Delivery (iFood);Repasses do iFood;Repasse do iFood;2336,18;2026-08;
1844;14/08/2026;14/09/2026;;A pagar;Compra de laticínios: NF 49777;Laticínios Vale Serrano;Laticínios;Geral;Custos variáveis;CMV (insumos);Fornecedores (insumos e embalagens);Boleto;-2970,27;2026-08;
1845;14/08/2026;14/09/2026;;A pagar;Taxa da maquininha sobre as vendas de 14/08/26;Operadora da maquininha;Taxas da maquininha (3%);Salão;Custos variáveis;Taxas de cartão;Recebimentos do salão;Descontada no repasse do cartão;-212,74;2026-08;
1846;14/08/2026;14/08/2026;14/08/2026;Pago;Manutenção preventiva da câmara fria;Polar Refrigeração;Manutenção e reparos;Geral;Despesas fixas;Manutenção;Contabilidade, manutenção e outros;PIX;-527,11;2026-08;2026-08
1847;15/08/2026;15/08/2026;15/08/2026;Recebido;Vendas do salão em 15/08/26: dinheiro, PIX e débito;Clientes do salão;Vendas salão (dinheiro, PIX e débito);Salão;Receita bruta;Salão;Recebimentos do salão;Dinheiro, PIX e débito;3111,29;2026-08;2026-08
1848;15/08/2026;15/09/2026;;A receber;Vendas do salão em 15/08/26: cartão de crédito;Operadora da maquininha;Vendas salão (cartão de crédito);Salão;Receita bruta;Salão;Recebimentos do salão;Cartão de crédito;5736,61;2026-08;
1849;15/08/2026;10/09/2026;;A receber;Pedidos do iFood em 15/08/26;iFood;Vendas iFood;Delivery;Receita bruta;Delivery (iFood);Repasses do iFood;Repasse do iFood;3151,25;2026-08;
1850;15/08/2026;15/09/2026;;A pagar;Compra de hortifrúti: NF 28513;Hortifrúti Bom Plantio;Hortifrúti;Geral;Custos variáveis;CMV (insumos);Fornecedores (insumos e embalagens);Boleto;-557,48;2026-08;
1851;15/08/2026;15/09/2026;;A pagar;Taxa da maquininha sobre as vendas de 15/08/26;Operadora da maquininha;Taxas da maquininha (3%);Salão;Custos variáveis;Taxas de cartão;Recebimentos do salão;Descontada no repasse do cartão;-265,44;2026-08;
1852;15/08/2026;15/08/2026;17/08/2026;Pago;Conta de energia elétrica, ago/26;Distribuidora de energia;Energia elétrica;Geral;Despesas fixas;Energia, gás e água;Energia, gás e água;Débito automático;-4322,60;2026-08;2026-08
1853;15/08/2026;15/08/2026;17/08/2026;Pago;Internet e telefone, ago/26;NetSerra Telecom;Internet e telefone;Geral;Despesas fixas;Contabilidade, sistemas e outros;Contabilidade, manutenção e outros;Débito automático;-249,90;2026-08;2026-08
1854;15/08/2026;15/08/2026;17/08/2026;Pago;Parcela 8/24 do empréstimo: juros;Banco Horizonte;Juros do empréstimo;Geral;Depreciação e juros;Juros do empréstimo;Parcela do empréstimo;Débito em conta;-1824,00;2026-08;2026-08
1855;15/08/2026;15/08/2026;17/08/2026;Pago;Parcela 8/24 do empréstimo: amortização;Banco Horizonte;Amortização do empréstimo;Geral;Fora do DRE;Fora do DRE;Parcela do empréstimo;Débito em conta;-5776,00;2026-08;2026-08
1856;16/08/2026;16/08/2026;16/08/2026;Recebido;Vendas do salão em 16/08/26: dinheiro, PIX e débito;Clientes do salão;Vendas salão (dinheiro, PIX e débito);Salão;Receita bruta;Salão;Recebimentos do salão;Dinheiro, PIX e débito;3517,82;2026-08;2026-08
1857;16/08/2026;16/09/2026;;A receber;Vendas do salão em 16/08/26: cartão de crédito;Operadora da maquininha;Vendas salão (cartão de crédito);Salão;Receita bruta;Salão;Recebimentos do salão;Cartão de crédito;4930,50;2026-08;
1858;16/08/2026;10/09/2026;;A receber;Pedidos do iFood em 16/08/26;iFood;Vendas iFood;Delivery;Receita bruta;Delivery (iFood);Repasses do iFood;Repasse do iFood;2641,00;2026-08;
1859;16/08/2026;16/09/2026;;A pagar;Taxa da maquininha sobre as vendas de 16/08/26;Operadora da maquininha;Taxas da maquininha (3%);Salão;Custos variáveis;Taxas de cartão;Recebimentos do salão;Descontada no repasse do cartão;-253,45;2026-08;
1860;18/08/2026;18/08/2026;18/08/2026;Recebido;Vendas do salão em 18/08/26: dinheiro, PIX e débito;Clientes do salão;Vendas salão (dinheiro, PIX e débito);Salão;Receita bruta;Salão;Recebimentos do salão;Dinheiro, PIX e débito;1728,28;2026-08;2026-08
1861;18/08/2026;18/09/2026;;A receber;Vendas do salão em 18/08/26: cartão de crédito;Operadora da maquininha;Vendas salão (cartão de crédito);Salão;Receita bruta;Salão;Recebimentos do salão;Cartão de crédito;1994,26;2026-08;
1862;18/08/2026;10/09/2026;;A receber;Pedidos do iFood em 18/08/26;iFood;Vendas iFood;Delivery;Receita bruta;Delivery (iFood);Repasses do iFood;Repasse do iFood;1983,62;2026-08;
1863;18/08/2026;18/09/2026;;A pagar;Compra de laticínios: NF 49845;Laticínios Vale Serrano;Laticínios;Geral;Custos variáveis;CMV (insumos);Fornecedores (insumos e embalagens);Boleto;-4126,82;2026-08;
1864;18/08/2026;18/09/2026;;A pagar;Compra de hortifrúti: NF 28533;Hortifrúti Bom Plantio;Hortifrúti;Geral;Custos variáveis;CMV (insumos);Fornecedores (insumos e embalagens);Boleto;-697,98;2026-08;
1865;18/08/2026;18/09/2026;;A pagar;Taxa da maquininha sobre as vendas de 18/08/26;Operadora da maquininha;Taxas da maquininha (3%);Salão;Custos variáveis;Taxas de cartão;Recebimentos do salão;Descontada no repasse do cartão;-111,68;2026-08;
1866;19/08/2026;19/08/2026;19/08/2026;Recebido;Vendas do salão em 19/08/26: dinheiro, PIX e débito;Clientes do salão;Vendas salão (dinheiro, PIX e débito);Salão;Receita bruta;Salão;Recebimentos do salão;Dinheiro, PIX e débito;1849,62;2026-08;2026-08
1867;19/08/2026;19/09/2026;;A receber;Vendas do salão em 19/08/26: cartão de crédito;Operadora da maquininha;Vendas salão (cartão de crédito);Salão;Receita bruta;Salão;Recebimentos do salão;Cartão de crédito;2173,70;2026-08;
1868;19/08/2026;10/09/2026;;A receber;Pedidos do iFood em 19/08/26;iFood;Vendas iFood;Delivery;Receita bruta;Delivery (iFood);Repasses do iFood;Repasse do iFood;1748,28;2026-08;
1869;19/08/2026;19/09/2026;;A pagar;Compra de carnes e aves: NF 26845;Frigorífico Serra Nobre;Carnes e aves;Geral;Custos variáveis;CMV (insumos);Fornecedores (insumos e embalagens);Boleto;-3174,87;2026-08;
1870;19/08/2026;19/09/2026;;A pagar;Compra de bebidas: NF 35891;Adega & Cia Bebidas;Bebidas;Geral;Custos variáveis;CMV (insumos);Fornecedores (insumos e embalagens);Boleto;-6697,95;2026-08;
1871;19/08/2026;19/09/2026;;A pagar;Compra de embalagens de delivery: NF 11999;Pack Mais Embalagens;Embalagens de delivery;Delivery;Custos variáveis;Embalagens do delivery;Fornecedores (insumos e embalagens);Boleto;-1529,63;2026-08;
1872;19/08/2026;19/09/2026;;A pagar;Taxa da maquininha sobre as vendas de 19/08/26;Operadora da maquininha;Taxas da maquininha (3%);Salão;Custos variáveis;Taxas de cartão;Recebimentos do salão;Descontada no repasse do cartão;-120,70;2026-08;
1873;20/08/2026;20/08/2026;20/08/2026;Recebido;Vendas do salão em 20/08/26: dinheiro, PIX e débito;Clientes do salão;Vendas salão (dinheiro, PIX e débito);Salão;Receita bruta;Salão;Recebimentos do salão;Dinheiro, PIX e débito;1555,33;2026-08;2026-08
1874;20/08/2026;20/09/2026;;A receber;Vendas do salão em 20/08/26: cartão de crédito;Operadora da maquininha;Vendas salão (cartão de crédito);Salão;Receita bruta;Salão;Recebimentos do salão;Cartão de crédito;2787,36;2026-08;
1875;20/08/2026;10/09/2026;;A receber;Pedidos do iFood em 20/08/26;iFood;Vendas iFood;Delivery;Receita bruta;Delivery (iFood);Repasses do iFood;Repasse do iFood;2225,34;2026-08;
1876;20/08/2026;20/09/2026;;A pagar;Compra de hortifrúti: NF 28592;Hortifrúti Bom Plantio;Hortifrúti;Geral;Custos variáveis;CMV (insumos);Fornecedores (insumos e embalagens);Boleto;-623,65;2026-08;
1877;20/08/2026;20/09/2026;;A pagar;Compra de mercearia: NF 24672;Empório Grão Fino;Mercearia (massas, grãos e secos);Geral;Custos variáveis;CMV (insumos);Fornecedores (insumos e embalagens);Boleto;-7844,51;2026-08;
1878;20/08/2026;20/09/2026;;A pagar;Taxa da maquininha sobre as vendas de 20/08/26;Operadora da maquininha;Taxas da maquininha (3%);Salão;Custos variáveis;Taxas de cartão;Recebimentos do salão;Descontada no repasse do cartão;-130,28;2026-08;
1879;20/08/2026;20/08/2026;20/08/2026;Pago;Gás de cozinha (GLP), ago/26;Gás Chama Azul;Gás;Geral;Despesas fixas;Energia, gás e água;Energia, gás e água;Boleto;-2575,71;2026-08;2026-08
1880;20/08/2026;20/08/2026;20/08/2026;Pago;Controle de pragas (contrato), ago/26;Dedetizadora Sem Praga;Controle de pragas;Geral;Despesas fixas;Contabilidade, sistemas e outros;Contabilidade, manutenção e outros;PIX;-150,00;2026-08;2026-08
1881;21/08/2026;21/08/2026;21/08/2026;Recebido;Vendas do salão em 21/08/26: dinheiro, PIX e débito;Clientes do salão;Vendas salão (dinheiro, PIX e débito);Salão;Receita bruta;Salão;Recebimentos do salão;Dinheiro, PIX e débito;2367,95;2026-08;2026-08
1882;21/08/2026;21/09/2026;;A receber;Vendas do salão em 21/08/26: cartão de crédito;Operadora da maquininha;Vendas salão (cartão de crédito);Salão;Receita bruta;Salão;Recebimentos do salão;Cartão de crédito;3922,09;2026-08;
1883;21/08/2026;10/09/2026;;A receber;Pedidos do iFood em 21/08/26;iFood;Vendas iFood;Delivery;Receita bruta;Delivery (iFood);Repasses do iFood;Repasse do iFood;2532,37;2026-08;
1884;21/08/2026;21/09/2026;;A pagar;Compra de laticínios: NF 49852;Laticínios Vale Serrano;Laticínios;Geral;Custos variáveis;CMV (insumos);Fornecedores (insumos e embalagens);Boleto;-3566,22;2026-08;
1885;21/08/2026;21/09/2026;;A pagar;Taxa da maquininha sobre as vendas de 21/08/26;Operadora da maquininha;Taxas da maquininha (3%);Salão;Custos variáveis;Taxas de cartão;Recebimentos do salão;Descontada no repasse do cartão;-188,70;2026-08;
1886;22/08/2026;22/08/2026;22/08/2026;Recebido;Vendas do salão em 22/08/26: dinheiro, PIX e débito;Clientes do salão;Vendas salão (dinheiro, PIX e débito);Salão;Receita bruta;Salão;Recebimentos do salão;Dinheiro, PIX e débito;2734,27;2026-08;2026-08
1887;22/08/2026;22/09/2026;;A receber;Vendas do salão em 22/08/26: cartão de crédito;Operadora da maquininha;Vendas salão (cartão de crédito);Salão;Receita bruta;Salão;Recebimentos do salão;Cartão de crédito;4641,31;2026-08;
1888;22/08/2026;10/09/2026;;A receber;Pedidos do iFood em 22/08/26;iFood;Vendas iFood;Delivery;Receita bruta;Delivery (iFood);Repasses do iFood;Repasse do iFood;2694,20;2026-08;
1889;22/08/2026;22/09/2026;;A pagar;Compra de hortifrúti: NF 28637;Hortifrúti Bom Plantio;Hortifrúti;Geral;Custos variáveis;CMV (insumos);Fornecedores (insumos e embalagens);Boleto;-539,30;2026-08;
1890;22/08/2026;22/09/2026;;A pagar;Taxa da maquininha sobre as vendas de 22/08/26;Operadora da maquininha;Taxas da maquininha (3%);Salão;Custos variáveis;Taxas de cartão;Recebimentos do salão;Descontada no repasse do cartão;-221,27;2026-08;
1891;23/08/2026;23/08/2026;23/08/2026;Recebido;Vendas do salão em 23/08/26: dinheiro, PIX e débito;Clientes do salão;Vendas salão (dinheiro, PIX e débito);Salão;Receita bruta;Salão;Recebimentos do salão;Dinheiro, PIX e débito;2879,96;2026-08;2026-08
1892;23/08/2026;23/09/2026;;A receber;Vendas do salão em 23/08/26: cartão de crédito;Operadora da maquininha;Vendas salão (cartão de crédito);Salão;Receita bruta;Salão;Recebimentos do salão;Cartão de crédito;4983,89;2026-08;
1893;23/08/2026;10/09/2026;;A receber;Pedidos do iFood em 23/08/26;iFood;Vendas iFood;Delivery;Receita bruta;Delivery (iFood);Repasses do iFood;Repasse do iFood;2684,33;2026-08;
1894;23/08/2026;23/09/2026;;A pagar;Taxa da maquininha sobre as vendas de 23/08/26;Operadora da maquininha;Taxas da maquininha (3%);Salão;Custos variáveis;Taxas de cartão;Recebimentos do salão;Descontada no repasse do cartão;-235,92;2026-08;
1895;25/08/2026;25/08/2026;25/08/2026;Recebido;Vendas do salão em 25/08/26: dinheiro, PIX e débito;Clientes do salão;Vendas salão (dinheiro, PIX e débito);Salão;Receita bruta;Salão;Recebimentos do salão;Dinheiro, PIX e débito;1857,59;2026-08;2026-08
1896;25/08/2026;25/09/2026;;A receber;Vendas do salão em 25/08/26: cartão de crédito;Operadora da maquininha;Vendas salão (cartão de crédito);Salão;Receita bruta;Salão;Recebimentos do salão;Cartão de crédito;2179,66;2026-08;
1897;25/08/2026;10/09/2026;;A receber;Pedidos do iFood em 25/08/26;iFood;Vendas iFood;Delivery;Receita bruta;Delivery (iFood);Repasses do iFood;Repasse do iFood;1635,26;2026-08;
1898;25/08/2026;25/09/2026;;A pagar;Compra de laticínios: NF 49932;Laticínios Vale Serrano;Laticínios;Geral;Custos variáveis;CMV (insumos);Fornecedores (insumos e embalagens);Boleto;-3715,86;2026-08;
1899;25/08/2026;25/09/2026;;A pagar;Compra de hortifrúti: NF 28649;Hortifrúti Bom Plantio;Hortifrúti;Geral;Custos variáveis;CMV (insumos);Fornecedores (insumos e embalagens);Boleto;-552,85;2026-08;
1900;25/08/2026;25/09/2026;;A pagar;Taxa da maquininha sobre as vendas de 25/08/26;Operadora da maquininha;Taxas da maquininha (3%);Salão;Custos variáveis;Taxas de cartão;Recebimentos do salão;Descontada no repasse do cartão;-121,12;2026-08;
1901;25/08/2026;25/08/2026;25/08/2026;Pago;Lavanderia de toalhas e uniformes, ago/26;Lavanderia Branco Neve;Lavanderia;Geral;Despesas fixas;Contabilidade, sistemas e outros;Contabilidade, manutenção e outros;PIX;-420,00;2026-08;2026-08
1902;26/08/2026;26/08/2026;26/08/2026;Recebido;Vendas do salão em 26/08/26: dinheiro, PIX e débito;Clientes do salão;Vendas salão (dinheiro, PIX e débito);Salão;Receita bruta;Salão;Recebimentos do salão;Dinheiro, PIX e débito;2092,41;2026-08;2026-08
1903;26/08/2026;26/09/2026;;A receber;Vendas do salão em 26/08/26: cartão de crédito;Operadora da maquininha;Vendas salão (cartão de crédito);Salão;Receita bruta;Salão;Recebimentos do salão;Cartão de crédito;2657,28;2026-08;
1904;26/08/2026;10/09/2026;;A receber;Pedidos do iFood em 26/08/26;iFood;Vendas iFood;Delivery;Receita bruta;Delivery (iFood);Repasses do iFood;Repasse do iFood;2079,96;2026-08;
1905;26/08/2026;26/09/2026;;A pagar;Compra de carnes e aves: NF 26869;Frigorífico Serra Nobre;Carnes e aves;Geral;Custos variáveis;CMV (insumos);Fornecedores (insumos e embalagens);Boleto;-3128,18;2026-08;
1906;26/08/2026;26/09/2026;;A pagar;Taxa da maquininha sobre as vendas de 26/08/26;Operadora da maquininha;Taxas da maquininha (3%);Salão;Custos variáveis;Taxas de cartão;Recebimentos do salão;Descontada no repasse do cartão;-142,49;2026-08;
1907;27/08/2026;27/08/2026;27/08/2026;Recebido;Vendas do salão em 27/08/26: dinheiro, PIX e débito;Clientes do salão;Vendas salão (dinheiro, PIX e débito);Salão;Receita bruta;Salão;Recebimentos do salão;Dinheiro, PIX e débito;1706,23;2026-08;2026-08
1908;27/08/2026;27/09/2026;;A receber;Vendas do salão em 27/08/26: cartão de crédito;Operadora da maquininha;Vendas salão (cartão de crédito);Salão;Receita bruta;Salão;Recebimentos do salão;Cartão de crédito;2564,52;2026-08;
1909;27/08/2026;10/09/2026;;A receber;Pedidos do iFood em 27/08/26;iFood;Vendas iFood;Delivery;Receita bruta;Delivery (iFood);Repasses do iFood;Repasse do iFood;1931,23;2026-08;
1910;27/08/2026;27/09/2026;;A pagar;Compra de hortifrúti: NF 28677;Hortifrúti Bom Plantio;Hortifrúti;Geral;Custos variáveis;CMV (insumos);Fornecedores (insumos e embalagens);Boleto;-692,95;2026-08;
1911;27/08/2026;27/09/2026;;A pagar;Taxa da maquininha sobre as vendas de 27/08/26;Operadora da maquininha;Taxas da maquininha (3%);Salão;Custos variáveis;Taxas de cartão;Recebimentos do salão;Descontada no repasse do cartão;-128,12;2026-08;
1912;28/08/2026;28/08/2026;28/08/2026;Recebido;Vendas do salão em 28/08/26: dinheiro, PIX e débito;Clientes do salão;Vendas salão (dinheiro, PIX e débito);Salão;Receita bruta;Salão;Recebimentos do salão;Dinheiro, PIX e débito;2568,68;2026-08;2026-08
1913;28/08/2026;28/09/2026;;A receber;Vendas do salão em 28/08/26: cartão de crédito;Operadora da maquininha;Vendas salão (cartão de crédito);Salão;Receita bruta;Salão;Recebimentos do salão;Cartão de crédito;4716,64;2026-08;
1914;28/08/2026;10/09/2026;;A receber;Pedidos do iFood em 28/08/26;iFood;Vendas iFood;Delivery;Receita bruta;Delivery (iFood);Repasses do iFood;Repasse do iFood;2636,39;2026-08;
1915;28/08/2026;28/09/2026;;A pagar;Compra de laticínios: NF 49953;Laticínios Vale Serrano;Laticínios;Geral;Custos variáveis;CMV (insumos);Fornecedores (insumos e embalagens);Boleto;-3235,51;2026-08;
1916;28/08/2026;28/09/2026;;A pagar;Taxa da maquininha sobre as vendas de 28/08/26;Operadora da maquininha;Taxas da maquininha (3%);Salão;Custos variáveis;Taxas de cartão;Recebimentos do salão;Descontada no repasse do cartão;-218,56;2026-08;
1917;29/08/2026;29/08/2026;29/08/2026;Recebido;Vendas do salão em 29/08/26: dinheiro, PIX e débito;Clientes do salão;Vendas salão (dinheiro, PIX e débito);Salão;Receita bruta;Salão;Recebimentos do salão;Dinheiro, PIX e débito;3827,31;2026-08;2026-08
1918;29/08/2026;29/09/2026;;A receber;Vendas do salão em 29/08/26: cartão de crédito;Operadora da maquininha;Vendas salão (cartão de crédito);Salão;Receita bruta;Salão;Recebimentos do salão;Cartão de crédito;4802,16;2026-08;
1919;29/08/2026;10/09/2026;;A receber;Pedidos do iFood em 29/08/26;iFood;Vendas iFood;Delivery;Receita bruta;Delivery (iFood);Repasses do iFood;Repasse do iFood;2796,22;2026-08;
1920;29/08/2026;29/09/2026;;A pagar;Compra de hortifrúti: NF 28685;Hortifrúti Bom Plantio;Hortifrúti;Geral;Custos variáveis;CMV (insumos);Fornecedores (insumos e embalagens);Boleto;-452,99;2026-08;
1921;29/08/2026;29/09/2026;;A pagar;Taxa da maquininha sobre as vendas de 29/08/26;Operadora da maquininha;Taxas da maquininha (3%);Salão;Custos variáveis;Taxas de cartão;Recebimentos do salão;Descontada no repasse do cartão;-258,88;2026-08;
1922;30/08/2026;30/08/2026;30/08/2026;Recebido;Vendas do salão em 30/08/26: dinheiro, PIX e débito;Clientes do salão;Vendas salão (dinheiro, PIX e débito);Salão;Receita bruta;Salão;Recebimentos do salão;Dinheiro, PIX e débito;2654,63;2026-08;2026-08
1923;30/08/2026;30/09/2026;;A receber;Vendas do salão em 30/08/26: cartão de crédito;Operadora da maquininha;Vendas salão (cartão de crédito);Salão;Receita bruta;Salão;Recebimentos do salão;Cartão de crédito;4959,80;2026-08;
1924;30/08/2026;10/09/2026;;A receber;Pedidos do iFood em 30/08/26;iFood;Vendas iFood;Delivery;Receita bruta;Delivery (iFood);Repasses do iFood;Repasse do iFood;2743,02;2026-08;
1925;30/08/2026;30/09/2026;;A pagar;Taxa da maquininha sobre as vendas de 30/08/26;Operadora da maquininha;Taxas da maquininha (3%);Salão;Custos variáveis;Taxas de cartão;Recebimentos do salão;Descontada no repasse do cartão;-228,43;2026-08;
1926;31/08/2026;20/09/2026;;A pagar;DAS do Simples Nacional, competência ago/26;Receita Federal;Simples Nacional;Geral;Custos variáveis;Simples Nacional;Simples Nacional;Guia DAS;-18000,00;2026-08;
1927;31/08/2026;10/09/2026;;A pagar;Comissão do iFood (23%) sobre os pedidos de ago/26;iFood;Comissão iFood (23%);Delivery;Custos variáveis;Comissão e taxas iFood;Repasses do iFood;Descontada no repasse do iFood;-14490,00;2026-08;
1928;31/08/2026;10/09/2026;;A pagar;Pagamento online do iFood (3,2%) sobre os pedidos de ago/26;iFood;Pagamento online iFood (3,2%);Delivery;Custos variáveis;Comissão e taxas iFood;Repasses do iFood;Descontada no repasse do iFood;-2016,00;2026-08;
1929;31/08/2026;08/09/2026;;A pagar;Salários da cozinha, folha de ago/26;Funcionários da cozinha;Salários da cozinha;Geral;Despesas fixas;Folha e encargos;Folha e encargos;Transferência bancária;-18530,00;2026-08;
1930;31/08/2026;08/09/2026;;A pagar;Salários do salão e da administração, folha de ago/26;Funcionários do salão e da administração;Salários do salão e administração;Geral;Despesas fixas;Folha e encargos;Folha e encargos;Transferência bancária;-21420,00;2026-08;
1931;31/08/2026;20/09/2026;;A pagar;INSS e IRRF retidos dos funcionários, folha de ago/26;Receita Federal;INSS e IRRF retidos;Geral;Despesas fixas;Folha e encargos;Folha e encargos;Guia DCTFWeb;-3890,00;2026-08;
1932;31/08/2026;20/09/2026;;A pagar;FGTS, folha de ago/26;FGTS (Caixa);FGTS;Geral;Despesas fixas;Folha e encargos;Folha e encargos;Guia FGTS Digital;-3507,20;2026-08;
1933;31/08/2026;08/09/2026;;A pagar;Vale-transporte, folha de ago/26;Operadora de vale-transporte;Vale-transporte;Geral;Despesas fixas;Folha e encargos;Folha e encargos;Boleto;-2652,80;2026-08;
1934;31/08/2026;31/08/2026;31/08/2026;Pago;Pró-labore de Júlia, ago/26;Júlia;Pró-labore;Geral;Despesas fixas;Pró-labore;Pró-labore;PIX;-8000,00;2026-08;2026-08
1935;31/08/2026;31/08/2026;31/08/2026;Pago;Pró-labore de Marco, ago/26;Marco;Pró-labore;Geral;Despesas fixas;Pró-labore;Pró-labore;PIX;-8000,00;2026-08;2026-08
1936;31/08/2026;;;Sem efeito no caixa;Depreciação da reforma do salão (R$ 150 mil em 10 anos), ago/26;;Depreciação da reforma;Geral;Depreciação e juros;Depreciação da reforma;Fora do caixa;;-1250,00;2026-08;
